datetime,power_demand
2023-07-13 18:35:00,5564.02
2023-07-13 19:35:00,5564.02
2023-07-13 20:35:00,5564.02
2023-07-13 21:35:00,5564.02
2023-07-13 22:35:00,5564.02
2023-07-13 23:35:00,5564.02
2023-07-14 00:35:00,5257.2
2023-07-14 01:35:00,4927.99
2023-07-14 02:35:00,4685.19
2023-07-14 03:35:00,4427.05
2023-07-14 04:35:00,4275.67
2023-07-14 05:35:00,4144.15
2023-07-14 06:35:00,4149.05
2023-07-14 07:35:00,4230.35
2023-07-14 08:35:00,4436.69
2023-07-14 09:35:00,4913.3
2023-07-14 10:35:00,5398.7
2023-07-14 11:35:00,5533.17
2023-07-14 12:35:00,5582.25
2023-07-14 13:35:00,5582.25
2023-07-14 14:35:00,5810.88
2023-07-14 15:35:00,5784.35
2023-07-14 16:35:00,5716.21
2023-07-14 17:35:00,5522.98
2023-07-14 18:35:00,5277.15
2023-07-14 19:35:00,5343.02
2023-07-14 20:35:00,5392.1
2023-07-14 21:35:00,5502.9
2023-07-14 22:35:00,5720.36
2023-07-14 23:35:00,5713.81
2023-07-15 00:35:00,5394.43
2023-07-15 01:35:00,5056.56
2023-07-15 02:35:00,4814.58
2023-07-15 03:35:00,4576.47
2023-07-15 04:35:00,4377.07
2023-07-15 05:35:00,4236.95
2023-07-15 06:35:00,4127.43
2023-07-15 07:35:00,4113.35
2023-07-15 08:35:00,4177.13
2023-07-15 09:35:00,4570.65
2023-07-15 10:35:00,4983.15
2023-07-15 11:35:00,5234.54
2023-07-15 12:35:00,5213.08
2023-07-15 13:35:00,5244.23
2023-07-15 14:35:00,5450.62
2023-07-15 15:35:00,5449.1
2023-07-15 16:35:00,5471.3
2023-07-15 17:35:00,5195.51
2023-07-15 18:35:00,4827.18
2023-07-15 19:35:00,4743.95
2023-07-15 20:35:00,4808.05
2023-07-15 21:35:00,4995.46
2023-07-15 22:35:00,5253.02
2023-07-15 23:35:00,5307.16
2023-07-16 00:35:00,5013.44
2023-07-16 01:35:00,4771.81
2023-07-16 02:35:00,4537.39
2023-07-16 03:35:00,4340.46
2023-07-16 04:35:00,4190.9
2023-07-16 05:35:00,4042.31
2023-07-16 06:35:00,3928.22
2023-07-16 07:35:00,3938.74
2023-07-16 08:35:00,3900.92
2023-07-16 09:35:00,4145.84
2023-07-16 10:35:00,4348.61
2023-07-16 11:35:00,4622.51
2023-07-16 12:35:00,4790.07
2023-07-16 13:35:00,4830.17
2023-07-16 14:35:00,5132.61
2023-07-16 15:35:00,5201.17
2023-07-16 16:35:00,5081.77
2023-07-16 17:35:00,4841.98
2023-07-16 18:35:00,4756.86
2023-07-16 19:35:00,4849.65
2023-07-16 20:35:00,5126.67
2023-07-16 21:35:00,5402.56
2023-07-16 22:35:00,5701.17
2023-07-16 23:35:00,5732.39
2023-07-17 00:35:00,5399.93
2023-07-17 01:35:00,5117.88
2023-07-17 02:35:00,4865.12
2023-07-17 03:35:00,4632.61
2023-07-17 04:35:00,4425.56
2023-07-17 05:35:00,4310.16
2023-07-17 06:35:00,4331.51
2023-07-17 07:35:00,4338.74
2023-07-17 08:35:00,4493.56
2023-07-17 09:35:00,4973.8
2023-07-17 10:35:00,5434.42
2023-07-17 11:35:00,5565.94
2023-07-17 12:35:00,5583.44
2023-07-17 13:35:00,5535.51
2023-07-17 14:35:00,5923.44
2023-07-17 15:35:00,6004.98
2023-07-17 16:35:00,5859.14
2023-07-17 17:35:00,5702.4
2023-07-17 18:35:00,5505.19
2023-07-17 19:35:00,5518.56
2023-07-17 20:35:00,5702.63
2023-07-17 21:35:00,5906.58
2023-07-17 22:35:00,6150.02
2023-07-17 23:35:00,6030.8
2023-07-18 00:35:00,5668.29
2023-07-18 01:35:00,5320.65
2023-07-18 02:35:00,5029.49
2023-07-18 03:35:00,4817.39
2023-07-18 04:35:00,4663.13
2023-07-18 05:35:00,4491.06
2023-07-18 06:35:00,4482.62
2023-07-18 07:35:00,4489.42
2023-07-18 08:35:00,4606.52
2023-07-18 09:35:00,5078.19
2023-07-18 10:35:00,5517.98
2023-07-18 11:35:00,5651.89
2023-07-18 12:35:00,5775.82
2023-07-18 13:35:00,5656.11
2023-07-18 14:35:00,5634.91
2023-07-18 15:35:00,5698.92
2023-07-18 16:35:00,5677.67
2023-07-18 17:35:00,5547.96
2023-07-18 18:35:00,5341.9
2023-07-18 19:35:00,5312.63
2023-07-18 20:35:00,5325.46
2023-07-18 21:35:00,5469.02
2023-07-18 22:35:00,5781.26
2023-07-18 23:35:00,5608.395
2023-07-19 00:35:00,5435.53
2023-07-19 01:35:00,5112.74
2023-07-19 02:35:00,4839.51
2023-07-19 03:35:00,4621.72
2023-07-19 04:35:00,4455.62
2023-07-19 05:35:00,4368.57
2023-07-19 06:35:00,4381.41
2023-07-19 07:35:00,4407.46
2023-07-19 08:35:00,4503.94
2023-07-19 09:35:00,5080.08
2023-07-19 10:35:00,5510.23
2023-07-19 11:35:00,5690.32
2023-07-19 12:35:00,5712.110769230769
2023-07-19 13:35:00,5733.901538461539
2023-07-19 14:35:00,5755.692307692308
2023-07-19 15:35:00,5777.483076923077
2023-07-19 16:35:00,5799.2738461538465
2023-07-19 17:35:00,5821.0646153846155
2023-07-19 18:35:00,5842.8553846153845
2023-07-19 19:35:00,5864.6461538461535
2023-07-19 20:35:00,5886.436923076923
2023-07-19 21:35:00,5908.227692307692
2023-07-19 22:35:00,5930.018461538461
2023-07-19 23:35:00,5951.809230769231
2023-07-20 00:35:00,5973.6
2023-07-20 01:35:00,5621.3
2023-07-20 02:35:00,5299.64
2023-07-20 03:35:00,5071.72
2023-07-20 04:35:00,4867.04
2023-07-20 05:35:00,4702.93
2023-07-20 06:35:00,4734.46
2023-07-20 07:35:00,4651.34
2023-07-20 08:35:00,4812.21
2023-07-20 09:35:00,5329.34
2023-07-20 10:35:00,5792.32
2023-07-20 11:35:00,5955.71
2023-07-20 12:35:00,5997.413846153846
2023-07-20 13:35:00,6039.117692307692
2023-07-20 14:35:00,6080.821538461539
2023-07-20 15:35:00,6122.525384615385
2023-07-20 16:35:00,6164.2292307692305
2023-07-20 17:35:00,6205.933076923076
2023-07-20 18:35:00,6247.636923076923
2023-07-20 19:35:00,6289.340769230769
2023-07-20 20:35:00,6331.044615384615
2023-07-20 21:35:00,6372.748461538461
2023-07-20 22:35:00,6414.452307692307
2023-07-20 23:35:00,6456.156153846154
2023-07-21 00:35:00,6497.86
2023-07-21 01:35:00,6123.54
2023-07-21 02:35:00,5837.24
2023-07-21 03:35:00,5593.87
2023-07-21 04:35:00,5348.05
2023-07-21 05:35:00,5111.97
2023-07-21 06:35:00,5016.67
2023-07-21 07:35:00,5008.48
2023-07-21 08:35:00,5253.38
2023-07-21 09:35:00,5742.93
2023-07-21 10:35:00,6250.74
2023-07-21 11:35:00,6406.32
2023-07-21 12:35:00,6378.84
2023-07-21 13:35:00,6646.96
2023-07-21 14:35:00,7239.57
2023-07-21 15:35:00,7315.57
2023-07-21 16:35:00,6990.37
2023-07-21 17:35:00,6603.02
2023-07-21 18:35:00,6265.4
2023-07-21 19:35:00,6339.88
2023-07-21 20:35:00,6525.76
2023-07-21 21:35:00,6802.51
2023-07-21 22:35:00,7108.65
2023-07-21 23:35:00,7048.03
2023-07-22 00:35:00,6703.5
2023-07-22 01:35:00,6294.92
2023-07-22 02:35:00,6016.64
2023-07-22 03:35:00,5732.35
2023-07-22 04:35:00,5461.9
2023-07-22 05:35:00,5197.53
2023-07-22 06:35:00,5052.53
2023-07-22 07:35:00,4930.91
2023-07-22 08:35:00,4950.33
2023-07-22 09:35:00,5368.67
2023-07-22 10:35:00,5680.53
2023-07-22 11:35:00,5960.77
2023-07-22 12:35:00,6115.26
2023-07-22 13:35:00,6263.68
2023-07-22 14:35:00,6626.0
2023-07-22 15:35:00,6749.62
2023-07-22 16:35:00,6452.02
2023-07-22 17:35:00,6212.36
2023-07-22 18:35:00,5872.26
2023-07-22 19:35:00,5771.79
2023-07-22 20:35:00,5993.02
2023-07-22 21:35:00,6222.02
2023-07-22 22:35:00,6600.21
2023-07-22 23:35:00,6658.57
2023-07-23 00:35:00,6326.67
2023-07-23 01:35:00,6019.36
2023-07-23 02:35:00,5720.47
2023-07-23 03:35:00,5415.39
2023-07-23 04:35:00,5213.03
2023-07-23 05:35:00,4962.67
2023-07-23 06:35:00,4740.01
2023-07-23 07:35:00,4602.98
2023-07-23 08:35:00,4553.47
2023-07-23 09:35:00,4803.15
2023-07-23 10:35:00,5132.76
2023-07-23 11:35:00,5470.21
2023-07-23 12:35:00,5746.04
2023-07-23 13:35:00,5818.62
2023-07-23 14:35:00,6159.0
2023-07-23 15:35:00,6181.49
2023-07-23 16:35:00,5997.03
2023-07-23 17:35:00,5674.28
2023-07-23 18:35:00,5446.03
2023-07-23 19:35:00,5522.86
2023-07-23 20:35:00,5856.73
2023-07-23 21:35:00,6339.5
2023-07-23 22:35:00,6689.92
2023-07-23 23:35:00,6741.61
2023-07-24 00:35:00,6394.99
2023-07-24 01:35:00,6105.82
2023-07-24 02:35:00,5821.97
2023-07-24 03:35:00,5514.75
2023-07-24 04:35:00,5276.74
2023-07-24 05:35:00,5033.39
2023-07-24 06:35:00,4938.34
2023-07-24 07:35:00,4873.9
2023-07-24 08:35:00,5048.59
2023-07-24 09:35:00,5527.88
2023-07-24 10:35:00,5962.49
2023-07-24 11:35:00,6137.85
2023-07-24 12:35:00,6288.83
2023-07-24 13:35:00,6343.2
2023-07-24 14:35:00,6945.18
2023-07-24 15:35:00,7111.94
2023-07-24 16:35:00,6897.08
2023-07-24 17:35:00,6525.34
2023-07-24 18:35:00,6129.07
2023-07-24 19:35:00,6097.87
2023-07-24 20:35:00,6279.03
2023-07-24 21:35:00,6588.04
2023-07-24 22:35:00,6928.55
2023-07-24 23:35:00,6776.8099999999995
2023-07-25 00:35:00,6625.07
2023-07-25 01:35:00,6298.04
2023-07-25 02:35:00,6016.73
2023-07-25 03:35:00,5756.61
2023-07-25 04:35:00,5387.19
2023-07-25 05:35:00,5137.62
2023-07-25 06:35:00,5017.0
2023-07-25 07:35:00,4933.07
2023-07-25 08:35:00,5140.94
2023-07-25 09:35:00,5586.72
2023-07-25 10:35:00,5963.83
2023-07-25 11:35:00,6187.99
2023-07-25 12:35:00,6319.45
2023-07-25 13:35:00,6468.22
2023-07-25 14:35:00,7030.89
2023-07-25 15:35:00,7150.52
2023-07-25 16:35:00,6774.8
2023-07-25 17:35:00,6337.58
2023-07-25 18:35:00,6074.99
2023-07-25 19:35:00,6216.76
2023-07-25 20:35:00,6412.38
2023-07-25 21:35:00,6688.58
2023-07-25 22:35:00,6961.01
2023-07-25 23:35:00,6678.860000000001
2023-07-26 00:35:00,6396.71
2023-07-26 01:35:00,5947.3
2023-07-26 02:35:00,5570.97
2023-07-26 03:35:00,5328.27
2023-07-26 04:35:00,5053.5
2023-07-26 05:35:00,4679.09
2023-07-26 06:35:00,4461.94
2023-07-26 07:35:00,4347.26
2023-07-26 08:35:00,4446.14
2023-07-26 09:35:00,4792.96
2023-07-26 10:35:00,5237.58
2023-07-26 11:35:00,5293.08
2023-07-26 12:35:00,5272.56
2023-07-26 13:35:00,5124.32
2023-07-26 14:35:00,5504.41
2023-07-26 15:35:00,5622.53
2023-07-26 16:35:00,5641.33
2023-07-26 17:35:00,5563.74
2023-07-26 18:35:00,5324.83
2023-07-26 19:35:00,5333.45
2023-07-26 20:35:00,5391.61
2023-07-26 21:35:00,5482.18
2023-07-26 22:35:00,5773.19
2023-07-26 23:35:00,5763.11
2023-07-27 00:35:00,5447.37
2023-07-27 01:35:00,5141.96
2023-07-27 02:35:00,4883.48
2023-07-27 03:35:00,4639.12
2023-07-27 04:35:00,4435.04
2023-07-27 05:35:00,4308.85
2023-07-27 06:35:00,4314.23
2023-07-27 07:35:00,4313.39
2023-07-27 08:35:00,4437.75
2023-07-27 09:35:00,4992.24
2023-07-27 10:35:00,5528.04
2023-07-27 11:35:00,5726.63
2023-07-27 12:35:00,5852.22
2023-07-27 13:35:00,5798.82
2023-07-27 14:35:00,6135.71
2023-07-27 15:35:00,6089.41
2023-07-27 16:35:00,5944.15
2023-07-27 17:35:00,5769.35
2023-07-27 18:35:00,5470.39
2023-07-27 19:35:00,5579.28
2023-07-27 20:35:00,5631.39
2023-07-27 21:35:00,5745.06
2023-07-27 22:35:00,6065.16
2023-07-27 23:35:00,5868.405
2023-07-28 00:35:00,5671.65
2023-07-28 01:35:00,5295.8
2023-07-28 02:35:00,4994.39
2023-07-28 03:35:00,4738.75
2023-07-28 04:35:00,4556.01
2023-07-28 05:35:00,4448.84
2023-07-28 06:35:00,4446.04
2023-07-28 07:35:00,4486.15
2023-07-28 08:35:00,4645.57
2023-07-28 09:35:00,5148.33
2023-07-28 10:35:00,5543.97
2023-07-28 11:35:00,5565.15
2023-07-28 12:35:00,5487.67
2023-07-28 13:35:00,5416.83
2023-07-28 14:35:00,5954.29
2023-07-28 15:35:00,6077.97
2023-07-28 16:35:00,5974.08
2023-07-28 17:35:00,5752.33
2023-07-28 18:35:00,5402.83
2023-07-28 19:35:00,5068.72
2023-07-28 20:35:00,4827.8
2023-07-28 21:35:00,4888.78
2023-07-28 22:35:00,5123.88
2023-07-28 23:35:00,5164.33
2023-07-29 00:35:00,4967.15
2023-07-29 01:35:00,4716.83
2023-07-29 02:35:00,4499.82
2023-07-29 03:35:00,4269.23
2023-07-29 04:35:00,4088.99
2023-07-29 05:35:00,4002.02
2023-07-29 06:35:00,3969.91
2023-07-29 07:35:00,3988.31
2023-07-29 08:35:00,4003.35
2023-07-29 09:35:00,4367.15
2023-07-29 10:35:00,4729.18
2023-07-29 11:35:00,4959.65
2023-07-29 12:35:00,5014.69
2023-07-29 13:35:00,4957.28
2023-07-29 14:35:00,5124.2
2023-07-29 15:35:00,5169.44
2023-07-29 16:35:00,5051.14
2023-07-29 17:35:00,4911.05
2023-07-29 18:35:00,4785.71
2023-07-29 19:35:00,4869.74
2023-07-29 20:35:00,4927.67
2023-07-29 21:35:00,5000.54
2023-07-29 22:35:00,5213.45
2023-07-29 23:35:00,5221.04
2023-07-30 00:35:00,4919.3
2023-07-30 01:35:00,4643.68
2023-07-30 02:35:00,4390.41
2023-07-30 03:35:00,4162.33
2023-07-30 04:35:00,4038.42
2023-07-30 05:35:00,3928.53
2023-07-30 06:35:00,3846.03
2023-07-30 07:35:00,3818.32
2023-07-30 08:35:00,3771.92
2023-07-30 09:35:00,4083.9
2023-07-30 10:35:00,4437.09
2023-07-30 11:35:00,4720.35
2023-07-30 12:35:00,4920.55
2023-07-30 13:35:00,4919.44
2023-07-30 14:35:00,5208.19
2023-07-30 15:35:00,5305.68
2023-07-30 16:35:00,5202.63
2023-07-30 17:35:00,5043.83
2023-07-30 18:35:00,4808.84
2023-07-30 19:35:00,4958.36
2023-07-30 20:35:00,5224.93
2023-07-30 21:35:00,5546.31
2023-07-30 22:35:00,5904.08
2023-07-30 23:35:00,5739.905
2023-07-31 00:35:00,5575.73
2023-07-31 01:35:00,5211.26
2023-07-31 02:35:00,4956.69
2023-07-31 03:35:00,4687.85
2023-07-31 04:35:00,4501.12
2023-07-31 05:35:00,4375.65
2023-07-31 06:35:00,4399.29
2023-07-31 07:35:00,4401.6
2023-07-31 08:35:00,4555.85
2023-07-31 09:35:00,5160.75
2023-07-31 10:35:00,5517.61
2023-07-31 11:35:00,5718.04
2023-07-31 12:35:00,5759.85
2023-07-31 13:35:00,5733.7
2023-07-31 14:35:00,6230.11
2023-07-31 15:35:00,6350.53
2023-07-31 16:35:00,6201.79
2023-07-31 17:35:00,5946.63
2023-07-31 18:35:00,5637.12
2023-07-31 19:35:00,5649.36
2023-07-31 20:35:00,5863.2
2023-07-31 21:35:00,6165.23
2023-07-31 22:35:00,6534.61
2023-07-31 23:35:00,6421.11
2023-08-01 00:35:00,2224.65
2023-08-01 01:35:00,1952.45
2023-08-01 02:35:00,1802.98
2023-08-01 03:35:00,1748.02
2023-08-01 04:35:00,1832.28
2023-08-01 05:35:00,2101.42
2023-08-01 06:35:00,2650.09
2023-08-01 07:35:00,3393.21
2023-08-01 08:35:00,4026.81
2023-08-01 09:35:00,4685.15
2023-08-01 10:35:00,5100.21
2023-08-01 11:35:00,5165.84
2023-08-01 12:35:00,4844.39
2023-08-01 13:35:00,4227.34
2023-08-01 14:35:00,3917.16
2023-08-01 15:35:00,3660.34
2023-08-01 16:35:00,3585.06
2023-08-01 17:35:00,3800.45
2023-08-01 18:35:00,4020.28
2023-08-01 19:35:00,3985.88
2023-08-01 20:35:00,3806.59
2023-08-01 21:35:00,3675.83
2023-08-01 22:35:00,3245.73
2023-08-01 23:35:00,2675.45
2023-08-02 00:35:00,1820.72
2023-08-02 01:35:00,1650.22
2023-08-02 02:35:00,1581.9
2023-08-02 03:35:00,1561.33
2023-08-02 04:35:00,1679.02
2023-08-02 05:35:00,2211.19
2023-08-02 06:35:00,3269.26
2023-08-02 07:35:00,3740.93
2023-08-02 08:35:00,3890.84
2023-08-02 09:35:00,4073.35
2023-08-02 10:35:00,4016.15
2023-08-02 11:35:00,3854.66
2023-08-02 12:35:00,3537.71
2023-08-02 13:35:00,3190.64
2023-08-02 14:35:00,3241.4
2023-08-02 15:35:00,3097.35
2023-08-02 16:35:00,3116.22
2023-08-02 17:35:00,3283.21
2023-08-02 18:35:00,3416.29
2023-08-02 19:35:00,3295.11
2023-08-02 20:35:00,3029.49
2023-08-02 21:35:00,2786.39
2023-08-02 22:35:00,2419.34
2023-08-02 23:35:00,2089.51
2023-08-03 00:35:00,1882.92
2023-08-03 01:35:00,1767.57
2023-08-03 02:35:00,1727.46
2023-08-03 03:35:00,1696.21
2023-08-03 04:35:00,1755.44
2023-08-03 05:35:00,1961.49
2023-08-03 06:35:00,2165.57
2023-08-03 07:35:00,2336.14
2023-08-03 08:35:00,2261.79
2023-08-03 09:35:00,2102.68
2023-08-03 10:35:00,2017.12
2023-08-03 11:35:00,2027.91
2023-08-03 12:35:00,2232.12
2023-08-03 13:35:00,2408.88
2023-08-03 14:35:00,2385.06
2023-08-03 15:35:00,2218.52
2023-08-03 16:35:00,2208.5
2023-08-03 17:35:00,2248.02
2023-08-03 18:35:00,2402.75
2023-08-03 19:35:00,2426.43
2023-08-03 20:35:00,2326.69
2023-08-03 21:35:00,2215.23
2023-08-03 22:35:00,2091.42
2023-08-03 23:35:00,1892.3
2023-08-04 00:35:00,2517.39
2023-08-04 01:35:00,2397.05
2023-08-04 02:35:00,2333.69
2023-08-04 03:35:00,2292.92
2023-08-04 04:35:00,2330.53
2023-08-04 05:35:00,2526.34
2023-08-04 06:35:00,2906.75
2023-08-04 07:35:00,3093.08
2023-08-04 08:35:00,3127.86
2023-08-04 09:35:00,3350.8
2023-08-04 10:35:00,3486.53
2023-08-04 11:35:00,3481.78
2023-08-04 12:35:00,3408.75
2023-08-04 13:35:00,3142.38
2023-08-04 14:35:00,3249.11
2023-08-04 15:35:00,3236.13
2023-08-04 16:35:00,3264.62
2023-08-04 17:35:00,3347.4
2023-08-04 18:35:00,3360.57
2023-08-04 19:35:00,3428.76
2023-08-04 20:35:00,3181.18
2023-08-04 21:35:00,2960.03
2023-08-04 22:35:00,2821.24
2023-08-04 23:35:00,2672.99
2023-08-05 00:35:00,3484.09
2023-08-05 01:35:00,3291.55
2023-08-05 02:35:00,3164.14
2023-08-05 03:35:00,3052.82
2023-08-05 04:35:00,2993.67
2023-08-05 05:35:00,3141.72
2023-08-05 06:35:00,3455.56
2023-08-05 07:35:00,3388.92
2023-08-05 08:35:00,3432.66
2023-08-05 09:35:00,3823.73
2023-08-05 10:35:00,4152.46
2023-08-05 11:35:00,4169.63
2023-08-05 12:35:00,4203.29
2023-08-05 13:35:00,4038.78
2023-08-05 14:35:00,4312.03
2023-08-05 15:35:00,4464.63
2023-08-05 16:35:00,4374.39
2023-08-05 17:35:00,4274.0
2023-08-05 18:35:00,4178.49
2023-08-05 19:35:00,4194.44
2023-08-05 20:35:00,4035.64
2023-08-05 21:35:00,3956.18
2023-08-05 22:35:00,4038.08
2023-08-05 23:35:00,4080.2
2023-08-06 00:35:00,5491.22
2023-08-06 01:35:00,5155.04
2023-08-06 02:35:00,4835.02
2023-08-06 03:35:00,4530.74
2023-08-06 04:35:00,4326.35
2023-08-06 05:35:00,4091.62
2023-08-06 06:35:00,3991.88
2023-08-06 07:35:00,4025.75
2023-08-06 08:35:00,4054.95
2023-08-06 09:35:00,4554.84
2023-08-06 10:35:00,5052.35
2023-08-06 11:35:00,5216.43
2023-08-06 12:35:00,5380.26
2023-08-06 13:35:00,5340.41
2023-08-06 14:35:00,5803.51
2023-08-06 15:35:00,5960.57
2023-08-06 16:35:00,5827.14
2023-08-06 17:35:00,5549.6
2023-08-06 18:35:00,5197.81
2023-08-06 19:35:00,5027.03
2023-08-06 20:35:00,4990.57
2023-08-06 21:35:00,5141.77
2023-08-06 22:35:00,5666.28
2023-08-06 23:35:00,5897.72
2023-08-07 00:35:00,5589.32
2023-08-07 01:35:00,5262.38
2023-08-07 02:35:00,4987.9
2023-08-07 03:35:00,4526.99
2023-08-07 04:35:00,4334.6
2023-08-07 05:35:00,4240.56
2023-08-07 06:35:00,4171.04
2023-08-07 07:35:00,4103.21
2023-08-07 08:35:00,4178.63
2023-08-07 09:35:00,4420.06
2023-08-07 10:35:00,4548.4
2023-08-07 11:35:00,4707.59
2023-08-07 12:35:00,4856.72
2023-08-07 13:35:00,4487.62
2023-08-07 14:35:00,4489.66
2023-08-07 15:35:00,4592.47
2023-08-07 16:35:00,4685.56
2023-08-07 17:35:00,4590.65
2023-08-07 18:35:00,4596.98
2023-08-07 19:35:00,4631.95
2023-08-07 20:35:00,4652.25
2023-08-07 21:35:00,4714.82
2023-08-07 22:35:00,4911.33
2023-08-07 23:35:00,4926.83
2023-08-08 00:35:00,5713.54
2023-08-08 01:35:00,5370.39
2023-08-08 02:35:00,5069.01
2023-08-08 03:35:00,4804.82
2023-08-08 04:35:00,4594.1
2023-08-08 05:35:00,4427.62
2023-08-08 06:35:00,4391.22
2023-08-08 07:35:00,4346.82
2023-08-08 08:35:00,4421.16
2023-08-08 09:35:00,4905.45
2023-08-08 10:35:00,5278.48
2023-08-08 11:35:00,5444.63
2023-08-08 12:35:00,5620.83
2023-08-08 13:35:00,5622.51
2023-08-08 14:35:00,6171.57
2023-08-08 15:35:00,6324.48
2023-08-08 16:35:00,6126.67
2023-08-08 17:35:00,5864.03
2023-08-08 18:35:00,5582.56
2023-08-08 19:35:00,5568.74
2023-08-08 20:35:00,5623.1
2023-08-08 21:35:00,5849.2
2023-08-08 22:35:00,6169.21
2023-08-08 23:35:00,6019.655000000001
2023-08-09 00:35:00,5870.1
2023-08-09 01:35:00,5779.92
2023-08-09 02:35:00,5395.47
2023-08-09 03:35:00,5081.35
2023-08-09 04:35:00,4829.88
2023-08-09 05:35:00,4619.09
2023-08-09 06:35:00,4414.65
2023-08-09 07:35:00,4298.78
2023-08-09 08:35:00,4266.68
2023-08-09 09:35:00,4706.49
2023-08-09 10:35:00,5026.16
2023-08-09 11:35:00,5240.86
2023-08-09 12:35:00,5481.01
2023-08-09 13:35:00,5439.46
2023-08-09 14:35:00,5920.09
2023-08-09 15:35:00,6016.01
2023-08-09 16:35:00,5834.34
2023-08-09 17:35:00,5634.58
2023-08-09 18:35:00,5239.74
2023-08-09 19:35:00,5387.11
2023-08-09 20:35:00,5289.44
2023-08-09 21:35:00,5482.6
2023-08-09 22:35:00,5871.12
2023-08-09 23:35:00,5221.135
2023-08-10 00:35:00,4571.15
2023-08-10 01:35:00,4359.2
2023-08-10 02:35:00,4134.62
2023-08-10 03:35:00,3952.75
2023-08-10 04:35:00,3836.64
2023-08-10 05:35:00,3770.39
2023-08-10 06:35:00,3692.96
2023-08-10 07:35:00,3633.52
2023-08-10 08:35:00,3590.4
2023-08-10 09:35:00,3847.59
2023-08-10 10:35:00,4108.61
2023-08-10 11:35:00,4291.25
2023-08-10 12:35:00,4436.26
2023-08-10 13:35:00,4403.11
2023-08-10 14:35:00,4630.82
2023-08-10 15:35:00,4738.0
2023-08-10 16:35:00,4714.32
2023-08-10 17:35:00,4616.99
2023-08-10 18:35:00,4806.29
2023-08-10 19:35:00,4863.24
2023-08-10 20:35:00,4865.31
2023-08-10 21:35:00,5012.95
2023-08-10 22:35:00,5193.77
2023-08-10 23:35:00,3821.1500000000005
2023-08-11 00:35:00,2448.53
2023-08-11 01:35:00,2297.49
2023-08-11 02:35:00,2228.02
2023-08-11 03:35:00,2192.39
2023-08-11 04:35:00,2268.77
2023-08-11 05:35:00,2535.19
2023-08-11 06:35:00,2994.72
2023-08-11 07:35:00,3373.76
2023-08-11 08:35:00,3503.89
2023-08-11 09:35:00,3812.19
2023-08-11 10:35:00,4016.32
2023-08-11 11:35:00,4010.33
2023-08-11 12:35:00,3958.95
2023-08-11 13:35:00,3663.08
2023-08-11 14:35:00,3713.78
2023-08-11 15:35:00,3707.55
2023-08-11 16:35:00,3723.59
2023-08-11 17:35:00,3858.69
2023-08-11 18:35:00,3908.18
2023-08-11 19:35:00,3722.96
2023-08-11 20:35:00,3344.97
2023-08-11 21:35:00,3100.22
2023-08-11 22:35:00,2908.15
2023-08-11 23:35:00,2420.93
2023-08-12 00:35:00,1933.71
2023-08-12 01:35:00,1783.52
2023-08-12 02:35:00,1697.7
2023-08-12 03:35:00,1658.02
2023-08-12 04:35:00,1773.52
2023-08-12 05:35:00,2265.66
2023-08-12 06:35:00,3170.31
2023-08-12 07:35:00,3587.59
2023-08-12 08:35:00,3680.03
2023-08-12 09:35:00,3938.67
2023-08-12 10:35:00,3997.7
2023-08-12 11:35:00,3879.08
2023-08-12 12:35:00,3741.92
2023-08-12 13:35:00,3323.61
2023-08-12 14:35:00,3306.07
2023-08-12 15:35:00,3224.69
2023-08-12 16:35:00,3236.38
2023-08-12 17:35:00,3528.25
2023-08-12 18:35:00,3547.47
2023-08-12 19:35:00,3339.38
2023-08-12 20:35:00,3023.94
2023-08-12 21:35:00,2669.89
2023-08-12 22:35:00,2439.75
2023-08-12 23:35:00,4173.865
2023-08-13 00:35:00,5907.98
2023-08-13 01:35:00,5554.08
2023-08-13 02:35:00,5267.31
2023-08-13 03:35:00,4996.2
2023-08-13 04:35:00,4764.41
2023-08-13 05:35:00,4533.56
2023-08-13 06:35:00,4329.1
2023-08-13 07:35:00,4158.07
2023-08-13 08:35:00,4075.62
2023-08-13 09:35:00,4336.62
2023-08-13 10:35:00,4657.42
2023-08-13 11:35:00,4936.83
2023-08-13 12:35:00,5213.36
2023-08-13 13:35:00,5242.68
2023-08-13 14:35:00,5557.15
2023-08-13 15:35:00,5334.14
2023-08-13 16:35:00,5356.53
2023-08-13 17:35:00,5091.94
2023-08-13 18:35:00,4951.68
2023-08-13 19:35:00,5183.86
2023-08-13 20:35:00,5383.44
2023-08-13 21:35:00,5597.81
2023-08-13 22:35:00,5975.64
2023-08-13 23:35:00,5868.055
2023-08-14 00:35:00,5760.47
2023-08-14 01:35:00,5450.26
2023-08-14 02:35:00,5133.65
2023-08-14 03:35:00,4882.63
2023-08-14 04:35:00,4674.32
2023-08-14 05:35:00,4509.91
2023-08-14 06:35:00,4438.07
2023-08-14 07:35:00,4341.9
2023-08-14 08:35:00,4476.86
2023-08-14 09:35:00,4944.41
2023-08-14 10:35:00,5403.3
2023-08-14 11:35:00,5576.63
2023-08-14 12:35:00,5647.34
2023-08-14 13:35:00,5608.27
2023-08-14 14:35:00,6001.99
2023-08-14 15:35:00,6143.23
2023-08-14 16:35:00,6004.57
2023-08-14 17:35:00,5696.67
2023-08-14 18:35:00,5308.76
2023-08-14 19:35:00,5377.24
2023-08-14 20:35:00,5508.64
2023-08-14 21:35:00,5669.81
2023-08-14 22:35:00,6046.35
2023-08-14 23:35:00,6095.94
2023-08-15 00:35:00,5819.64
2023-08-15 01:35:00,5485.03
2023-08-15 02:35:00,5204.41
2023-08-15 03:35:00,4955.82
2023-08-15 04:35:00,4738.5
2023-08-15 05:35:00,4564.33
2023-08-15 06:35:00,4356.07
2023-08-15 07:35:00,4198.59
2023-08-15 08:35:00,4002.76
2023-08-15 09:35:00,3905.15
2023-08-15 10:35:00,4002.62
2023-08-15 11:35:00,4200.03
2023-08-15 12:35:00,4314.15
2023-08-15 13:35:00,4299.33
2023-08-15 14:35:00,4313.76
2023-08-15 15:35:00,4305.57
2023-08-15 16:35:00,4280.24
2023-08-15 17:35:00,4278.21
2023-08-15 18:35:00,4175.8
2023-08-15 19:35:00,4588.29
2023-08-15 20:35:00,5182.11
2023-08-15 21:35:00,5462.23
2023-08-15 22:35:00,5795.48
2023-08-15 23:35:00,5782.54
2023-08-16 00:35:00,5463.57
2023-08-16 01:35:00,5178.3
2023-08-16 02:35:00,4910.2
2023-08-16 03:35:00,4685.82
2023-08-16 04:35:00,4509.37
2023-08-16 05:35:00,4361.39
2023-08-16 06:35:00,4354.85
2023-08-16 07:35:00,4341.21
2023-08-16 08:35:00,4533.53
2023-08-16 09:35:00,5247.73
2023-08-16 10:35:00,5730.53
2023-08-16 11:35:00,5912.6
2023-08-16 12:35:00,6012.48
2023-08-16 13:35:00,6013.11
2023-08-16 14:35:00,6539.24
2023-08-16 15:35:00,6678.37
2023-08-16 16:35:00,6388.7
2023-08-16 17:35:00,6151.53
2023-08-16 18:35:00,5845.72
2023-08-16 19:35:00,6035.46
2023-08-16 20:35:00,6072.96
2023-08-16 21:35:00,6298.74
2023-08-16 22:35:00,6734.48
2023-08-16 23:35:00,6654.23
2023-08-17 00:35:00,6238.05
2023-08-17 01:35:00,5776.72
2023-08-17 02:35:00,5447.88
2023-08-17 03:35:00,5200.93
2023-08-17 04:35:00,4975.66
2023-08-17 05:35:00,4761.53
2023-08-17 06:35:00,4700.28
2023-08-17 07:35:00,4607.55
2023-08-17 08:35:00,4631.18
2023-08-17 09:35:00,5134.97
2023-08-17 10:35:00,5575.59
2023-08-17 11:35:00,5802.0
2023-08-17 12:35:00,5931.49
2023-08-17 13:35:00,6014.18
2023-08-17 14:35:00,6646.72
2023-08-17 15:35:00,6633.852
2023-08-17 16:35:00,6620.984
2023-08-17 17:35:00,6608.116
2023-08-17 18:35:00,6595.2480000000005
2023-08-17 19:35:00,6582.38
2023-08-17 20:35:00,6569.512
2023-08-17 21:35:00,6556.644
2023-08-17 22:35:00,6543.776
2023-08-17 23:35:00,6530.908
2023-08-18 00:35:00,6518.04
2023-08-18 01:35:00,6111.65
2023-08-18 02:35:00,5756.72
2023-08-18 03:35:00,5408.18
2023-08-18 04:35:00,5166.59
2023-08-18 05:35:00,4901.26
2023-08-18 06:35:00,4825.56
2023-08-18 07:35:00,4636.03
2023-08-18 08:35:00,4735.2
2023-08-18 09:35:00,5330.5
2023-08-18 10:35:00,5757.19
2023-08-18 11:35:00,5787.15
2023-08-18 12:35:00,6076.22
2023-08-18 13:35:00,6205.54
2023-08-18 14:35:00,6932.75
2023-08-18 15:35:00,7110.54
2023-08-18 16:35:00,6833.29
2023-08-18 17:35:00,6547.81
2023-08-18 18:35:00,6162.9
2023-08-18 19:35:00,6278.12
2023-08-18 20:35:00,6396.11
2023-08-18 21:35:00,6695.61
2023-08-18 22:35:00,7097.5
2023-08-18 23:35:00,6888.87
2023-08-19 00:35:00,6680.24
2023-08-19 01:35:00,6330.33
2023-08-19 02:35:00,6032.76
2023-08-19 03:35:00,5743.29
2023-08-19 04:35:00,5239.36
2023-08-19 05:35:00,4806.64
2023-08-19 06:35:00,4546.09
2023-08-19 07:35:00,4520.45
2023-08-19 08:35:00,4613.34
2023-08-19 09:35:00,5037.7
2023-08-19 10:35:00,5450.45
2023-08-19 11:35:00,5606.08
2023-08-19 12:35:00,5750.79
2023-08-19 13:35:00,5892.53
2023-08-19 14:35:00,6307.4
2023-08-19 15:35:00,6415.97
2023-08-19 16:35:00,6205.71
2023-08-19 17:35:00,5963.24
2023-08-19 18:35:00,5759.63
2023-08-19 19:35:00,5960.58
2023-08-19 20:35:00,6082.81
2023-08-19 21:35:00,6247.48
2023-08-19 22:35:00,6559.15
2023-08-19 23:35:00,6515.68
2023-08-20 00:35:00,6192.66
2023-08-20 01:35:00,5886.37
2023-08-20 02:35:00,5584.47
2023-08-20 03:35:00,5330.83
2023-08-20 04:35:00,5120.22
2023-08-20 05:35:00,4934.22
2023-08-20 06:35:00,4719.91
2023-08-20 07:35:00,4554.06
2023-08-20 08:35:00,4501.67
2023-08-20 09:35:00,4763.8
2023-08-20 10:35:00,5060.31
2023-08-20 11:35:00,5340.54
2023-08-20 12:35:00,5528.25
2023-08-20 13:35:00,5330.71
2023-08-20 14:35:00,5980.18
2023-08-20 15:35:00,6046.85
2023-08-20 16:35:00,5894.98
2023-08-20 17:35:00,5631.65
2023-08-20 18:35:00,5306.5
2023-08-20 19:35:00,5831.7
2023-08-20 20:35:00,5923.59
2023-08-20 21:35:00,6267.31
2023-08-20 22:35:00,6695.59
2023-08-20 23:35:00,6551.92
2023-08-21 00:35:00,6408.25
2023-08-21 01:35:00,6031.93
2023-08-21 02:35:00,5749.8
2023-08-21 03:35:00,5470.44
2023-08-21 04:35:00,5249.48
2023-08-21 05:35:00,5037.71
2023-08-21 06:35:00,4950.99
2023-08-21 07:35:00,4911.09
2023-08-21 08:35:00,4977.72
2023-08-21 09:35:00,5583.02
2023-08-21 10:35:00,5872.16
2023-08-21 11:35:00,6198.45
2023-08-21 12:35:00,6334.15
2023-08-21 13:35:00,6389.32
2023-08-21 14:35:00,7026.96
2023-08-21 15:35:00,7233.81
2023-08-21 16:35:00,7054.15
2023-08-21 17:35:00,6664.51
2023-08-21 18:35:00,6328.79
2023-08-21 19:35:00,6531.33
2023-08-21 20:35:00,6667.26
2023-08-21 21:35:00,6862.12
2023-08-21 22:35:00,7171.68
2023-08-21 23:35:00,7082.86
2023-08-22 00:35:00,6726.31
2023-08-22 01:35:00,6344.68
2023-08-22 02:35:00,6082.11
2023-08-22 03:35:00,5740.82
2023-08-22 04:35:00,5502.12
2023-08-22 05:35:00,5301.58
2023-08-22 06:35:00,5169.6
2023-08-22 07:35:00,5031.57
2023-08-22 08:35:00,5060.62
2023-08-22 09:35:00,5594.71
2023-08-22 10:35:00,6146.23
2023-08-22 11:35:00,6319.58
2023-08-22 12:35:00,6482.92
2023-08-22 13:35:00,6556.42
2023-08-22 14:35:00,7225.6
2023-08-22 15:35:00,7107.1
2023-08-22 16:35:00,6896.77
2023-08-22 17:35:00,6595.76
2023-08-22 18:35:00,6313.33
2023-08-22 19:35:00,6267.35
2023-08-22 20:35:00,6121.56
2023-08-22 21:35:00,6120.06
2023-08-22 22:35:00,6456.78
2023-08-22 23:35:00,6440.4
2023-08-23 00:35:00,6091.03
2023-08-23 01:35:00,5739.67
2023-08-23 02:35:00,5418.9
2023-08-23 03:35:00,5195.54
2023-08-23 04:35:00,4991.18
2023-08-23 05:35:00,4847.77
2023-08-23 06:35:00,4777.56
2023-08-23 07:35:00,4759.82
2023-08-23 08:35:00,4799.81
2023-08-23 09:35:00,5054.47
2023-08-23 10:35:00,5434.68
2023-08-23 11:35:00,5578.77
2023-08-23 12:35:00,5544.08
2023-08-23 13:35:00,5391.27
2023-08-23 14:35:00,5654.34
2023-08-23 15:35:00,5671.24
2023-08-23 16:35:00,5517.9
2023-08-23 17:35:00,5354.01
2023-08-23 18:35:00,5278.58
2023-08-23 19:35:00,5338.31
2023-08-23 20:35:00,5254.95
2023-08-23 21:35:00,5387.16
2023-08-23 22:35:00,5629.4
2023-08-23 23:35:00,5461.68
2023-08-24 00:35:00,5293.96
2023-08-24 01:35:00,4973.81
2023-08-24 02:35:00,4729.78
2023-08-24 03:35:00,4503.5
2023-08-24 04:35:00,4317.5
2023-08-24 05:35:00,4210.08
2023-08-24 06:35:00,4233.74
2023-08-24 07:35:00,4216.23
2023-08-24 08:35:00,4289.29
2023-08-24 09:35:00,4752.94
2023-08-24 10:35:00,5161.43
2023-08-24 11:35:00,5348.68
2023-08-24 12:35:00,5365.88
2023-08-24 13:35:00,5299.38
2023-08-24 14:35:00,5723.83
2023-08-24 15:35:00,5825.46
2023-08-24 16:35:00,5764.85
2023-08-24 17:35:00,5574.89
2023-08-24 18:35:00,5376.78
2023-08-24 19:35:00,5440.55
2023-08-24 20:35:00,5385.26
2023-08-24 21:35:00,5457.42
2023-08-24 22:35:00,5705.4
2023-08-24 23:35:00,5707.12
2023-08-25 00:35:00,5379.29
2023-08-25 01:35:00,5022.11
2023-08-25 02:35:00,4763.85
2023-08-25 03:35:00,4459.75
2023-08-25 04:35:00,4325.64
2023-08-25 05:35:00,4214.19
2023-08-25 06:35:00,4270.0
2023-08-25 07:35:00,4191.05
2023-08-25 08:35:00,4362.62
2023-08-25 09:35:00,4874.38
2023-08-25 10:35:00,5314.7
2023-08-25 11:35:00,5475.76
2023-08-25 12:35:00,5625.09
2023-08-25 13:35:00,5428.27
2023-08-25 14:35:00,6059.97
2023-08-25 15:35:00,6143.53
2023-08-25 16:35:00,6019.17
2023-08-25 17:35:00,5826.45
2023-08-25 18:35:00,5574.76
2023-08-25 19:35:00,5549.98
2023-08-25 20:35:00,5506.17
2023-08-25 21:35:00,5603.82
2023-08-25 22:35:00,5880.43
2023-08-25 23:35:00,5896.57
2023-08-26 00:35:00,5587.02
2023-08-26 01:35:00,5270.72
2023-08-26 02:35:00,4915.4
2023-08-26 03:35:00,4651.29
2023-08-26 04:35:00,4448.54
2023-08-26 05:35:00,4300.84
2023-08-26 06:35:00,4224.92
2023-08-26 07:35:00,4165.44
2023-08-26 08:35:00,4182.37
2023-08-26 09:35:00,4531.25
2023-08-26 10:35:00,4921.01
2023-08-26 11:35:00,5177.54
2023-08-26 12:35:00,5262.77
2023-08-26 13:35:00,5301.98
2023-08-26 14:35:00,5688.23
2023-08-26 15:35:00,5791.28
2023-08-26 16:35:00,5701.77
2023-08-26 17:35:00,5509.84
2023-08-26 18:35:00,5296.07
2023-08-26 19:35:00,5391.62
2023-08-26 20:35:00,5438.04
2023-08-26 21:35:00,5559.78
2023-08-26 22:35:00,5854.78
2023-08-26 23:35:00,5760.325
2023-08-27 00:35:00,5665.87
2023-08-27 01:35:00,5269.04
2023-08-27 02:35:00,4995.36
2023-08-27 03:35:00,4727.76
2023-08-27 04:35:00,4513.76
2023-08-27 05:35:00,4324.89
2023-08-27 06:35:00,4169.2
2023-08-27 07:35:00,4037.55
2023-08-27 08:35:00,3986.88
2023-08-27 09:35:00,4239.78
2023-08-27 10:35:00,4495.8
2023-08-27 11:35:00,4776.12
2023-08-27 12:35:00,4951.7
2023-08-27 13:35:00,5053.85
2023-08-27 14:35:00,5379.97
2023-08-27 15:35:00,5469.29
2023-08-27 16:35:00,5329.16
2023-08-27 17:35:00,5158.31
2023-08-27 18:35:00,4971.02
2023-08-27 19:35:00,5129.17
2023-08-27 20:35:00,5210.65
2023-08-27 21:35:00,5399.87
2023-08-27 22:35:00,5732.1
2023-08-27 23:35:00,5639.96
2023-08-28 00:35:00,5547.82
2023-08-28 01:35:00,5208.37
2023-08-28 02:35:00,4949.85
2023-08-28 03:35:00,4687.79
2023-08-28 04:35:00,4505.7
2023-08-28 05:35:00,4355.8
2023-08-28 06:35:00,4347.91
2023-08-28 07:35:00,4264.42
2023-08-28 08:35:00,4397.64
2023-08-28 09:35:00,4881.86
2023-08-28 10:35:00,5293.56
2023-08-28 11:35:00,5388.27
2023-08-28 12:35:00,5590.25
2023-08-28 13:35:00,5631.56
2023-08-28 14:35:00,6095.39
2023-08-28 15:35:00,6305.32
2023-08-28 16:35:00,6149.71
2023-08-28 17:35:00,5863.76
2023-08-28 18:35:00,5601.38
2023-08-28 19:35:00,5672.07
2023-08-28 20:35:00,5794.58
2023-08-28 21:35:00,6005.14
2023-08-28 22:35:00,6360.37
2023-08-28 23:35:00,6204.975
2023-08-29 00:35:00,6049.58
2023-08-29 01:35:00,5682.88
2023-08-29 02:35:00,5340.48
2023-08-29 03:35:00,5034.18
2023-08-29 04:35:00,4758.82
2023-08-29 05:35:00,4543.33
2023-08-29 06:35:00,4487.56
2023-08-29 07:35:00,4384.04
2023-08-29 08:35:00,4471.33
2023-08-29 09:35:00,4951.79
2023-08-29 10:35:00,5374.86
2023-08-29 11:35:00,5549.53
2023-08-29 12:35:00,5691.76
2023-08-29 13:35:00,5711.46
2023-08-29 14:35:00,6255.62
2023-08-29 15:35:00,6382.46
2023-08-29 16:35:00,6253.89
2023-08-29 17:35:00,5943.77
2023-08-29 18:35:00,5674.72
2023-08-29 19:35:00,5693.53
2023-08-29 20:35:00,5685.11
2023-08-29 21:35:00,5879.51
2023-08-29 22:35:00,6339.6
2023-08-29 23:35:00,6248.26
2023-08-30 00:35:00,6156.92
2023-08-30 01:35:00,5801.77
2023-08-30 02:35:00,5513.7
2023-08-30 03:35:00,5262.43
2023-08-30 04:35:00,4988.26
2023-08-30 05:35:00,4804.59
2023-08-30 06:35:00,4642.75
2023-08-30 07:35:00,4560.29
2023-08-30 08:35:00,4550.25
2023-08-30 09:35:00,4850.36
2023-08-30 10:35:00,5351.32
2023-08-30 11:35:00,5552.02
2023-08-30 12:35:00,5582.38
2023-08-30 13:35:00,5606.8
2023-08-30 14:35:00,5906.14
2023-08-30 15:35:00,6042.53
2023-08-30 16:35:00,5894.03
2023-08-30 17:35:00,5576.1
2023-08-30 18:35:00,5280.13
2023-08-30 19:35:00,5388.69
2023-08-30 20:35:00,5424.68
2023-08-30 21:35:00,5600.41
2023-08-30 22:35:00,5926.66
2023-08-30 23:35:00,5925.78
2023-08-31 00:35:00,5924.9
2023-08-31 01:35:00,5611.89
2023-08-31 02:35:00,5327.55
2023-08-31 03:35:00,5048.05
2023-08-31 04:35:00,4824.19
2023-08-31 05:35:00,4677.1
2023-08-31 06:35:00,4592.79
2023-08-31 07:35:00,4494.31
2023-08-31 08:35:00,4578.07
2023-08-31 09:35:00,5004.51
2023-08-31 10:35:00,5402.34
2023-08-31 11:35:00,5616.93
2023-08-31 12:35:00,5817.66
2023-08-31 13:35:00,5827.64
2023-08-31 14:35:00,6154.87
2023-08-31 15:35:00,6181.47
2023-08-31 16:35:00,6024.89
2023-08-31 17:35:00,5671.46
2023-08-31 18:35:00,5344.99
2023-08-31 19:35:00,5485.14
2023-08-31 20:35:00,5712.21
2023-08-31 21:35:00,6046.23
2023-08-31 22:35:00,6433.95
2023-08-31 23:35:00,6434.49
2023-09-01 00:35:00,2176.2
2023-09-01 01:35:00,1903.19
2023-09-01 02:35:00,1770.42
2023-09-01 03:35:00,1733.42
2023-09-01 04:35:00,1829.73
2023-09-01 05:35:00,2198.38
2023-09-01 06:35:00,3083.0
2023-09-01 07:35:00,4054.6
2023-09-01 08:35:00,4676.48
2023-09-01 09:35:00,5190.2
2023-09-01 10:35:00,5359.64
2023-09-01 11:35:00,5298.56
2023-09-01 12:35:00,4975.58
2023-09-01 13:35:00,4394.54
2023-09-01 14:35:00,4357.12
2023-09-01 15:35:00,4180.88
2023-09-01 16:35:00,4064.33
2023-09-01 17:35:00,4314.53
2023-09-01 18:35:00,4416.45
2023-09-01 19:35:00,4312.06
2023-09-01 20:35:00,4062.38
2023-09-01 21:35:00,3813.46
2023-09-01 22:35:00,3421.29
2023-09-01 23:35:00,2771.68
2023-09-02 00:35:00,1806.06
2023-09-02 01:35:00,1645.66
2023-09-02 02:35:00,1576.71
2023-09-02 03:35:00,1582.01
2023-09-02 04:35:00,1669.33
2023-09-02 05:35:00,2168.42
2023-09-02 06:35:00,3201.66
2023-09-02 07:35:00,3701.46
2023-09-02 08:35:00,3781.94
2023-09-02 09:35:00,3893.27
2023-09-02 10:35:00,3902.92
2023-09-02 11:35:00,3695.84
2023-09-02 12:35:00,3556.83
2023-09-02 13:35:00,3155.61
2023-09-02 14:35:00,3189.3
2023-09-02 15:35:00,3108.81
2023-09-02 16:35:00,3109.4
2023-09-02 17:35:00,3291.48
2023-09-02 18:35:00,3437.65
2023-09-02 19:35:00,3353.53
2023-09-02 20:35:00,3008.26
2023-09-02 21:35:00,2725.37
2023-09-02 22:35:00,2363.83
2023-09-02 23:35:00,2020.35
2023-09-03 00:35:00,1719.39
2023-09-03 01:35:00,1627.57
2023-09-03 02:35:00,1580.66
2023-09-03 03:35:00,1582.67
2023-09-03 04:35:00,1675.1
2023-09-03 05:35:00,1984.9
2023-09-03 06:35:00,2502.94
2023-09-03 07:35:00,2849.56
2023-09-03 08:35:00,2940.89
2023-09-03 09:35:00,3108.2
2023-09-03 10:35:00,3146.94
2023-09-03 11:35:00,3146.6
2023-09-03 12:35:00,3017.94
2023-09-03 13:35:00,2833.44
2023-09-03 14:35:00,2842.5
2023-09-03 15:35:00,2785.62
2023-09-03 16:35:00,2821.72
2023-09-03 17:35:00,2915.81
2023-09-03 18:35:00,3024.91
2023-09-03 19:35:00,2994.08
2023-09-03 20:35:00,2818.39
2023-09-03 21:35:00,2645.84
2023-09-03 22:35:00,2491.66
2023-09-03 23:35:00,2498.835
2023-09-04 00:35:00,2506.01
2023-09-04 01:35:00,2385.61
2023-09-04 02:35:00,2293.01
2023-09-04 03:35:00,2274.36
2023-09-04 04:35:00,2312.99
2023-09-04 05:35:00,2464.27
2023-09-04 06:35:00,2768.53
2023-09-04 07:35:00,2904.35
2023-09-04 08:35:00,2988.39
2023-09-04 09:35:00,3201.64
2023-09-04 10:35:00,3358.55
2023-09-04 11:35:00,3400.73
2023-09-04 12:35:00,3336.54
2023-09-04 13:35:00,3089.51
2023-09-04 14:35:00,3153.14
2023-09-04 15:35:00,3137.27
2023-09-04 16:35:00,3180.89
2023-09-04 17:35:00,3215.32
2023-09-04 18:35:00,3247.61
2023-09-04 19:35:00,3319.84
2023-09-04 20:35:00,3202.5
2023-09-04 21:35:00,3006.43
2023-09-04 22:35:00,2873.76
2023-09-04 23:35:00,2743.75
2023-09-05 00:35:00,3877.51
2023-09-05 01:35:00,3654.97
2023-09-05 02:35:00,3468.5
2023-09-05 03:35:00,3295.94
2023-09-05 04:35:00,3211.55
2023-09-05 05:35:00,3295.77
2023-09-05 06:35:00,3564.06
2023-09-05 07:35:00,3471.08
2023-09-05 08:35:00,3503.83
2023-09-05 09:35:00,3923.83
2023-09-05 10:35:00,4215.29
2023-09-05 11:35:00,4254.24
2023-09-05 12:35:00,4303.58
2023-09-05 13:35:00,4126.68
2023-09-05 14:35:00,4392.98
2023-09-05 15:35:00,4502.92
2023-09-05 16:35:00,4412.43
2023-09-05 17:35:00,4324.19
2023-09-05 18:35:00,4160.98
2023-09-05 19:35:00,4148.6
2023-09-05 20:35:00,4026.47
2023-09-05 21:35:00,3949.94
2023-09-05 22:35:00,4092.66
2023-09-05 23:35:00,4120.63
2023-09-06 00:35:00,5715.55
2023-09-06 01:35:00,5419.15
2023-09-06 02:35:00,5288.19
2023-09-06 03:35:00,4790.07
2023-09-06 04:35:00,4562.62
2023-09-06 05:35:00,4317.09
2023-09-06 06:35:00,4207.98
2023-09-06 07:35:00,4219.85
2023-09-06 08:35:00,4307.46
2023-09-06 09:35:00,4886.7
2023-09-06 10:35:00,5397.61
2023-09-06 11:35:00,5581.19
2023-09-06 12:35:00,5817.47
2023-09-06 13:35:00,5802.92
2023-09-06 14:35:00,6257.61
2023-09-06 15:35:00,6470.06
2023-09-06 16:35:00,6240.64
2023-09-06 17:35:00,5838.27
2023-09-06 18:35:00,5422.38
2023-09-06 19:35:00,5227.73
2023-09-06 20:35:00,5149.19
2023-09-06 21:35:00,5340.57
2023-09-06 22:35:00,5773.94
2023-09-06 23:35:00,6027.5
2023-09-07 00:35:00,4702.06
2023-09-07 01:35:00,4456.89
2023-09-07 02:35:00,4241.6
2023-09-07 03:35:00,4038.78
2023-09-07 04:35:00,3919.03
2023-09-07 05:35:00,3803.87
2023-09-07 06:35:00,3745.81
2023-09-07 07:35:00,3750.56
2023-09-07 08:35:00,3697.24
2023-09-07 09:35:00,3881.76
2023-09-07 10:35:00,4064.27
2023-09-07 11:35:00,4398.56
2023-09-07 12:35:00,4623.53
2023-09-07 13:35:00,4483.59
2023-09-07 14:35:00,4321.04
2023-09-07 15:35:00,4107.94
2023-09-07 16:35:00,4150.51
2023-09-07 17:35:00,4136.94
2023-09-07 18:35:00,4197.64
2023-09-07 19:35:00,4297.29
2023-09-07 20:35:00,4284.45
2023-09-07 21:35:00,4372.72
2023-09-07 22:35:00,4525.56
2023-09-07 23:35:00,4554.16
2023-09-08 00:35:00,5814.14
2023-09-08 01:35:00,5386.59
2023-09-08 02:35:00,5097.83
2023-09-08 03:35:00,4824.59
2023-09-08 04:35:00,4626.05
2023-09-08 05:35:00,4440.34
2023-09-08 06:35:00,4442.71
2023-09-08 07:35:00,4351.36
2023-09-08 08:35:00,4470.5
2023-09-08 09:35:00,4952.5
2023-09-08 10:35:00,5417.56
2023-09-08 11:35:00,5566.24
2023-09-08 12:35:00,5682.48
2023-09-08 13:35:00,5691.14
2023-09-08 14:35:00,6202.53
2023-09-08 15:35:00,6180.92
2023-09-08 16:35:00,6145.13
2023-09-08 17:35:00,5919.81
2023-09-08 18:35:00,5614.39
2023-09-08 19:35:00,5619.98
2023-09-08 20:35:00,5674.27
2023-09-08 21:35:00,5846.58
2023-09-08 22:35:00,6121.42
2023-09-08 23:35:00,5939.35
2023-09-09 00:35:00,5757.28
2023-09-09 01:35:00,5458.07
2023-09-09 02:35:00,5162.08
2023-09-09 03:35:00,4663.5
2023-09-09 04:35:00,4466.38
2023-09-09 05:35:00,4363.58
2023-09-09 06:35:00,4196.89
2023-09-09 07:35:00,4074.42
2023-09-09 08:35:00,4039.33
2023-09-09 09:35:00,4250.46
2023-09-09 10:35:00,4587.15
2023-09-09 11:35:00,4787.76
2023-09-09 12:35:00,4907.38
2023-09-09 13:35:00,4802.88
2023-09-09 14:35:00,4973.64
2023-09-09 15:35:00,4981.99
2023-09-09 16:35:00,4845.26
2023-09-09 17:35:00,4633.99
2023-09-09 18:35:00,4575.89
2023-09-09 19:35:00,4639.9
2023-09-09 20:35:00,4504.03
2023-09-09 21:35:00,4461.15
2023-09-09 22:35:00,4544.94
2023-09-09 23:35:00,4745.1
2023-09-10 00:35:00,4945.26
2023-09-10 01:35:00,4653.25
2023-09-10 02:35:00,4410.78
2023-09-10 03:35:00,4209.4
2023-09-10 04:35:00,4055.95
2023-09-10 05:35:00,4021.81
2023-09-10 06:35:00,4140.39
2023-09-10 07:35:00,4023.36
2023-09-10 08:35:00,4035.2
2023-09-10 09:35:00,4523.46
2023-09-10 10:35:00,4894.15
2023-09-10 11:35:00,5047.74
2023-09-10 12:35:00,5152.7
2023-09-10 13:35:00,5033.43
2023-09-10 14:35:00,5414.57
2023-09-10 15:35:00,5534.48
2023-09-10 16:35:00,5366.69
2023-09-10 17:35:00,5269.51
2023-09-10 18:35:00,5200.28
2023-09-10 19:35:00,5142.47
2023-09-10 20:35:00,4995.15
2023-09-10 21:35:00,5046.34
2023-09-10 22:35:00,5355.8
2023-09-10 23:35:00,5327.37
2023-09-11 00:35:00,2465.31
2023-09-11 01:35:00,2315.94
2023-09-11 02:35:00,2230.92
2023-09-11 03:35:00,2194.34
2023-09-11 04:35:00,2268.51
2023-09-11 05:35:00,2521.64
2023-09-11 06:35:00,2888.72
2023-09-11 07:35:00,3334.38
2023-09-11 08:35:00,3498.87
2023-09-11 09:35:00,3704.36
2023-09-11 10:35:00,3950.85
2023-09-11 11:35:00,3978.03
2023-09-11 12:35:00,3932.62
2023-09-11 13:35:00,3652.28
2023-09-11 14:35:00,3706.13
2023-09-11 15:35:00,3683.62
2023-09-11 16:35:00,3726.77
2023-09-11 17:35:00,3902.75
2023-09-11 18:35:00,3957.09
2023-09-11 19:35:00,3712.06
2023-09-11 20:35:00,3308.41
2023-09-11 21:35:00,3074.5
2023-09-11 22:35:00,2935.89
2023-09-11 23:35:00,2726.85
2023-09-12 00:35:00,1922.91
2023-09-12 01:35:00,1788.14
2023-09-12 02:35:00,1700.8
2023-09-12 03:35:00,1656.36
2023-09-12 04:35:00,1764.5
2023-09-12 05:35:00,2058.53
2023-09-12 06:35:00,2676.07
2023-09-12 07:35:00,3200.64
2023-09-12 08:35:00,3487.67
2023-09-12 09:35:00,3704.6
2023-09-12 10:35:00,3818.94
2023-09-12 11:35:00,3734.2
2023-09-12 12:35:00,3550.85
2023-09-12 13:35:00,3149.19
2023-09-12 14:35:00,3085.82
2023-09-12 15:35:00,2932.38
2023-09-12 16:35:00,2987.86
2023-09-12 17:35:00,3265.38
2023-09-12 18:35:00,3326.67
2023-09-12 19:35:00,3178.45
2023-09-12 20:35:00,2866.79
2023-09-12 21:35:00,2587.51
2023-09-12 22:35:00,2333.28
2023-09-12 23:35:00,3792.415
2023-09-13 00:35:00,5251.55
2023-09-13 01:35:00,4914.48
2023-09-13 02:35:00,4635.19
2023-09-13 03:35:00,4407.45
2023-09-13 04:35:00,4218.92
2023-09-13 05:35:00,4171.74
2023-09-13 06:35:00,4208.05
2023-09-13 07:35:00,4224.89
2023-09-13 08:35:00,4373.1
2023-09-13 09:35:00,4929.89
2023-09-13 10:35:00,5348.47
2023-09-13 11:35:00,5440.19
2023-09-13 12:35:00,5661.07
2023-09-13 13:35:00,5623.68
2023-09-13 14:35:00,6082.62
2023-09-13 15:35:00,6170.17
2023-09-13 16:35:00,5990.61
2023-09-13 17:35:00,5820.3
2023-09-13 18:35:00,5664.96
2023-09-13 19:35:00,5777.93
2023-09-13 20:35:00,5708.88
2023-09-13 21:35:00,5885.66
2023-09-13 22:35:00,6141.05
2023-09-13 23:35:00,6129.3
2023-09-14 00:35:00,5785.84
2023-09-14 01:35:00,5434.55
2023-09-14 02:35:00,5120.3
2023-09-14 03:35:00,4868.82
2023-09-14 04:35:00,4687.76
2023-09-14 05:35:00,4579.72
2023-09-14 06:35:00,4579.04
2023-09-14 07:35:00,4566.66
2023-09-14 08:35:00,4691.43
2023-09-14 09:35:00,5260.98
2023-09-14 10:35:00,5727.98
2023-09-14 11:35:00,5982.21
2023-09-14 12:35:00,6093.78
2023-09-14 13:35:00,6103.61
2023-09-14 14:35:00,6587.43
2023-09-14 15:35:00,6644.74
2023-09-14 16:35:00,6477.46
2023-09-14 17:35:00,6242.47
2023-09-14 18:35:00,6082.81
2023-09-14 19:35:00,6164.91
2023-09-14 20:35:00,6087.14
2023-09-14 21:35:00,6338.37
2023-09-14 22:35:00,6657.68
2023-09-14 23:35:00,6635.71
2023-09-15 00:35:00,6254.23
2023-09-15 01:35:00,5852.97
2023-09-15 02:35:00,5544.11
2023-09-15 03:35:00,5275.19
2023-09-15 04:35:00,5050.18
2023-09-15 05:35:00,4927.06
2023-09-15 06:35:00,4888.54
2023-09-15 07:35:00,4315.89
2023-09-15 08:35:00,4279.8
2023-09-15 09:35:00,4716.69
2023-09-15 10:35:00,5195.12
2023-09-15 11:35:00,5355.15
2023-09-15 12:35:00,5494.56
2023-09-15 13:35:00,5425.01
2023-09-15 14:35:00,5882.58
2023-09-15 15:35:00,5963.08
2023-09-15 16:35:00,5913.42
2023-09-15 17:35:00,5790.19
2023-09-15 18:35:00,5677.8
2023-09-15 19:35:00,5739.93
2023-09-15 20:35:00,5666.38
2023-09-15 21:35:00,5665.11
2023-09-15 22:35:00,6070.25
2023-09-15 23:35:00,6034.65
2023-09-16 00:35:00,5728.7
2023-09-16 01:35:00,5400.29
2023-09-16 02:35:00,5103.79
2023-09-16 03:35:00,4835.26
2023-09-16 04:35:00,4613.5
2023-09-16 05:35:00,4526.5
2023-09-16 06:35:00,4478.3
2023-09-16 07:35:00,4389.11
2023-09-16 08:35:00,4468.67
2023-09-16 09:35:00,4768.63
2023-09-16 10:35:00,5178.37
2023-09-16 11:35:00,5424.96
2023-09-16 12:35:00,5275.72
2023-09-16 13:35:00,5233.11
2023-09-16 14:35:00,5632.06
2023-09-16 15:35:00,5492.76
2023-09-16 16:35:00,5175.4
2023-09-16 17:35:00,5090.34
2023-09-16 18:35:00,5084.77
2023-09-16 19:35:00,4984.29
2023-09-16 20:35:00,4759.61
2023-09-16 21:35:00,4715.84
2023-09-16 22:35:00,4916.94
2023-09-16 23:35:00,4984.8
2023-09-17 00:35:00,4809.29
2023-09-17 01:35:00,4570.25
2023-09-17 02:35:00,4364.94
2023-09-17 03:35:00,4175.43
2023-09-17 04:35:00,4048.74
2023-09-17 05:35:00,3989.03
2023-09-17 06:35:00,3927.79
2023-09-17 07:35:00,3889.08
2023-09-17 08:35:00,3898.11
2023-09-17 09:35:00,4090.36
2023-09-17 10:35:00,4361.21
2023-09-17 11:35:00,4543.93
2023-09-17 12:35:00,4578.23
2023-09-17 13:35:00,4577.15
2023-09-17 14:35:00,4837.72
2023-09-17 15:35:00,4805.06
2023-09-17 16:35:00,4672.03
2023-09-17 17:35:00,4625.0
2023-09-17 18:35:00,4661.52
2023-09-17 19:35:00,4761.4
2023-09-17 20:35:00,4770.74
2023-09-17 21:35:00,4860.98
2023-09-17 22:35:00,5110.17
2023-09-17 23:35:00,5127.02
2023-09-18 00:35:00,4846.21
2023-09-18 01:35:00,4523.04
2023-09-18 02:35:00,4235.1
2023-09-18 03:35:00,4008.93
2023-09-18 04:35:00,3852.17
2023-09-18 05:35:00,3882.55
2023-09-18 06:35:00,4026.9
2023-09-18 07:35:00,3984.52
2023-09-18 08:35:00,4076.7
2023-09-18 09:35:00,4633.96
2023-09-18 10:35:00,5018.29
2023-09-18 11:35:00,5104.84
2023-09-18 12:35:00,5205.66
2023-09-18 13:35:00,5180.26
2023-09-18 14:35:00,5421.4
2023-09-18 15:35:00,5468.97
2023-09-18 16:35:00,5364.83
2023-09-18 17:35:00,5288.16
2023-09-18 18:35:00,5188.84
2023-09-18 19:35:00,5272.74
2023-09-18 20:35:00,5136.73
2023-09-18 21:35:00,5164.46
2023-09-18 22:35:00,5440.44
2023-09-18 23:35:00,5479.22
2023-09-19 00:35:00,5198.54
2023-09-19 01:35:00,4905.69
2023-09-19 02:35:00,4611.1
2023-09-19 03:35:00,4390.58
2023-09-19 04:35:00,4227.55
2023-09-19 05:35:00,4220.72
2023-09-19 06:35:00,4246.29
2023-09-19 07:35:00,4271.75
2023-09-19 08:35:00,4421.87
2023-09-19 09:35:00,4904.8
2023-09-19 10:35:00,5326.49
2023-09-19 11:35:00,5367.63
2023-09-19 12:35:00,5562.39
2023-09-19 13:35:00,5454.95
2023-09-19 14:35:00,5828.08
2023-09-19 15:35:00,5930.95
2023-09-19 16:35:00,5860.51
2023-09-19 17:35:00,5636.05
2023-09-19 18:35:00,5556.17
2023-09-19 19:35:00,5534.81
2023-09-19 20:35:00,5470.54
2023-09-19 21:35:00,5657.02
2023-09-19 22:35:00,5932.16
2023-09-19 23:35:00,5976.07
2023-09-20 00:35:00,5611.24
2023-09-20 01:35:00,5276.4
2023-09-20 02:35:00,4994.82
2023-09-20 03:35:00,4742.22
2023-09-20 04:35:00,4547.39
2023-09-20 05:35:00,4494.51
2023-09-20 06:35:00,4487.29
2023-09-20 07:35:00,4448.31
2023-09-20 08:35:00,4546.08
2023-09-20 09:35:00,5079.98
2023-09-20 10:35:00,5486.06
2023-09-20 11:35:00,5581.25
2023-09-20 12:35:00,5814.94
2023-09-20 13:35:00,5772.17
2023-09-20 14:35:00,6109.67
2023-09-20 15:35:00,6194.23
2023-09-20 16:35:00,6093.31
2023-09-20 17:35:00,5872.45
2023-09-20 18:35:00,5735.05
2023-09-20 19:35:00,5709.21
2023-09-20 20:35:00,5750.78
2023-09-20 21:35:00,5923.46
2023-09-20 22:35:00,6294.39
2023-09-20 23:35:00,6310.99
2023-09-21 00:35:00,5953.45
2023-09-21 01:35:00,5594.62
2023-09-21 02:35:00,5316.37
2023-09-21 03:35:00,5007.81
2023-09-21 04:35:00,4809.61
2023-09-21 05:35:00,4691.46
2023-09-21 06:35:00,4631.96
2023-09-21 07:35:00,4620.65
2023-09-21 08:35:00,4724.66
2023-09-21 09:35:00,5271.84
2023-09-21 10:35:00,5716.52
2023-09-21 11:35:00,5966.61
2023-09-21 12:35:00,6160.31
2023-09-21 13:35:00,6135.02
2023-09-21 14:35:00,6516.11
2023-09-21 15:35:00,6617.8
2023-09-21 16:35:00,6388.28
2023-09-21 17:35:00,6077.46
2023-09-21 18:35:00,5800.94
2023-09-21 19:35:00,5779.85
2023-09-21 20:35:00,5751.57
2023-09-21 21:35:00,5915.62
2023-09-21 22:35:00,6292.41
2023-09-21 23:35:00,6119.915
2023-09-22 00:35:00,5947.42
2023-09-22 01:35:00,5569.1
2023-09-22 02:35:00,5280.5
2023-09-22 03:35:00,5034.55
2023-09-22 04:35:00,4809.74
2023-09-22 05:35:00,4704.03
2023-09-22 06:35:00,4664.63
2023-09-22 07:35:00,4577.54
2023-09-22 08:35:00,4732.51
2023-09-22 09:35:00,5285.27
2023-09-22 10:35:00,5696.21
2023-09-22 11:35:00,5859.27
2023-09-22 12:35:00,6074.05
2023-09-22 13:35:00,5962.42
2023-09-22 14:35:00,6394.67
2023-09-22 15:35:00,6435.98
2023-09-22 16:35:00,6288.62
2023-09-22 17:35:00,5943.58
2023-09-22 18:35:00,5936.68
2023-09-22 19:35:00,5921.22
2023-09-22 20:35:00,5890.0
2023-09-22 21:35:00,6033.96
2023-09-22 22:35:00,6418.76
2023-09-22 23:35:00,6441.86
2023-09-23 00:35:00,6133.39
2023-09-23 01:35:00,5759.79
2023-09-23 02:35:00,5463.17
2023-09-23 03:35:00,5155.47
2023-09-23 04:35:00,4956.75
2023-09-23 05:35:00,4827.27
2023-09-23 06:35:00,4630.56
2023-09-23 07:35:00,4589.09
2023-09-23 08:35:00,4550.09
2023-09-23 09:35:00,4926.01
2023-09-23 10:35:00,5359.84
2023-09-23 11:35:00,5685.67
2023-09-23 12:35:00,5468.85
2023-09-23 13:35:00,4757.9
2023-09-23 14:35:00,4977.3
2023-09-23 15:35:00,5127.65
2023-09-23 16:35:00,5139.7
2023-09-23 17:35:00,5109.17
2023-09-23 18:35:00,5185.69
2023-09-23 19:35:00,5166.13
2023-09-23 20:35:00,5083.65
2023-09-23 21:35:00,5115.61
2023-09-23 22:35:00,5400.12
2023-09-23 23:35:00,5440.57
2023-09-24 00:35:00,5207.61
2023-09-24 01:35:00,4938.95
2023-09-24 02:35:00,4668.62
2023-09-24 03:35:00,4446.43
2023-09-24 04:35:00,4299.5
2023-09-24 05:35:00,4174.19
2023-09-24 06:35:00,4041.9
2023-09-24 07:35:00,3993.12
2023-09-24 08:35:00,3971.37
2023-09-24 09:35:00,4266.53
2023-09-24 10:35:00,4597.82
2023-09-24 11:35:00,4793.63
2023-09-24 12:35:00,4898.86
2023-09-24 13:35:00,4820.19
2023-09-24 14:35:00,5024.06
2023-09-24 15:35:00,4877.23
2023-09-24 16:35:00,4624.42
2023-09-24 17:35:00,4541.99
2023-09-24 18:35:00,4644.42
2023-09-24 19:35:00,4707.23
2023-09-24 20:35:00,4475.46
2023-09-24 21:35:00,4851.87
2023-09-24 22:35:00,5119.97
2023-09-24 23:35:00,5181.83
2023-09-25 00:35:00,4936.26
2023-09-25 01:35:00,4657.79
2023-09-25 02:35:00,4431.56
2023-09-25 03:35:00,4179.96
2023-09-25 04:35:00,4052.75
2023-09-25 05:35:00,4023.31
2023-09-25 06:35:00,4083.53
2023-09-25 07:35:00,4105.94
2023-09-25 08:35:00,4228.64
2023-09-25 09:35:00,4725.94
2023-09-25 10:35:00,5093.32
2023-09-25 11:35:00,5238.5
2023-09-25 12:35:00,5338.35
2023-09-25 13:35:00,5148.08
2023-09-25 14:35:00,5561.84
2023-09-25 15:35:00,5654.33
2023-09-25 16:35:00,5532.27
2023-09-25 17:35:00,5268.47
2023-09-25 18:35:00,5311.46
2023-09-25 19:35:00,5313.56
2023-09-25 20:35:00,5192.86
2023-09-25 21:35:00,5290.13
2023-09-25 22:35:00,5569.41
2023-09-25 23:35:00,5575.9
2023-09-26 00:35:00,5276.1
2023-09-26 01:35:00,4973.87
2023-09-26 02:35:00,4670.0
2023-09-26 03:35:00,4460.99
2023-09-26 04:35:00,4283.78
2023-09-26 05:35:00,4219.77
2023-09-26 06:35:00,4267.88
2023-09-26 07:35:00,4235.0
2023-09-26 08:35:00,4339.07
2023-09-26 09:35:00,4822.44
2023-09-26 10:35:00,5221.81
2023-09-26 11:35:00,5385.46
2023-09-26 12:35:00,5385.45
2023-09-26 13:35:00,5366.54
2023-09-26 14:35:00,5626.02
2023-09-26 15:35:00,5721.06
2023-09-26 16:35:00,5630.62
2023-09-26 17:35:00,5596.66875
2023-09-26 18:35:00,5562.7175
2023-09-26 19:35:00,5528.76625
2023-09-26 20:35:00,5494.8150000000005
2023-09-26 21:35:00,5460.86375
2023-09-26 22:35:00,5426.9125
2023-09-26 23:35:00,5392.96125
2023-09-27 00:35:00,5359.01
2023-09-27 01:35:00,4993.88
2023-09-27 02:35:00,4717.0
2023-09-27 03:35:00,4510.52
2023-09-27 04:35:00,4332.25
2023-09-27 05:35:00,4256.34
2023-09-27 06:35:00,4281.84
2023-09-27 07:35:00,4237.59
2023-09-27 08:35:00,4304.9
2023-09-27 09:35:00,4827.83
2023-09-27 10:35:00,5164.07
2023-09-27 11:35:00,5223.35
2023-09-27 12:35:00,5346.06
2023-09-27 13:35:00,5277.7
2023-09-27 14:35:00,5593.4
2023-09-27 15:35:00,5671.36
2023-09-27 16:35:00,5560.07
2023-09-27 17:35:00,5330.53
2023-09-27 18:35:00,5306.33
2023-09-27 19:35:00,5183.35
2023-09-27 20:35:00,5002.89
2023-09-27 21:35:00,5051.0
2023-09-27 22:35:00,5332.12
2023-09-27 23:35:00,5226.25
2023-09-28 00:35:00,5120.38
2023-09-28 01:35:00,4807.09
2023-09-28 02:35:00,4552.95
2023-09-28 03:35:00,4298.42
2023-09-28 04:35:00,4131.92
2023-09-28 05:35:00,4031.19
2023-09-28 06:35:00,3940.75
2023-09-28 07:35:00,3907.97
2023-09-28 08:35:00,3952.2
2023-09-28 09:35:00,4351.48
2023-09-28 10:35:00,4720.65
2023-09-28 11:35:00,4843.63
2023-09-28 12:35:00,4933.12
2023-09-28 13:35:00,4812.7
2023-09-28 14:35:00,5066.12
2023-09-28 15:35:00,5181.86
2023-09-28 16:35:00,5081.63
2023-09-28 17:35:00,4948.8
2023-09-28 18:35:00,4981.72
2023-09-28 19:35:00,4923.44
2023-09-28 20:35:00,4771.72
2023-09-28 21:35:00,4786.28
2023-09-28 22:35:00,5080.47
2023-09-28 23:35:00,4996.700000000001
2023-09-29 00:35:00,4912.93
2023-09-29 01:35:00,4538.71
2023-09-29 02:35:00,4377.05
2023-09-29 03:35:00,4142.44
2023-09-29 04:35:00,3988.12
2023-09-29 05:35:00,3966.65
2023-09-29 06:35:00,4028.85
2023-09-29 07:35:00,4024.13
2023-09-29 08:35:00,4108.56
2023-09-29 09:35:00,4629.04
2023-09-29 10:35:00,4982.56
2023-09-29 11:35:00,5070.45
2023-09-29 12:35:00,5228.43
2023-09-29 13:35:00,5023.52
2023-09-29 14:35:00,5327.06
2023-09-29 15:35:00,5405.53
2023-09-29 16:35:00,5284.94
2023-09-29 17:35:00,5058.37
2023-09-29 18:35:00,5143.59
2023-09-29 19:35:00,4897.62
2023-09-29 20:35:00,4884.9
2023-09-29 21:35:00,4907.81
2023-09-29 22:35:00,5171.48
2023-09-29 23:35:00,5256.53
2023-09-30 00:35:00,4952.93
2023-09-30 01:35:00,4675.2
2023-09-30 02:35:00,4424.7
2023-09-30 03:35:00,4218.11
2023-09-30 04:35:00,4072.91
2023-09-30 05:35:00,4002.8
2023-09-30 06:35:00,3988.32
2023-09-30 07:35:00,3968.76
2023-09-30 08:35:00,3991.05
2023-09-30 09:35:00,4375.62
2023-09-30 10:35:00,4741.27
2023-09-30 11:35:00,4917.2
2023-09-30 12:35:00,4944.3
2023-09-30 13:35:00,4767.89
2023-09-30 14:35:00,4936.51
2023-09-30 15:35:00,4983.78
2023-09-30 16:35:00,4931.8
2023-09-30 17:35:00,4894.58
2023-09-30 18:35:00,4928.41
2023-09-30 19:35:00,4922.21
2023-09-30 20:35:00,4772.19
2023-09-30 21:35:00,4847.47
2023-09-30 22:35:00,5081.63
2023-09-30 23:35:00,3675.745
2023-10-01 00:35:00,2269.86
2023-10-01 01:35:00,1969.91
2023-10-01 02:35:00,1844.58
2023-10-01 03:35:00,1810.31
2023-10-01 04:35:00,1905.9
2023-10-01 05:35:00,2283.56
2023-10-01 06:35:00,3165.74
2023-10-01 07:35:00,4089.34
2023-10-01 08:35:00,4766.11
2023-10-01 09:35:00,5273.39
2023-10-01 10:35:00,5418.89
2023-10-01 11:35:00,5300.77
2023-10-01 12:35:00,4948.05
2023-10-01 13:35:00,4270.99
2023-10-01 14:35:00,4144.78
2023-10-01 15:35:00,3966.79
2023-10-01 16:35:00,3926.88
2023-10-01 17:35:00,4190.53
2023-10-01 18:35:00,4312.96
2023-10-01 19:35:00,4190.15
2023-10-01 20:35:00,4020.75
2023-10-01 21:35:00,3813.43
2023-10-01 22:35:00,3417.49
2023-10-01 23:35:00,2750.73
2023-10-02 00:35:00,1780.92
2023-10-02 01:35:00,1641.31
2023-10-02 02:35:00,1552.08
2023-10-02 03:35:00,1538.76
2023-10-02 04:35:00,1665.98
2023-10-02 05:35:00,2172.95
2023-10-02 06:35:00,3142.41
2023-10-02 07:35:00,3605.88
2023-10-02 08:35:00,3749.96
2023-10-02 09:35:00,3932.34
2023-10-02 10:35:00,3985.02
2023-10-02 11:35:00,3867.83
2023-10-02 12:35:00,3623.48
2023-10-02 13:35:00,3143.63
2023-10-02 14:35:00,3151.07
2023-10-02 15:35:00,3006.25
2023-10-02 16:35:00,3028.74
2023-10-02 17:35:00,3224.84
2023-10-02 18:35:00,3458.36
2023-10-02 19:35:00,3277.05
2023-10-02 20:35:00,2933.51
2023-10-02 21:35:00,2676.87
2023-10-02 22:35:00,2378.88
2023-10-02 23:35:00,2070.75
2023-10-03 00:35:00,2139.79
2023-10-03 01:35:00,2055.62
2023-10-03 02:35:00,2016.85
2023-10-03 03:35:00,2006.23
2023-10-03 04:35:00,2080.37
2023-10-03 05:35:00,2385.17
2023-10-03 06:35:00,2930.76
2023-10-03 07:35:00,3188.32
2023-10-03 08:35:00,3268.68
2023-10-03 09:35:00,3483.8
2023-10-03 10:35:00,3535.65
2023-10-03 11:35:00,3535.91
2023-10-03 12:35:00,3447.36
2023-10-03 13:35:00,3147.24
2023-10-03 14:35:00,3215.77
2023-10-03 15:35:00,3177.56
2023-10-03 16:35:00,3208.96
2023-10-03 17:35:00,3304.63
2023-10-03 18:35:00,3432.56
2023-10-03 19:35:00,3320.37
2023-10-03 20:35:00,3067.08
2023-10-03 21:35:00,2819.99
2023-10-03 22:35:00,2658.08
2023-10-03 23:35:00,2469.47
2023-10-04 00:35:00,2579.62
2023-10-04 01:35:00,2453.06
2023-10-04 02:35:00,2379.4
2023-10-04 03:35:00,2336.95
2023-10-04 04:35:00,2397.38
2023-10-04 05:35:00,2706.28
2023-10-04 06:35:00,3245.48
2023-10-04 07:35:00,3198.93
2023-10-04 08:35:00,3203.94
2023-10-04 09:35:00,3583.89
2023-10-04 10:35:00,3785.71
2023-10-04 11:35:00,3801.51
2023-10-04 12:35:00,3731.22
2023-10-04 13:35:00,3475.52
2023-10-04 14:35:00,3643.11
2023-10-04 15:35:00,3653.33
2023-10-04 16:35:00,3619.6
2023-10-04 17:35:00,3666.08
2023-10-04 18:35:00,3642.78
2023-10-04 19:35:00,3686.58
2023-10-04 20:35:00,3458.8
2023-10-04 21:35:00,3265.25
2023-10-04 22:35:00,3117.13
2023-10-04 23:35:00,2966.3
2023-10-05 00:35:00,3911.71
2023-10-05 01:35:00,3666.74
2023-10-05 02:35:00,3461.25
2023-10-05 03:35:00,3303.58
2023-10-05 04:35:00,3238.72
2023-10-05 05:35:00,3277.91
2023-10-05 06:35:00,3491.69
2023-10-05 07:35:00,3401.56
2023-10-05 08:35:00,3456.61
2023-10-05 09:35:00,3913.57
2023-10-05 10:35:00,4154.73
2023-10-05 11:35:00,4295.89
2023-10-05 12:35:00,4319.01
2023-10-05 13:35:00,4083.89
2023-10-05 14:35:00,4449.57
2023-10-05 15:35:00,4590.77
2023-10-05 16:35:00,4555.67
2023-10-05 17:35:00,4438.88
2023-10-05 18:35:00,4262.2
2023-10-05 19:35:00,4237.81
2023-10-05 20:35:00,4119.13
2023-10-05 21:35:00,4096.04
2023-10-05 22:35:00,4223.51
2023-10-05 23:35:00,4289.62
2023-10-06 00:35:00,5835.53
2023-10-06 01:35:00,5536.34
2023-10-06 02:35:00,5239.0
2023-10-06 03:35:00,4941.66
2023-10-06 04:35:00,4701.06
2023-10-06 05:35:00,4476.19
2023-10-06 06:35:00,4270.24
2023-10-06 07:35:00,4191.29
2023-10-06 08:35:00,4158.46
2023-10-06 09:35:00,4546.12
2023-10-06 10:35:00,5005.77
2023-10-06 11:35:00,5426.62
2023-10-06 12:35:00,5692.27
2023-10-06 13:35:00,5791.02
2023-10-06 14:35:00,6222.84
2023-10-06 15:35:00,6286.83
2023-10-06 16:35:00,6077.68
2023-10-06 17:35:00,5522.83
2023-10-06 18:35:00,5101.85
2023-10-06 19:35:00,4957.06
2023-10-06 20:35:00,5006.24
2023-10-06 21:35:00,5318.76
2023-10-06 22:35:00,5771.9
2023-10-06 23:35:00,6004.22
2023-10-07 00:35:00,4306.41
2023-10-07 01:35:00,4063.8
2023-10-07 02:35:00,3911.97
2023-10-07 03:35:00,3770.41
2023-10-07 04:35:00,3661.08
2023-10-07 05:35:00,3610.95
2023-10-07 06:35:00,3703.29
2023-10-07 07:35:00,3865.34
2023-10-07 08:35:00,4137.03
2023-10-07 09:35:00,4633.52
2023-10-07 10:35:00,5024.76
2023-10-07 11:35:00,5256.75
2023-10-07 12:35:00,5319.57
2023-10-07 13:35:00,5016.15
2023-10-07 14:35:00,5120.73
2023-10-07 15:35:00,5152.88
2023-10-07 16:35:00,4998.26
2023-10-07 17:35:00,4897.03
2023-10-07 18:35:00,4632.09
2023-10-07 19:35:00,4575.45
2023-10-07 20:35:00,4529.56
2023-10-07 21:35:00,4511.18
2023-10-07 22:35:00,4677.03
2023-10-07 23:35:00,4653.73
2023-10-08 00:35:00,5794.57
2023-10-08 01:35:00,5407.39
2023-10-08 02:35:00,5098.64
2023-10-08 03:35:00,4833.86
2023-10-08 04:35:00,4634.79
2023-10-08 05:35:00,4449.35
2023-10-08 06:35:00,4436.83
2023-10-08 07:35:00,4355.85
2023-10-08 08:35:00,4417.7
2023-10-08 09:35:00,4924.12
2023-10-08 10:35:00,5437.49
2023-10-08 11:35:00,5651.7
2023-10-08 12:35:00,5788.33
2023-10-08 13:35:00,5790.12
2023-10-08 14:35:00,6398.01
2023-10-08 15:35:00,6585.44
2023-10-08 16:35:00,6411.45
2023-10-08 17:35:00,6079.47
2023-10-08 18:35:00,5768.38
2023-10-08 19:35:00,5811.15
2023-10-08 20:35:00,5915.4
2023-10-08 21:35:00,5978.02
2023-10-08 22:35:00,6260.05
2023-10-08 23:35:00,5339.605
2023-10-09 00:35:00,4419.16
2023-10-09 01:35:00,4231.57
2023-10-09 02:35:00,4042.65
2023-10-09 03:35:00,3891.88
2023-10-09 04:35:00,3774.66
2023-10-09 05:35:00,3663.33
2023-10-09 06:35:00,3577.42
2023-10-09 07:35:00,3538.08
2023-10-09 08:35:00,3518.86
2023-10-09 09:35:00,3762.42
2023-10-09 10:35:00,3947.95
2023-10-09 11:35:00,4074.23
2023-10-09 12:35:00,4165.63
2023-10-09 13:35:00,4036.05
2023-10-09 14:35:00,4203.58
2023-10-09 15:35:00,4125.0
2023-10-09 16:35:00,4132.15
2023-10-09 17:35:00,3946.32
2023-10-09 18:35:00,4093.81
2023-10-09 19:35:00,4162.79
2023-10-09 20:35:00,4113.13
2023-10-09 21:35:00,4139.61
2023-10-09 22:35:00,4282.53
2023-10-09 23:35:00,4692.46
2023-10-10 00:35:00,5102.39
2023-10-10 01:35:00,4766.19
2023-10-10 02:35:00,4494.42
2023-10-10 03:35:00,4264.63
2023-10-10 04:35:00,4091.84
2023-10-10 05:35:00,4074.27
2023-10-10 06:35:00,4112.33
2023-10-10 07:35:00,4056.69
2023-10-10 08:35:00,4071.96
2023-10-10 09:35:00,4492.17
2023-10-10 10:35:00,4940.97
2023-10-10 11:35:00,4996.59
2023-10-10 12:35:00,5057.34
2023-10-10 13:35:00,5008.39
2023-10-10 14:35:00,5372.24
2023-10-10 15:35:00,5512.89
2023-10-10 16:35:00,5370.2
2023-10-10 17:35:00,5176.51
2023-10-10 18:35:00,5222.04
2023-10-10 19:35:00,4993.24
2023-10-10 20:35:00,4862.34
2023-10-10 21:35:00,4855.7
2023-10-10 22:35:00,5136.5
2023-10-10 23:35:00,5154.08
2023-10-11 00:35:00,2485.27
2023-10-11 01:35:00,2315.3
2023-10-11 02:35:00,2213.49
2023-10-11 03:35:00,2184.17
2023-10-11 04:35:00,2233.61
2023-10-11 05:35:00,2476.3
2023-10-11 06:35:00,2885.16
2023-10-11 07:35:00,3345.62
2023-10-11 08:35:00,3568.82
2023-10-11 09:35:00,3804.74
2023-10-11 10:35:00,3952.49
2023-10-11 11:35:00,4034.38
2023-10-11 12:35:00,4028.07
2023-10-11 13:35:00,3573.03
2023-10-11 14:35:00,3575.25
2023-10-11 15:35:00,3474.91
2023-10-11 16:35:00,3472.06
2023-10-11 17:35:00,3623.28
2023-10-11 18:35:00,3637.2
2023-10-11 19:35:00,3380.37
2023-10-11 20:35:00,3097.58
2023-10-11 21:35:00,2849.19
2023-10-11 22:35:00,2683.24
2023-10-11 23:35:00,2265.23
2023-10-12 00:35:00,1847.22
2023-10-12 01:35:00,1696.66
2023-10-12 02:35:00,1614.84
2023-10-12 03:35:00,1584.08
2023-10-12 04:35:00,1672.32
2023-10-12 05:35:00,1918.79
2023-10-12 06:35:00,2366.39
2023-10-12 07:35:00,2951.46
2023-10-12 08:35:00,3356.69
2023-10-12 09:35:00,3696.45
2023-10-12 10:35:00,3906.92
2023-10-12 11:35:00,3830.4
2023-10-12 12:35:00,3604.5
2023-10-12 13:35:00,3209.89
2023-10-12 14:35:00,3092.72
2023-10-12 15:35:00,2895.66
2023-10-12 16:35:00,2894.23
2023-10-12 17:35:00,3159.15
2023-10-12 18:35:00,3211.39
2023-10-12 19:35:00,3084.76
2023-10-12 20:35:00,2967.16
2023-10-12 21:35:00,2770.72
2023-10-12 22:35:00,2549.56
2023-10-12 23:35:00,3383.3599999999997
2023-10-13 00:35:00,4217.16
2023-10-13 01:35:00,3933.07
2023-10-13 02:35:00,3752.2
2023-10-13 03:35:00,3572.55
2023-10-13 04:35:00,3484.87
2023-10-13 05:35:00,3574.35
2023-10-13 06:35:00,3791.64
2023-10-13 07:35:00,3742.33
2023-10-13 08:35:00,3829.56
2023-10-13 09:35:00,4341.24
2023-10-13 10:35:00,4652.15
2023-10-13 11:35:00,4788.96
2023-10-13 12:35:00,4779.49
2023-10-13 13:35:00,4554.89
2023-10-13 14:35:00,4867.84
2023-10-13 15:35:00,5041.1
2023-10-13 16:35:00,4973.85
2023-10-13 17:35:00,4914.42
2023-10-13 18:35:00,4948.88
2023-10-13 19:35:00,4798.55
2023-10-13 20:35:00,4557.52
2023-10-13 21:35:00,4447.11
2023-10-13 22:35:00,4607.23
2023-10-13 23:35:00,4491.924999999999
2023-10-14 00:35:00,4376.62
2023-10-14 01:35:00,4107.13
2023-10-14 02:35:00,3910.94
2023-10-14 03:35:00,3734.81
2023-10-14 04:35:00,3630.29
2023-10-14 05:35:00,3690.53
2023-10-14 06:35:00,3762.88
2023-10-14 07:35:00,3789.71
2023-10-14 08:35:00,3795.08
2023-10-14 09:35:00,4076.11
2023-10-14 10:35:00,4423.45
2023-10-14 11:35:00,4555.24
2023-10-14 12:35:00,4616.11
2023-10-14 13:35:00,4473.98
2023-10-14 14:35:00,4659.66
2023-10-14 15:35:00,4679.13
2023-10-14 16:35:00,4625.33
2023-10-14 17:35:00,4632.61
2023-10-14 18:35:00,4755.65
2023-10-14 19:35:00,4632.71
2023-10-14 20:35:00,4394.21
2023-10-14 21:35:00,4381.5
2023-10-14 22:35:00,4515.16
2023-10-14 23:35:00,4448.795
2023-10-15 00:35:00,4382.43
2023-10-15 01:35:00,4122.23
2023-10-15 02:35:00,3915.22
2023-10-15 03:35:00,3740.32
2023-10-15 04:35:00,3643.31
2023-10-15 05:35:00,3622.28
2023-10-15 06:35:00,3617.49
2023-10-15 07:35:00,3638.39
2023-10-15 08:35:00,3599.18
2023-10-15 09:35:00,3737.34
2023-10-15 10:35:00,3906.84
2023-10-15 11:35:00,4000.83
2023-10-15 12:35:00,4039.24
2023-10-15 13:35:00,3882.57
2023-10-15 14:35:00,4091.82
2023-10-15 15:35:00,4135.97
2023-10-15 16:35:00,4105.58
2023-10-15 17:35:00,4200.87
2023-10-15 18:35:00,4334.76
2023-10-15 19:35:00,4317.11
2023-10-15 20:35:00,4178.82
2023-10-15 21:35:00,4218.09
2023-10-15 22:35:00,4348.4
2023-10-15 23:35:00,4249.8099999999995
2023-10-16 00:35:00,4151.22
2023-10-16 01:35:00,3886.83
2023-10-16 02:35:00,3683.79
2023-10-16 03:35:00,3530.19
2023-10-16 04:35:00,3442.2
2023-10-16 05:35:00,3539.64
2023-10-16 06:35:00,3826.61
2023-10-16 07:35:00,3738.24
2023-10-16 08:35:00,3843.58
2023-10-16 09:35:00,4257.11
2023-10-16 10:35:00,4414.81
2023-10-16 11:35:00,4443.99
2023-10-16 12:35:00,4507.44
2023-10-16 13:35:00,4154.85
2023-10-16 14:35:00,4311.67
2023-10-16 15:35:00,4366.89
2023-10-16 16:35:00,4267.55
2023-10-16 17:35:00,4296.42
2023-10-16 18:35:00,4315.74
2023-10-16 19:35:00,4008.35
2023-10-16 20:35:00,3677.02
2023-10-16 21:35:00,3471.93
2023-10-16 22:35:00,3359.1
2023-10-16 23:35:00,3069.31
2023-10-17 00:35:00,2949.06
2023-10-17 01:35:00,2846.25
2023-10-17 02:35:00,2749.25
2023-10-17 03:35:00,2662.56
2023-10-17 04:35:00,2695.81
2023-10-17 05:35:00,2912.18
2023-10-17 06:35:00,3394.42
2023-10-17 07:35:00,3395.76
2023-10-17 08:35:00,3437.57
2023-10-17 09:35:00,3709.01
2023-10-17 10:35:00,3914.54
2023-10-17 11:35:00,3952.08
2023-10-17 12:35:00,3846.52
2023-10-17 13:35:00,3620.09
2023-10-17 14:35:00,3768.85
2023-10-17 15:35:00,3809.71
2023-10-17 16:35:00,3803.01
2023-10-17 17:35:00,3919.55
2023-10-17 18:35:00,4062.28
2023-10-17 19:35:00,3839.49
2023-10-17 20:35:00,3498.49
2023-10-17 21:35:00,3226.15
2023-10-17 22:35:00,3047.14
2023-10-17 23:35:00,2882.57
2023-10-18 00:35:00,2693.16
2023-10-18 01:35:00,2564.06
2023-10-18 02:35:00,2468.87
2023-10-18 03:35:00,2408.13
2023-10-18 04:35:00,2464.73
2023-10-18 05:35:00,2747.11
2023-10-18 06:35:00,3319.84
2023-10-18 07:35:00,3338.33
2023-10-18 08:35:00,3389.16
2023-10-18 09:35:00,3693.24
2023-10-18 10:35:00,3869.43
2023-10-18 11:35:00,3895.28
2023-10-18 12:35:00,3872.72
2023-10-18 13:35:00,3640.31
2023-10-18 14:35:00,3845.18
2023-10-18 15:35:00,3881.16
2023-10-18 16:35:00,3908.12
2023-10-18 17:35:00,4039.11
2023-10-18 18:35:00,4082.25
2023-10-18 19:35:00,3906.41
2023-10-18 20:35:00,3524.26
2023-10-18 21:35:00,3224.14
2023-10-18 22:35:00,3094.36
2023-10-18 23:35:00,2896.25
2023-10-19 00:35:00,2698.14
2023-10-19 01:35:00,2572.19
2023-10-19 02:35:00,2451.89
2023-10-19 03:35:00,2378.45
2023-10-19 04:35:00,2437.71
2023-10-19 05:35:00,2728.1
2023-10-19 06:35:00,3277.17
2023-10-19 07:35:00,3283.3
2023-10-19 08:35:00,3322.74
2023-10-19 09:35:00,3655.16
2023-10-19 10:35:00,3870.49
2023-10-19 11:35:00,3876.29
2023-10-19 12:35:00,3820.02
2023-10-19 13:35:00,3569.09
2023-10-19 14:35:00,3787.82
2023-10-19 15:35:00,3804.96
2023-10-19 16:35:00,3853.68
2023-10-19 17:35:00,3967.44
2023-10-19 18:35:00,4077.0
2023-10-19 19:35:00,3800.82
2023-10-19 20:35:00,3497.06
2023-10-19 21:35:00,3220.92
2023-10-19 22:35:00,2992.53
2023-10-19 23:35:00,2818.755
2023-10-20 00:35:00,2644.98
2023-10-20 01:35:00,2510.29
2023-10-20 02:35:00,2424.72
2023-10-20 03:35:00,2379.46
2023-10-20 04:35:00,2421.4
2023-10-20 05:35:00,2717.61
2023-10-20 06:35:00,3205.38
2023-10-20 07:35:00,3342.07
2023-10-20 08:35:00,3427.03
2023-10-20 09:35:00,3736.42
2023-10-20 10:35:00,3987.31
2023-10-20 11:35:00,3998.12
2023-10-20 12:35:00,3947.3
2023-10-20 13:35:00,3657.94
2023-10-20 14:35:00,3826.46
2023-10-20 15:35:00,3868.4
2023-10-20 16:35:00,3833.5
2023-10-20 17:35:00,3953.94
2023-10-20 18:35:00,4122.59
2023-10-20 19:35:00,3789.34
2023-10-20 20:35:00,3471.65
2023-10-20 21:35:00,3212.65
2023-10-20 22:35:00,3035.3
2023-10-20 23:35:00,2835.53
2023-10-21 00:35:00,2664.29
2023-10-21 01:35:00,2509.68
2023-10-21 02:35:00,2423.84
2023-10-21 03:35:00,2360.53
2023-10-21 04:35:00,2410.47
2023-10-21 05:35:00,2631.55
2023-10-21 06:35:00,2963.9
2023-10-21 07:35:00,3205.43
2023-10-21 08:35:00,3241.36
2023-10-21 09:35:00,3548.2
2023-10-21 10:35:00,3721.83
2023-10-21 11:35:00,3745.78
2023-10-21 12:35:00,3686.35
2023-10-21 13:35:00,3404.35
2023-10-21 14:35:00,3543.98
2023-10-21 15:35:00,3505.08
2023-10-21 16:35:00,3533.03
2023-10-21 17:35:00,3733.92
2023-10-21 18:35:00,3827.62
2023-10-21 19:35:00,3610.27
2023-10-21 20:35:00,3319.06
2023-10-21 21:35:00,3030.27
2023-10-21 22:35:00,2847.44
2023-10-21 23:35:00,2695.075
2023-10-22 00:35:00,2542.71
2023-10-22 01:35:00,2379.9
2023-10-22 02:35:00,2321.4
2023-10-22 03:35:00,2277.05
2023-10-22 04:35:00,2352.02
2023-10-22 05:35:00,2615.76
2023-10-22 06:35:00,2958.92
2023-10-22 07:35:00,3178.54
2023-10-22 08:35:00,3184.08
2023-10-22 09:35:00,3380.48
2023-10-22 10:35:00,3450.95
2023-10-22 11:35:00,3458.22
2023-10-22 12:35:00,3429.9
2023-10-22 13:35:00,3176.05
2023-10-22 14:35:00,3280.32
2023-10-22 15:35:00,3273.15
2023-10-22 16:35:00,3239.09
2023-10-22 17:35:00,3432.39
2023-10-22 18:35:00,3623.48
2023-10-22 19:35:00,3457.88
2023-10-22 20:35:00,3178.95
2023-10-22 21:35:00,3013.38
2023-10-22 22:35:00,2836.21
2023-10-22 23:35:00,2679.29
2023-10-23 00:35:00,2522.37
2023-10-23 01:35:00,2394.94
2023-10-23 02:35:00,2331.95
2023-10-23 03:35:00,2298.95
2023-10-23 04:35:00,2394.54
2023-10-23 05:35:00,2686.7
2023-10-23 06:35:00,3044.87
2023-10-23 07:35:00,3289.43
2023-10-23 08:35:00,3334.21
2023-10-23 09:35:00,3623.35
2023-10-23 10:35:00,3795.19
2023-10-23 11:35:00,3824.15
2023-10-23 12:35:00,3801.89
2023-10-23 13:35:00,3553.32
2023-10-23 14:35:00,3656.87
2023-10-23 15:35:00,3714.96
2023-10-23 16:35:00,3697.93
2023-10-23 17:35:00,3856.36
2023-10-23 18:35:00,3925.51
2023-10-23 19:35:00,3706.41
2023-10-23 20:35:00,3356.74
2023-10-23 21:35:00,3077.5
2023-10-23 22:35:00,2958.55
2023-10-23 23:35:00,2797.13
2023-10-24 00:35:00,2617.43
2023-10-24 01:35:00,2500.87
2023-10-24 02:35:00,2421.23
2023-10-24 03:35:00,2352.01
2023-10-24 04:35:00,2391.7
2023-10-24 05:35:00,2569.38
2023-10-24 06:35:00,2787.2
2023-10-24 07:35:00,2999.38
2023-10-24 08:35:00,3110.49
2023-10-24 09:35:00,3285.21
2023-10-24 10:35:00,3416.6
2023-10-24 11:35:00,3447.78
2023-10-24 12:35:00,3422.46
2023-10-24 13:35:00,3147.04
2023-10-24 14:35:00,3135.48
2023-10-24 15:35:00,3092.51
2023-10-24 16:35:00,2973.99
2023-10-24 17:35:00,2993.98
2023-10-24 18:35:00,3065.43
2023-10-24 19:35:00,2906.24
2023-10-24 20:35:00,2790.85
2023-10-24 21:35:00,2782.0
2023-10-24 22:35:00,2659.42
2023-10-24 23:35:00,2517.5150000000003
2023-10-25 00:35:00,2375.61
2023-10-25 01:35:00,2257.92
2023-10-25 02:35:00,2193.51
2023-10-25 03:35:00,2163.83
2023-10-25 04:35:00,2224.91
2023-10-25 05:35:00,2534.56
2023-10-25 06:35:00,3085.11
2023-10-25 07:35:00,3095.29
2023-10-25 08:35:00,3225.82
2023-10-25 09:35:00,3581.76
2023-10-25 10:35:00,3867.36
2023-10-25 11:35:00,3897.6
2023-10-25 12:35:00,3864.06
2023-10-25 13:35:00,3635.82
2023-10-25 14:35:00,3761.21
2023-10-25 15:35:00,3764.78
2023-10-25 16:35:00,3798.89
2023-10-25 17:35:00,3963.96
2023-10-25 18:35:00,4081.28
2023-10-25 19:35:00,3808.56
2023-10-25 20:35:00,3411.29
2023-10-25 21:35:00,3191.99
2023-10-25 22:35:00,3006.02
2023-10-25 23:35:00,2802.115
2023-10-26 00:35:00,2598.21
2023-10-26 01:35:00,2467.16
2023-10-26 02:35:00,2381.98
2023-10-26 03:35:00,2325.88
2023-10-26 04:35:00,2374.84
2023-10-26 05:35:00,2701.27
2023-10-26 06:35:00,3311.95
2023-10-26 07:35:00,3303.51
2023-10-26 08:35:00,3310.5
2023-10-26 09:35:00,3627.2
2023-10-26 10:35:00,3888.31
2023-10-26 11:35:00,3840.64
2023-10-26 12:35:00,3835.86
2023-10-26 13:35:00,3594.42
2023-10-26 14:35:00,3731.78
2023-10-26 15:35:00,3803.16
2023-10-26 16:35:00,3785.27
2023-10-26 17:35:00,3963.61
2023-10-26 18:35:00,4015.59
2023-10-26 19:35:00,3745.14
2023-10-26 20:35:00,3411.93
2023-10-26 21:35:00,3130.79
2023-10-26 22:35:00,2979.67
2023-10-26 23:35:00,2791.4700000000003
2023-10-27 00:35:00,2603.27
2023-10-27 01:35:00,2457.22
2023-10-27 02:35:00,2386.28
2023-10-27 03:35:00,2307.85
2023-10-27 04:35:00,2375.9
2023-10-27 05:35:00,2699.61
2023-10-27 06:35:00,3284.63
2023-10-27 07:35:00,3329.09
2023-10-27 08:35:00,3396.53
2023-10-27 09:35:00,3745.22
2023-10-27 10:35:00,3915.08
2023-10-27 11:35:00,3988.43
2023-10-27 12:35:00,3921.33
2023-10-27 13:35:00,3623.18
2023-10-27 14:35:00,3784.32
2023-10-27 15:35:00,3769.88
2023-10-27 16:35:00,3762.42
2023-10-27 17:35:00,3937.36
2023-10-27 18:35:00,4019.5
2023-10-27 19:35:00,3794.75
2023-10-27 20:35:00,3389.64
2023-10-27 21:35:00,3123.01
2023-10-27 22:35:00,2957.41
2023-10-27 23:35:00,2784.89
2023-10-28 00:35:00,2582.16
2023-10-28 01:35:00,2453.45
2023-10-28 02:35:00,2353.94
2023-10-28 03:35:00,2305.82
2023-10-28 04:35:00,2360.68
2023-10-28 05:35:00,2558.38
2023-10-28 06:35:00,2842.82
2023-10-28 07:35:00,3093.32
2023-10-28 08:35:00,3203.14
2023-10-28 09:35:00,3518.55
2023-10-28 10:35:00,3769.97
2023-10-28 11:35:00,3781.42
2023-10-28 12:35:00,3539.76
2023-10-28 13:35:00,3253.6
2023-10-28 14:35:00,3488.7
2023-10-28 15:35:00,3481.6
2023-10-28 16:35:00,3492.62
2023-10-28 17:35:00,3681.77
2023-10-28 18:35:00,3758.49
2023-10-28 19:35:00,3550.38
2023-10-28 20:35:00,3284.47
2023-10-28 21:35:00,3011.05
2023-10-28 22:35:00,2839.17
2023-10-28 23:35:00,2670.94
2023-10-29 00:35:00,2502.71
2023-10-29 01:35:00,2369.88
2023-10-29 02:35:00,2302.88
2023-10-29 03:35:00,2247.46
2023-10-29 04:35:00,2299.31
2023-10-29 05:35:00,2483.77
2023-10-29 06:35:00,2739.82
2023-10-29 07:35:00,2991.56
2023-10-29 08:35:00,3139.99
2023-10-29 09:35:00,3374.36
2023-10-29 10:35:00,3601.47
2023-10-29 11:35:00,3623.14
2023-10-29 12:35:00,3574.77
2023-10-29 13:35:00,3328.6
2023-10-29 14:35:00,3366.14
2023-10-29 15:35:00,3332.67
2023-10-29 16:35:00,3347.52
2023-10-29 17:35:00,3503.66
2023-10-29 18:35:00,3622.74
2023-10-29 19:35:00,3476.15
2023-10-29 20:35:00,3274.62
2023-10-29 21:35:00,3060.75
2023-10-29 22:35:00,2892.84
2023-10-29 23:35:00,2707.245
2023-10-30 00:35:00,2521.65
2023-10-30 01:35:00,2377.41
2023-10-30 02:35:00,2310.45
2023-10-30 03:35:00,2267.84
2023-10-30 04:35:00,2358.43
2023-10-30 05:35:00,2715.72
2023-10-30 06:35:00,3305.73
2023-10-30 07:35:00,3334.92
2023-10-30 08:35:00,3396.15
2023-10-30 09:35:00,3739.25
2023-10-30 10:35:00,3951.96
2023-10-30 11:35:00,3961.37
2023-10-30 12:35:00,3920.52
2023-10-30 13:35:00,3649.89
2023-10-30 14:35:00,3808.89
2023-10-30 15:35:00,3813.28
2023-10-30 16:35:00,3823.57
2023-10-30 17:35:00,3969.59
2023-10-30 18:35:00,4039.01
2023-10-30 19:35:00,3815.79
2023-10-30 20:35:00,3464.43
2023-10-30 21:35:00,3242.44
2023-10-30 22:35:00,3067.47
2023-10-30 23:35:00,2872.245
2023-10-31 00:35:00,2677.02
2023-10-31 01:35:00,2537.18
2023-10-31 02:35:00,2448.37
2023-10-31 03:35:00,2407.01
2023-10-31 04:35:00,2471.47
2023-10-31 05:35:00,2787.56
2023-10-31 06:35:00,3369.67
2023-10-31 07:35:00,3437.07
2023-10-31 08:35:00,3504.05
2023-10-31 09:35:00,3796.98
2023-10-31 10:35:00,4003.78
2023-10-31 11:35:00,4071.5
2023-10-31 12:35:00,3992.63
2023-10-31 13:35:00,3741.21
2023-10-31 14:35:00,3883.48
2023-10-31 15:35:00,3927.31
2023-10-31 16:35:00,3897.18
2023-10-31 17:35:00,4115.74
2023-10-31 18:35:00,4124.67
2023-10-31 19:35:00,3877.28
2023-10-31 20:35:00,3513.49
2023-10-31 21:35:00,3262.27
2023-10-31 22:35:00,3096.9
2023-10-31 23:35:00,2675.4300000000003
2023-11-01 00:35:00,2253.96
2023-11-01 01:35:00,1954.51
2023-11-01 02:35:00,1834.46
2023-11-01 03:35:00,1783.79
2023-11-01 04:35:00,1894.32
2023-11-01 05:35:00,2273.6
2023-11-01 06:35:00,3139.99
2023-11-01 07:35:00,4073.52
2023-11-01 08:35:00,4744.17
2023-11-01 09:35:00,5285.28
2023-11-01 10:35:00,5358.02
2023-11-01 11:35:00,5180.35
2023-11-01 12:35:00,4883.93
2023-11-01 13:35:00,4329.64
2023-11-01 14:35:00,4200.16
2023-11-01 15:35:00,4028.64
2023-11-01 16:35:00,4002.01
2023-11-01 17:35:00,4232.68
2023-11-01 18:35:00,4376.11
2023-11-01 19:35:00,4282.62
2023-11-01 20:35:00,4079.54
2023-11-01 21:35:00,3882.36
2023-11-01 22:35:00,3517.02
2023-11-01 23:35:00,2930.41
2023-11-02 00:35:00,1834.36
2023-11-02 01:35:00,1682.1
2023-11-02 02:35:00,1603.44
2023-11-02 03:35:00,1577.17
2023-11-02 04:35:00,1668.29
2023-11-02 05:35:00,2011.77
2023-11-02 06:35:00,2661.91
2023-11-02 07:35:00,3222.69
2023-11-02 08:35:00,3451.82
2023-11-02 09:35:00,3671.34
2023-11-02 10:35:00,3745.4
2023-11-02 11:35:00,3644.25
2023-11-02 12:35:00,3461.7
2023-11-02 13:35:00,3030.0
2023-11-02 14:35:00,3026.62
2023-11-02 15:35:00,2882.83
2023-11-02 16:35:00,2882.23
2023-11-02 17:35:00,3043.11
2023-11-02 18:35:00,3248.18
2023-11-02 19:35:00,3113.19
2023-11-02 20:35:00,2840.48
2023-11-02 21:35:00,2565.99
2023-11-02 22:35:00,2323.34
2023-11-02 23:35:00,2075.86
2023-11-03 00:35:00,2307.03
2023-11-03 01:35:00,2206.18
2023-11-03 02:35:00,2163.12
2023-11-03 03:35:00,2147.29
2023-11-03 04:35:00,2212.69
2023-11-03 05:35:00,2450.68
2023-11-03 06:35:00,2822.44
2023-11-03 07:35:00,3135.28
2023-11-03 08:35:00,3162.34
2023-11-03 09:35:00,3285.46
2023-11-03 10:35:00,3378.55
2023-11-03 11:35:00,3310.28
2023-11-03 12:35:00,3292.96
2023-11-03 13:35:00,3030.64
2023-11-03 14:35:00,3094.75
2023-11-03 15:35:00,3047.72
2023-11-03 16:35:00,3044.3
2023-11-03 17:35:00,3155.02
2023-11-03 18:35:00,3249.84
2023-11-03 19:35:00,3184.9
2023-11-03 20:35:00,2897.97
2023-11-03 21:35:00,2713.1
2023-11-03 22:35:00,2520.92
2023-11-03 23:35:00,2343.92
2023-11-04 00:35:00,2760.74
2023-11-04 01:35:00,2624.7
2023-11-04 02:35:00,2521.85
2023-11-04 03:35:00,2475.39
2023-11-04 04:35:00,2533.92
2023-11-04 05:35:00,2828.65
2023-11-04 06:35:00,3382.6
2023-11-04 07:35:00,3334.53
2023-11-04 08:35:00,3316.39
2023-11-04 09:35:00,3631.74
2023-11-04 10:35:00,3876.7
2023-11-04 11:35:00,3894.36
2023-11-04 12:35:00,3852.89
2023-11-04 13:35:00,3569.65
2023-11-04 14:35:00,3809.29
2023-11-04 15:35:00,3844.06
2023-11-04 16:35:00,3895.96
2023-11-04 17:35:00,3884.54
2023-11-04 18:35:00,3830.48
2023-11-04 19:35:00,3821.49
2023-11-04 20:35:00,3621.02
2023-11-04 21:35:00,3384.97
2023-11-04 22:35:00,3330.14
2023-11-04 23:35:00,3139.51
2023-11-05 00:35:00,4089.06
2023-11-05 01:35:00,3852.6
2023-11-05 02:35:00,3617.12
2023-11-05 03:35:00,3454.59
2023-11-05 04:35:00,3357.35
2023-11-05 05:35:00,3380.19
2023-11-05 06:35:00,3535.1
2023-11-05 07:35:00,3467.3
2023-11-05 08:35:00,3541.65
2023-11-05 09:35:00,3995.15
2023-11-05 10:35:00,4319.54
2023-11-05 11:35:00,4468.18
2023-11-05 12:35:00,4559.96
2023-11-05 13:35:00,4362.69
2023-11-05 14:35:00,4673.79
2023-11-05 15:35:00,4882.21
2023-11-05 16:35:00,4662.81
2023-11-05 17:35:00,4579.24
2023-11-05 18:35:00,4376.44
2023-11-05 19:35:00,4493.02
2023-11-05 20:35:00,4389.27
2023-11-05 21:35:00,4365.4
2023-11-05 22:35:00,4636.79
2023-11-05 23:35:00,5239.945
2023-11-06 00:35:00,5843.1
2023-11-06 01:35:00,5505.78
2023-11-06 02:35:00,5097.66
2023-11-06 03:35:00,4912.21
2023-11-06 04:35:00,4690.93
2023-11-06 05:35:00,4423.91
2023-11-06 06:35:00,4157.11
2023-11-06 07:35:00,4038.9
2023-11-06 08:35:00,3886.6
2023-11-06 09:35:00,4168.6
2023-11-06 10:35:00,4393.93
2023-11-06 11:35:00,4567.72
2023-11-06 12:35:00,4878.14
2023-11-06 13:35:00,4989.51
2023-11-06 14:35:00,5416.26
2023-11-06 15:35:00,5616.07
2023-11-06 16:35:00,5464.44
2023-11-06 17:35:00,5140.67
2023-11-06 18:35:00,4835.34
2023-11-06 19:35:00,4771.76
2023-11-06 20:35:00,4948.06
2023-11-06 21:35:00,5300.26
2023-11-06 22:35:00,5913.02
2023-11-06 23:35:00,6186.8
2023-11-07 00:35:00,5438.463333333333
2023-11-07 01:35:00,4690.126666666667
2023-11-07 02:35:00,3941.79
2023-11-07 03:35:00,3763.81
2023-11-07 04:35:00,3658.0
2023-11-07 05:35:00,3656.97
2023-11-07 06:35:00,3833.59
2023-11-07 07:35:00,3894.98
2023-11-07 08:35:00,4005.45
2023-11-07 09:35:00,4464.32
2023-11-07 10:35:00,4794.88
2023-11-07 11:35:00,4883.61
2023-11-07 12:35:00,4936.98
2023-11-07 13:35:00,4886.23
2023-11-07 14:35:00,5121.48
2023-11-07 15:35:00,5211.32
2023-11-07 16:35:00,5143.92
2023-11-07 17:35:00,5128.72
2023-11-07 18:35:00,4922.08
2023-11-07 19:35:00,4918.71
2023-11-07 20:35:00,4964.61
2023-11-07 21:35:00,4985.84
2023-11-07 22:35:00,5205.7
2023-11-07 23:35:00,5157.71
2023-11-08 00:35:00,5973.99
2023-11-08 01:35:00,5581.59
2023-11-08 02:35:00,5259.7
2023-11-08 03:35:00,4990.51
2023-11-08 04:35:00,4758.25
2023-11-08 05:35:00,4576.21
2023-11-08 06:35:00,4537.85
2023-11-08 07:35:00,4483.73
2023-11-08 08:35:00,4562.22
2023-11-08 09:35:00,5104.05
2023-11-08 10:35:00,5555.29
2023-11-08 11:35:00,5806.71
2023-11-08 12:35:00,5908.57
2023-11-08 13:35:00,5905.3
2023-11-08 14:35:00,6459.65
2023-11-08 15:35:00,6591.9
2023-11-08 16:35:00,6335.07
2023-11-08 17:35:00,6072.33
2023-11-08 18:35:00,5719.4
2023-11-08 19:35:00,5796.27
2023-11-08 20:35:00,5861.81
2023-11-08 21:35:00,6118.6
2023-11-08 22:35:00,6541.23
2023-11-08 23:35:00,5303.98
2023-11-09 00:35:00,4066.73
2023-11-09 01:35:00,3872.94
2023-11-09 02:35:00,3695.03
2023-11-09 03:35:00,3538.54
2023-11-09 04:35:00,3457.01
2023-11-09 05:35:00,3488.35
2023-11-09 06:35:00,3687.71
2023-11-09 07:35:00,3694.23
2023-11-09 08:35:00,3828.45
2023-11-09 09:35:00,4410.65
2023-11-09 10:35:00,4726.02
2023-11-09 11:35:00,4949.31
2023-11-09 12:35:00,4989.49
2023-11-09 13:35:00,4841.1
2023-11-09 14:35:00,5141.91
2023-11-09 15:35:00,5246.5
2023-11-09 16:35:00,5210.08
2023-11-09 17:35:00,5095.18
2023-11-09 18:35:00,4983.94
2023-11-09 19:35:00,4970.2
2023-11-09 20:35:00,4839.57
2023-11-09 21:35:00,4802.11
2023-11-09 22:35:00,4973.77
2023-11-09 23:35:00,4997.25
2023-11-10 00:35:00,4822.22
2023-11-10 01:35:00,4500.62
2023-11-10 02:35:00,4227.54
2023-11-10 03:35:00,3982.42
2023-11-10 04:35:00,3852.22
2023-11-10 05:35:00,3850.08
2023-11-10 06:35:00,3985.9
2023-11-10 07:35:00,3930.37
2023-11-10 08:35:00,4050.08
2023-11-10 09:35:00,4378.71
2023-11-10 10:35:00,4729.8
2023-11-10 11:35:00,4896.02
2023-11-10 12:35:00,4910.0
2023-11-10 13:35:00,4678.68
2023-11-10 14:35:00,5032.81
2023-11-10 15:35:00,4987.72
2023-11-10 16:35:00,4936.44
2023-11-10 17:35:00,4880.65
2023-11-10 18:35:00,4935.87
2023-11-10 19:35:00,4761.68
2023-11-10 20:35:00,4521.18
2023-11-10 21:35:00,4436.61
2023-11-10 22:35:00,4581.01
2023-11-10 23:35:00,3410.925
2023-11-11 00:35:00,2240.84
2023-11-11 01:35:00,2089.29
2023-11-11 02:35:00,1990.13
2023-11-11 03:35:00,1969.5
2023-11-11 04:35:00,2056.38
2023-11-11 05:35:00,2263.1
2023-11-11 06:35:00,2579.62
2023-11-11 07:35:00,2996.24
2023-11-11 08:35:00,3160.76
2023-11-11 09:35:00,3391.08
2023-11-11 10:35:00,3529.89
2023-11-11 11:35:00,3482.32
2023-11-11 12:35:00,3395.64
2023-11-11 13:35:00,3082.35
2023-11-11 14:35:00,3085.93
2023-11-11 15:35:00,3046.14
2023-11-11 16:35:00,3021.1
2023-11-11 17:35:00,3215.25
2023-11-11 18:35:00,3348.36
2023-11-11 19:35:00,3209.27
2023-11-11 20:35:00,3025.08
2023-11-11 21:35:00,2896.53
2023-11-11 22:35:00,2715.43
2023-11-11 23:35:00,2258.77
2023-11-12 00:35:00,2102.67
2023-11-12 01:35:00,1983.34
2023-11-12 02:35:00,1923.72
2023-11-12 03:35:00,1899.56
2023-11-12 04:35:00,2018.89
2023-11-12 05:35:00,2442.02
2023-11-12 06:35:00,3274.31
2023-11-12 07:35:00,3552.13
2023-11-12 08:35:00,3610.42
2023-11-12 09:35:00,3686.21
2023-11-12 10:35:00,3874.71
2023-11-12 11:35:00,3776.46
2023-11-12 12:35:00,3418.23
2023-11-12 13:35:00,3199.73
2023-11-12 14:35:00,3205.37
2023-11-12 15:35:00,3198.49
2023-11-12 16:35:00,3185.46
2023-11-12 17:35:00,3467.3
2023-11-12 18:35:00,3515.77
2023-11-12 19:35:00,3341.9
2023-11-12 20:35:00,3047.37
2023-11-12 21:35:00,2758.99
2023-11-12 22:35:00,2493.753333333333
2023-11-12 23:35:00,2228.5166666666664
2023-11-13 00:35:00,1963.28
2023-11-13 01:35:00,1822.69
2023-11-13 02:35:00,1756.55
2023-11-13 03:35:00,1739.84
2023-11-13 04:35:00,1818.85
2023-11-13 05:35:00,2029.35
2023-11-13 06:35:00,2238.59
2023-11-13 07:35:00,2545.36
2023-11-13 08:35:00,2675.87
2023-11-13 09:35:00,2764.47
2023-11-13 10:35:00,2859.38
2023-11-13 11:35:00,2812.97
2023-11-13 12:35:00,2696.38
2023-11-13 13:35:00,2567.71
2023-11-13 14:35:00,2389.96
2023-11-13 15:35:00,2329.82
2023-11-13 16:35:00,2348.68
2023-11-13 17:35:00,2661.33
2023-11-13 18:35:00,2792.84
2023-11-13 19:35:00,2686.9
2023-11-13 20:35:00,2550.91
2023-11-13 21:35:00,2396.0
2023-11-13 22:35:00,2177.66
2023-11-13 23:35:00,1984.45
2023-11-14 00:35:00,1780.28
2023-11-14 01:35:00,1694.87
2023-11-14 02:35:00,1638.34
2023-11-14 03:35:00,1634.85
2023-11-14 04:35:00,1725.57
2023-11-14 05:35:00,1955.24
2023-11-14 06:35:00,2277.93
2023-11-14 07:35:00,2705.79
2023-11-14 08:35:00,2915.4
2023-11-14 09:35:00,3112.74
2023-11-14 10:35:00,3265.26
2023-11-14 11:35:00,3200.28
2023-11-14 12:35:00,3050.69
2023-11-14 13:35:00,2757.75
2023-11-14 14:35:00,2780.03
2023-11-14 15:35:00,2696.12
2023-11-14 16:35:00,2641.7
2023-11-14 17:35:00,2935.13
2023-11-14 18:35:00,3000.61
2023-11-14 19:35:00,2878.88
2023-11-14 20:35:00,2673.51
2023-11-14 21:35:00,2498.6
2023-11-14 22:35:00,2276.61
2023-11-14 23:35:00,2047.015
2023-11-15 00:35:00,1817.42
2023-11-15 01:35:00,1723.08
2023-11-15 02:35:00,1658.49
2023-11-15 03:35:00,1655.41
2023-11-15 04:35:00,1766.29
2023-11-15 05:35:00,2035.99
2023-11-15 06:35:00,2432.29
2023-11-15 07:35:00,2907.98
2023-11-15 08:35:00,3215.64
2023-11-15 09:35:00,3478.45
2023-11-15 10:35:00,3524.04
2023-11-15 11:35:00,3399.64
2023-11-15 12:35:00,3224.67
2023-11-15 13:35:00,2904.47
2023-11-15 14:35:00,2889.59
2023-11-15 15:35:00,2856.18
2023-11-15 16:35:00,2817.03
2023-11-15 17:35:00,3075.39
2023-11-15 18:35:00,3223.3
2023-11-15 19:35:00,3015.19
2023-11-15 20:35:00,2773.84
2023-11-15 21:35:00,2567.91
2023-11-15 22:35:00,2347.4
2023-11-15 23:35:00,2124.01
2023-11-16 00:35:00,1900.62
2023-11-16 01:35:00,1783.8
2023-11-16 02:35:00,1724.44
2023-11-16 03:35:00,1722.98
2023-11-16 04:35:00,1799.75
2023-11-16 05:35:00,2055.37
2023-11-16 06:35:00,2489.59
2023-11-16 07:35:00,2975.62
2023-11-16 08:35:00,3166.43
2023-11-16 09:35:00,3418.36
2023-11-16 10:35:00,3527.08
2023-11-16 11:35:00,3528.73
2023-11-16 12:35:00,3436.09
2023-11-16 13:35:00,3150.45
2023-11-16 14:35:00,3158.9
2023-11-16 15:35:00,3099.57
2023-11-16 16:35:00,3118.13
2023-11-16 17:35:00,3357.21
2023-11-16 18:35:00,3431.49
2023-11-16 19:35:00,3242.09
2023-11-16 20:35:00,2946.73
2023-11-16 21:35:00,2663.95
2023-11-16 22:35:00,2421.68
2023-11-16 23:35:00,2194.56
2023-11-17 00:35:00,1967.44
2023-11-17 01:35:00,1840.93
2023-11-17 02:35:00,1762.37
2023-11-17 03:35:00,1751.3
2023-11-17 04:35:00,1861.72
2023-11-17 05:35:00,2145.22
2023-11-17 06:35:00,2619.89
2023-11-17 07:35:00,3125.83
2023-11-17 08:35:00,3351.43
2023-11-17 09:35:00,3674.14
2023-11-17 10:35:00,3780.95
2023-11-17 11:35:00,3795.6
2023-11-17 12:35:00,3699.91
2023-11-17 13:35:00,3173.24
2023-11-17 14:35:00,3144.09
2023-11-17 15:35:00,3144.56
2023-11-17 16:35:00,3181.3
2023-11-17 17:35:00,3463.52
2023-11-17 18:35:00,3509.74
2023-11-17 19:35:00,3328.18
2023-11-17 20:35:00,2950.7
2023-11-17 21:35:00,2709.53
2023-11-17 22:35:00,2473.71
2023-11-17 23:35:00,2241.82
2023-11-18 00:35:00,2009.93
2023-11-18 01:35:00,1874.05
2023-11-18 02:35:00,1806.12
2023-11-18 03:35:00,1791.4
2023-11-18 04:35:00,1887.06
2023-11-18 05:35:00,2129.61
2023-11-18 06:35:00,2550.95
2023-11-18 07:35:00,2979.72
2023-11-18 08:35:00,3169.65
2023-11-18 09:35:00,3405.58
2023-11-18 10:35:00,3555.12
2023-11-18 11:35:00,3481.76
2023-11-18 12:35:00,3368.59
2023-11-18 13:35:00,3080.36
2023-11-18 14:35:00,3067.85
2023-11-18 15:35:00,2981.2
2023-11-18 16:35:00,3040.8
2023-11-18 17:35:00,3293.2
2023-11-18 18:35:00,3337.29
2023-11-18 19:35:00,3149.45
2023-11-18 20:35:00,2836.66
2023-11-18 21:35:00,2586.35
2023-11-18 22:35:00,2396.33
2023-11-18 23:35:00,2182.09
2023-11-19 00:35:00,1967.85
2023-11-19 01:35:00,1827.77
2023-11-19 02:35:00,1751.82
2023-11-19 03:35:00,1733.96
2023-11-19 04:35:00,1839.68
2023-11-19 05:35:00,2045.91
2023-11-19 06:35:00,2376.85
2023-11-19 07:35:00,2775.85
2023-11-19 08:35:00,3017.47
2023-11-19 09:35:00,3240.78
2023-11-19 10:35:00,3415.6
2023-11-19 11:35:00,3434.79
2023-11-19 12:35:00,3317.52
2023-11-19 13:35:00,3032.96
2023-11-19 14:35:00,2905.5
2023-11-19 15:35:00,2750.92
2023-11-19 16:35:00,2708.07
2023-11-19 17:35:00,2878.68
2023-11-19 18:35:00,3040.09
2023-11-19 19:35:00,2899.18
2023-11-19 20:35:00,2687.87
2023-11-19 21:35:00,2433.2
2023-11-19 22:35:00,2269.05
2023-11-19 23:35:00,2028.67
2023-11-20 00:35:00,1837.2
2023-11-20 01:35:00,1709.32
2023-11-20 02:35:00,1666.44
2023-11-20 03:35:00,1712.64
2023-11-20 04:35:00,1917.18
2023-11-20 05:35:00,2299.9
2023-11-20 06:35:00,2913.48
2023-11-20 07:35:00,3129.5
2023-11-20 08:35:00,3177.4
2023-11-20 09:35:00,3354.1
2023-11-20 10:35:00,3453.97
2023-11-20 11:35:00,3447.28
2023-11-20 12:35:00,3340.51
2023-11-20 13:35:00,3018.8
2023-11-20 14:35:00,3124.8
2023-11-20 15:35:00,3065.53
2023-11-20 16:35:00,3064.97
2023-11-20 17:35:00,3300.71
2023-11-20 18:35:00,3365.61
2023-11-20 19:35:00,3219.18
2023-11-20 20:35:00,2943.93
2023-11-20 21:35:00,2740.32
2023-11-20 22:35:00,2498.31
2023-11-20 23:35:00,2265.1
2023-11-21 00:35:00,2200.37
2023-11-21 01:35:00,2116.03
2023-11-21 02:35:00,2085.32
2023-11-21 03:35:00,2087.22
2023-11-21 04:35:00,2179.47
2023-11-21 05:35:00,2452.9
2023-11-21 06:35:00,2971.98
2023-11-21 07:35:00,3085.66
2023-11-21 08:35:00,3154.12
2023-11-21 09:35:00,3185.21
2023-11-21 10:35:00,3565.03
2023-11-21 11:35:00,3562.78
2023-11-21 12:35:00,3483.19
2023-11-21 13:35:00,3214.69
2023-11-21 14:35:00,3313.1
2023-11-21 15:35:00,3253.76
2023-11-21 16:35:00,3268.28
2023-11-21 17:35:00,3503.48
2023-11-21 18:35:00,3545.99
2023-11-21 19:35:00,3334.93
2023-11-21 20:35:00,2976.98
2023-11-21 21:35:00,2786.46
2023-11-21 22:35:00,2511.83
2023-11-21 23:35:00,2301.05
2023-11-22 00:35:00,2090.27
2023-11-22 01:35:00,1983.79
2023-11-22 02:35:00,1919.94
2023-11-22 03:35:00,1909.37
2023-11-22 04:35:00,2029.11
2023-11-22 05:35:00,2464.63
2023-11-22 06:35:00,3164.7
2023-11-22 07:35:00,3428.74
2023-11-22 08:35:00,3417.96
2023-11-22 09:35:00,3549.97
2023-11-22 10:35:00,3627.04
2023-11-22 11:35:00,3667.84
2023-11-22 12:35:00,3495.05
2023-11-22 13:35:00,3254.76
2023-11-22 14:35:00,3283.52
2023-11-22 15:35:00,3237.54
2023-11-22 16:35:00,3253.63
2023-11-22 17:35:00,3250.06
2023-11-22 18:35:00,3540.85
2023-11-22 19:35:00,3368.47
2023-11-22 20:35:00,3067.22
2023-11-22 21:35:00,2818.61
2023-11-22 22:35:00,2583.01
2023-11-22 23:35:00,2360.62
2023-11-23 00:35:00,2138.23
2023-11-23 01:35:00,2009.1
2023-11-23 02:35:00,1955.83
2023-11-23 03:35:00,1935.43
2023-11-23 04:35:00,2081.6
2023-11-23 05:35:00,2469.45
2023-11-23 06:35:00,3193.99
2023-11-23 07:35:00,3413.39
2023-11-23 08:35:00,3433.51
2023-11-23 09:35:00,3593.93
2023-11-23 10:35:00,3610.04
2023-11-23 11:35:00,3591.73
2023-11-23 12:35:00,3455.13
2023-11-23 13:35:00,3243.97
2023-11-23 14:35:00,3290.93
2023-11-23 15:35:00,3192.83
2023-11-23 16:35:00,3226.47
2023-11-23 17:35:00,3536.11
2023-11-23 18:35:00,3624.42
2023-11-23 19:35:00,3380.49
2023-11-23 20:35:00,3113.0
2023-11-23 21:35:00,2840.91
2023-11-23 22:35:00,2605.3266666666664
2023-11-23 23:35:00,2369.7433333333333
2023-11-24 00:35:00,2134.16
2023-11-24 01:35:00,2010.68
2023-11-24 02:35:00,1951.77
2023-11-24 03:35:00,1935.33
2023-11-24 04:35:00,2156.29
2023-11-24 05:35:00,2424.16
2023-11-24 06:35:00,2941.03
2023-11-24 07:35:00,3418.88
2023-11-24 08:35:00,3294.45
2023-11-24 09:35:00,3722.27
2023-11-24 10:35:00,3917.41
2023-11-24 11:35:00,3834.31
2023-11-24 12:35:00,3752.97
2023-11-24 13:35:00,3289.63
2023-11-24 14:35:00,3289.63
2023-11-24 15:35:00,3247.28
2023-11-24 16:35:00,3251.28
2023-11-24 17:35:00,3525.66
2023-11-24 18:35:00,3571.12
2023-11-24 19:35:00,3370.89
2023-11-24 20:35:00,3040.81
2023-11-24 21:35:00,2793.35
2023-11-24 22:35:00,2554.41
2023-11-24 23:35:00,2337.505
2023-11-25 00:35:00,2120.6
2023-11-25 01:35:00,1993.95
2023-11-25 02:35:00,1924.05
2023-11-25 03:35:00,1924.02
2023-11-25 04:35:00,2070.87
2023-11-25 05:35:00,2360.43
2023-11-25 06:35:00,2877.57
2023-11-25 07:35:00,3028.84
2023-11-25 08:35:00,3258.33
2023-11-25 09:35:00,3553.13
2023-11-25 10:35:00,3694.35
2023-11-25 11:35:00,3600.68
2023-11-25 12:35:00,3510.32
2023-11-25 13:35:00,3205.94
2023-11-25 14:35:00,3185.21
2023-11-25 15:35:00,3098.32
2023-11-25 16:35:00,3104.94
2023-11-25 17:35:00,3388.65
2023-11-25 18:35:00,3416.51
2023-11-25 19:35:00,3134.0
2023-11-25 20:35:00,2915.94
2023-11-25 21:35:00,2711.46
2023-11-25 22:35:00,2462.09
2023-11-25 23:35:00,2272.85
2023-11-26 00:35:00,2067.7
2023-11-26 01:35:00,1916.52
2023-11-26 02:35:00,1860.8
2023-11-26 03:35:00,1848.71
2023-11-26 04:35:00,1972.34
2023-11-26 05:35:00,2180.01
2023-11-26 06:35:00,2474.81
2023-11-26 07:35:00,2948.03
2023-11-26 08:35:00,3232.58
2023-11-26 09:35:00,3517.06
2023-11-26 10:35:00,3690.33
2023-11-26 11:35:00,3755.06
2023-11-26 12:35:00,3547.27
2023-11-26 13:35:00,3261.58
2023-11-26 14:35:00,3146.75
2023-11-26 15:35:00,3008.16
2023-11-26 16:35:00,2986.51
2023-11-26 17:35:00,3174.55
2023-11-26 18:35:00,3185.34
2023-11-26 19:35:00,3018.86
2023-11-26 20:35:00,2829.59
2023-11-26 21:35:00,2617.41
2023-11-26 22:35:00,2435.39
2023-11-26 23:35:00,2190.96
2023-11-27 00:35:00,2030.0
2023-11-27 01:35:00,1896.62
2023-11-27 02:35:00,1835.91
2023-11-27 03:35:00,1842.52
2023-11-27 04:35:00,1966.17
2023-11-27 05:35:00,2232.07
2023-11-27 06:35:00,2651.91
2023-11-27 07:35:00,3118.5
2023-11-27 08:35:00,3390.92
2023-11-27 09:35:00,3672.73
2023-11-27 10:35:00,3821.47
2023-11-27 11:35:00,3749.6
2023-11-27 12:35:00,3529.97
2023-11-27 13:35:00,3209.54
2023-11-27 14:35:00,3137.5
2023-11-27 15:35:00,3107.16
2023-11-27 16:35:00,3072.61
2023-11-27 17:35:00,3316.16
2023-11-27 18:35:00,3342.08
2023-11-27 19:35:00,3182.87
2023-11-27 20:35:00,2888.83
2023-11-27 21:35:00,2665.63
2023-11-27 22:35:00,2470.0
2023-11-27 23:35:00,2221.54
2023-11-28 00:35:00,2041.71
2023-11-28 01:35:00,1932.99
2023-11-28 02:35:00,1868.36
2023-11-28 03:35:00,1859.9
2023-11-28 04:35:00,1991.86
2023-11-28 05:35:00,2353.01
2023-11-28 06:35:00,3163.52
2023-11-28 07:35:00,3407.37
2023-11-28 08:35:00,3459.27
2023-11-28 09:35:00,3648.71
2023-11-28 10:35:00,3750.82
2023-11-28 11:35:00,3649.35
2023-11-28 12:35:00,3511.64
2023-11-28 13:35:00,3156.53
2023-11-28 14:35:00,3167.78
2023-11-28 15:35:00,3095.78
2023-11-28 16:35:00,3156.54
2023-11-28 17:35:00,3384.28
2023-11-28 18:35:00,3450.8
2023-11-28 19:35:00,3271.82
2023-11-28 20:35:00,2992.7
2023-11-28 21:35:00,2635.54
2023-11-28 22:35:00,2423.62
2023-11-28 23:35:00,2163.095
2023-11-29 00:35:00,1902.57
2023-11-29 01:35:00,1750.54
2023-11-29 02:35:00,1673.96
2023-11-29 03:35:00,1650.04
2023-11-29 04:35:00,1756.92
2023-11-29 05:35:00,2233.4
2023-11-29 06:35:00,3121.81
2023-11-29 07:35:00,3448.32
2023-11-29 08:35:00,3572.78
2023-11-29 09:35:00,3708.74
2023-11-29 10:35:00,3818.68
2023-11-29 11:35:00,3531.14
2023-11-29 12:35:00,3540.79
2023-11-29 13:35:00,3241.88
2023-11-29 14:35:00,3309.38
2023-11-29 15:35:00,3212.49
2023-11-29 16:35:00,3186.13
2023-11-29 17:35:00,3482.55
2023-11-29 18:35:00,3526.57
2023-11-29 19:35:00,3296.66
2023-11-29 20:35:00,2971.66
2023-11-29 21:35:00,2692.58
2023-11-29 22:35:00,2409.58
2023-11-29 23:35:00,2163.38
2023-11-30 00:35:00,1917.18
2023-11-30 01:35:00,1760.43
2023-11-30 02:35:00,1701.57
2023-11-30 03:35:00,1669.52
2023-11-30 04:35:00,1776.3
2023-11-30 05:35:00,2208.44
2023-11-30 06:35:00,3082.99
2023-11-30 07:35:00,3398.98
2023-11-30 08:35:00,3505.15
2023-11-30 09:35:00,3657.82
2023-11-30 10:35:00,3769.66
2023-11-30 11:35:00,3708.65
2023-11-30 12:35:00,3523.03
2023-11-30 13:35:00,3235.69
2023-11-30 14:35:00,3310.41
2023-11-30 15:35:00,3212.39
2023-11-30 16:35:00,3238.1
2023-11-30 17:35:00,3452.61
2023-11-30 18:35:00,3500.63
2023-11-30 19:35:00,3355.75
2023-11-30 20:35:00,2963.99
2023-11-30 21:35:00,2714.69
2023-11-30 22:35:00,2438.67
2023-11-30 23:35:00,2433.455
2023-12-01 00:35:00,2428.24
2023-12-01 01:35:00,2129.06
2023-12-01 02:35:00,2008.96
2023-12-01 03:35:00,1966.09
2023-12-01 04:35:00,2048.53
2023-12-01 05:35:00,2387.06
2023-12-01 06:35:00,3199.73
2023-12-01 07:35:00,4111.35
2023-12-01 08:35:00,4649.3
2023-12-01 09:35:00,5001.94
2023-12-01 10:35:00,5031.18
2023-12-01 11:35:00,4793.39
2023-12-01 12:35:00,4432.58
2023-12-01 13:35:00,3882.97
2023-12-01 14:35:00,3837.65
2023-12-01 15:35:00,3718.54
2023-12-01 16:35:00,3743.26
2023-12-01 17:35:00,3955.39
2023-12-01 18:35:00,4121.05
2023-12-01 19:35:00,3969.5
2023-12-01 20:35:00,3733.24
2023-12-01 21:35:00,3472.07
2023-12-01 22:35:00,3118.13
2023-12-01 23:35:00,2586.66
2023-12-02 00:35:00,1807.52
2023-12-02 01:35:00,1686.95
2023-12-02 02:35:00,1604.26
2023-12-02 03:35:00,1586.02
2023-12-02 04:35:00,1681.78
2023-12-02 05:35:00,1953.11
2023-12-02 06:35:00,2404.83
2023-12-02 07:35:00,3031.06
2023-12-02 08:35:00,3343.44
2023-12-02 09:35:00,3667.76
2023-12-02 10:35:00,3843.57
2023-12-02 11:35:00,3752.47
2023-12-02 12:35:00,3535.67
2023-12-02 13:35:00,3073.5
2023-12-02 14:35:00,2919.26
2023-12-02 15:35:00,2737.48
2023-12-02 16:35:00,2740.2
2023-12-02 17:35:00,2882.82
2023-12-02 18:35:00,3114.25
2023-12-02 19:35:00,3013.19
2023-12-02 20:35:00,2819.64
2023-12-02 21:35:00,2594.95
2023-12-02 22:35:00,2340.1
2023-12-02 23:35:00,2015.94
2023-12-03 00:35:00,2145.06
2023-12-03 01:35:00,2026.91
2023-12-03 02:35:00,2020.9
2023-12-03 03:35:00,1989.21
2023-12-03 04:35:00,2009.27
2023-12-03 05:35:00,2235.94
2023-12-03 06:35:00,2584.5
2023-12-03 07:35:00,2869.34
2023-12-03 08:35:00,2967.75
2023-12-03 09:35:00,3223.39
2023-12-03 10:35:00,3345.82
2023-12-03 11:35:00,3350.43
2023-12-03 12:35:00,3213.43
2023-12-03 13:35:00,2974.37
2023-12-03 14:35:00,2964.37
2023-12-03 15:35:00,2911.97
2023-12-03 16:35:00,2891.54
2023-12-03 17:35:00,3000.28
2023-12-03 18:35:00,3131.62
2023-12-03 19:35:00,3171.58
2023-12-03 20:35:00,2931.37
2023-12-03 21:35:00,2727.27
2023-12-03 22:35:00,2569.25
2023-12-03 23:35:00,2365.52
2023-12-04 00:35:00,2965.11
2023-12-04 01:35:00,2814.15
2023-12-04 02:35:00,2716.04
2023-12-04 03:35:00,2650.34
2023-12-04 04:35:00,2714.8
2023-12-04 05:35:00,2968.51
2023-12-04 06:35:00,3517.34
2023-12-04 07:35:00,3434.02
2023-12-04 08:35:00,3410.39
2023-12-04 09:35:00,3804.13
2023-12-04 10:35:00,4046.35
2023-12-04 11:35:00,4135.39
2023-12-04 12:35:00,4121.25
2023-12-04 13:35:00,3784.79
2023-12-04 14:35:00,4017.62
2023-12-04 15:35:00,4111.35
2023-12-04 16:35:00,4062.91
2023-12-04 17:35:00,4022.49
2023-12-04 18:35:00,3903.65
2023-12-04 19:35:00,4001.91
2023-12-04 20:35:00,3795.47
2023-12-04 21:35:00,3597.76
2023-12-04 22:35:00,3498.34
2023-12-04 23:35:00,3353.99
2023-12-05 00:35:00,4448.23
2023-12-05 01:35:00,4159.25
2023-12-05 02:35:00,3974.69
2023-12-05 03:35:00,3790.13
2023-12-05 04:35:00,3656.39
2023-12-05 05:35:00,3650.07
2023-12-05 06:35:00,3778.79
2023-12-05 07:35:00,3431.46
2023-12-05 08:35:00,3499.73
2023-12-05 09:35:00,3941.87
2023-12-05 10:35:00,4418.53
2023-12-05 11:35:00,4484.53
2023-12-05 12:35:00,4553.15
2023-12-05 13:35:00,4408.74
2023-12-05 14:35:00,4558.61
2023-12-05 15:35:00,5108.51
2023-12-05 16:35:00,5107.92
2023-12-05 17:35:00,4865.34
2023-12-05 18:35:00,4586.39
2023-12-05 19:35:00,4545.78
2023-12-05 20:35:00,4533.25
2023-12-05 21:35:00,4572.62
2023-12-05 22:35:00,4812.31
2023-12-05 23:35:00,5408.72
2023-12-06 00:35:00,6005.13
2023-12-06 01:35:00,5472.42
2023-12-06 02:35:00,5381.32
2023-12-06 03:35:00,5112.84
2023-12-06 04:35:00,4885.17
2023-12-06 05:35:00,4591.32
2023-12-06 06:35:00,4415.83
2023-12-06 07:35:00,4367.88
2023-12-06 08:35:00,4254.82
2023-12-06 09:35:00,4886.6
2023-12-06 10:35:00,5170.45
2023-12-06 11:35:00,5669.17
2023-12-06 12:35:00,6022.44
2023-12-06 13:35:00,6074.87
2023-12-06 14:35:00,6556.69
2023-12-06 15:35:00,6658.2
2023-12-06 16:35:00,6457.93
2023-12-06 17:35:00,6152.02
2023-12-06 18:35:00,5651.54
2023-12-06 19:35:00,5523.7
2023-12-06 20:35:00,5706.2
2023-12-06 21:35:00,6085.6
2023-12-06 22:35:00,6662.04
2023-12-06 23:35:00,6776.72
2023-12-07 00:35:00,4839.71
2023-12-07 01:35:00,4577.88
2023-12-07 02:35:00,4337.41
2023-12-07 03:35:00,4133.25
2023-12-07 04:35:00,4028.61
2023-12-07 05:35:00,3991.09
2023-12-07 06:35:00,4143.36
2023-12-07 07:35:00,4155.75
2023-12-07 08:35:00,4301.57
2023-12-07 09:35:00,4846.45
2023-12-07 10:35:00,5218.82
2023-12-07 11:35:00,5289.83
2023-12-07 12:35:00,5307.38
2023-12-07 13:35:00,5174.45
2023-12-07 14:35:00,5471.01
2023-12-07 15:35:00,5657.26
2023-12-07 16:35:00,5564.02
2023-12-07 17:35:00,5564.02
2023-12-07 18:35:00,5564.02
2023-12-07 19:35:00,5564.02
2023-12-07 20:35:00,5564.02
2023-12-07 21:35:00,5564.02
2023-12-07 22:35:00,5564.02
2023-12-07 23:35:00,5564.02
2023-12-08 00:35:00,6122.19
2023-12-08 01:35:00,5714.27
2023-12-08 02:35:00,5376.72
2023-12-08 03:35:00,5090.21
2023-12-08 04:35:00,4870.19
2023-12-08 05:35:00,4647.96
2023-12-08 06:35:00,4513.01
2023-12-08 07:35:00,4366.61
2023-12-08 08:35:00,4289.13
2023-12-08 09:35:00,4666.32
2023-12-08 10:35:00,5146.9
2023-12-08 11:35:00,5381.8
2023-12-08 12:35:00,5586.24
2023-12-08 13:35:00,5622.75
2023-12-08 14:35:00,5987.4
2023-12-08 15:35:00,6124.2
2023-12-08 16:35:00,5858.49
2023-12-08 17:35:00,5619.25
2023-12-08 18:35:00,5320.33
2023-12-08 19:35:00,5389.34
2023-12-08 20:35:00,5532.84
2023-12-08 21:35:00,5705.66
2023-12-08 22:35:00,6044.48
2023-12-08 23:35:00,5388.7
2023-12-09 00:35:00,4732.92
2023-12-09 01:35:00,4386.85
2023-12-09 02:35:00,4150.15
2023-12-09 03:35:00,3934.78
2023-12-09 04:35:00,3808.67
2023-12-09 05:35:00,3792.51
2023-12-09 06:35:00,3899.27
2023-12-09 07:35:00,3988.31
2023-12-09 08:35:00,4054.48
2023-12-09 09:35:00,4579.61
2023-12-09 10:35:00,4953.35
2023-12-09 11:35:00,5135.93
2023-12-09 12:35:00,5189.52
2023-12-09 13:35:00,5125.54
2023-12-09 14:35:00,5554.01
2023-12-09 15:35:00,5657.49
2023-12-09 16:35:00,5527.6
2023-12-09 17:35:00,5421.34
2023-12-09 18:35:00,5301.8
2023-12-09 19:35:00,5336.47
2023-12-09 20:35:00,5194.36
2023-12-09 21:35:00,5318.1
2023-12-09 22:35:00,5600.96
2023-12-09 23:35:00,4951.530000000001
2023-12-10 00:35:00,4302.1
2023-12-10 01:35:00,4040.13
2023-12-10 02:35:00,3816.77
2023-12-10 03:35:00,3632.03
2023-12-10 04:35:00,3518.11
2023-12-10 05:35:00,3565.55
2023-12-10 06:35:00,3806.6
2023-12-10 07:35:00,3679.16
2023-12-10 08:35:00,3709.74
2023-12-10 09:35:00,4050.7
2023-12-10 10:35:00,4401.54
2023-12-10 11:35:00,4469.39
2023-12-10 12:35:00,4554.3
2023-12-10 13:35:00,4367.71
2023-12-10 14:35:00,4645.96
2023-12-10 15:35:00,4751.82
2023-12-10 16:35:00,4824.29
2023-12-10 17:35:00,4828.97
2023-12-10 18:35:00,4880.55
2023-12-10 19:35:00,4716.71
2023-12-10 20:35:00,4418.36
2023-12-10 21:35:00,4373.81
2023-12-10 22:35:00,4502.26
2023-12-10 23:35:00,4461.83
2023-12-11 00:35:00,2034.27
2023-12-11 01:35:00,1902.31
2023-12-11 02:35:00,1829.55
2023-12-11 03:35:00,1791.6
2023-12-11 04:35:00,1878.47
2023-12-11 05:35:00,2084.73
2023-12-11 06:35:00,2410.34
2023-12-11 07:35:00,2719.69
2023-12-11 08:35:00,2875.1
2023-12-11 09:35:00,2940.23
2023-12-11 10:35:00,3002.11
2023-12-11 11:35:00,2943.86
2023-12-11 12:35:00,2829.37
2023-12-11 13:35:00,2644.24
2023-12-11 14:35:00,2471.06
2023-12-11 15:35:00,2377.53
2023-12-11 16:35:00,2395.36
2023-12-11 17:35:00,2766.82
2023-12-11 18:35:00,3005.13
2023-12-11 19:35:00,2730.42
2023-12-11 20:35:00,2548.92
2023-12-11 21:35:00,2466.73
2023-12-11 22:35:00,2328.27
2023-12-11 23:35:00,2093.16
2023-12-12 00:35:00,1858.05
2023-12-12 01:35:00,1703.05
2023-12-12 02:35:00,1643.46
2023-12-12 03:35:00,1609.67
2023-12-12 04:35:00,1748.29
2023-12-12 05:35:00,2284.23
2023-12-12 06:35:00,3318.38
2023-12-12 07:35:00,3656.91
2023-12-12 08:35:00,3759.62
2023-12-12 09:35:00,3866.99
2023-12-12 10:35:00,3922.12
2023-12-12 11:35:00,3755.64
2023-12-12 12:35:00,3593.48
2023-12-12 13:35:00,3176.41
2023-12-12 14:35:00,3258.49
2023-12-12 15:35:00,3186.15
2023-12-12 16:35:00,3203.82
2023-12-12 17:35:00,3545.44
2023-12-12 18:35:00,3588.29
2023-12-12 19:35:00,3392.46
2023-12-12 20:35:00,3060.93
2023-12-12 21:35:00,2765.76
2023-12-12 22:35:00,2458.4
2023-12-12 23:35:00,2162.56
2023-12-13 00:35:00,1866.72
2023-12-13 01:35:00,1719.65
2023-12-13 02:35:00,1651.2
2023-12-13 03:35:00,1623.58
2023-12-13 04:35:00,1755.36
2023-12-13 05:35:00,2255.66
2023-12-13 06:35:00,3259.91
2023-12-13 07:35:00,3716.59
2023-12-13 08:35:00,3804.3
2023-12-13 09:35:00,4004.67
2023-12-13 10:35:00,4033.53
2023-12-13 11:35:00,3735.26
2023-12-13 12:35:00,3512.77
2023-12-13 13:35:00,3189.05
2023-12-13 14:35:00,3225.01
2023-12-13 15:35:00,3109.43
2023-12-13 16:35:00,3313.39
2023-12-13 17:35:00,3608.88
2023-12-13 18:35:00,3603.89
2023-12-13 19:35:00,3276.33
2023-12-13 20:35:00,2980.66
2023-12-13 21:35:00,2701.64
2023-12-13 22:35:00,2357.42
2023-12-13 23:35:00,2089.365
2023-12-14 00:35:00,1821.31
2023-12-14 01:35:00,1666.8
2023-12-14 02:35:00,1592.16
2023-12-14 03:35:00,1560.62
2023-12-14 04:35:00,1674.51
2023-12-14 05:35:00,2164.97
2023-12-14 06:35:00,3167.04
2023-12-14 07:35:00,3545.11
2023-12-14 08:35:00,3634.47
2023-12-14 09:35:00,3719.94
2023-12-14 10:35:00,3736.13
2023-12-14 11:35:00,3618.92
2023-12-14 12:35:00,3438.47
2023-12-14 13:35:00,3101.34
2023-12-14 14:35:00,3171.12
2023-12-14 15:35:00,3084.71
2023-12-14 16:35:00,3106.93
2023-12-14 17:35:00,3383.89
2023-12-14 18:35:00,3453.3
2023-12-14 19:35:00,3277.04
2023-12-14 20:35:00,2978.16
2023-12-14 21:35:00,2718.51
2023-12-14 22:35:00,2436.2
2023-12-14 23:35:00,2126.88
2023-12-15 00:35:00,1817.56
2023-12-15 01:35:00,1665.71
2023-12-15 02:35:00,1596.83
2023-12-15 03:35:00,1582.17
2023-12-15 04:35:00,1689.73
2023-12-15 05:35:00,2215.96
2023-12-15 06:35:00,3182.71
2023-12-15 07:35:00,3653.69
2023-12-15 08:35:00,3675.19
2023-12-15 09:35:00,3905.59
2023-12-15 10:35:00,3959.97
2023-12-15 11:35:00,3848.59
2023-12-15 12:35:00,3711.44
2023-12-15 13:35:00,3225.18
2023-12-15 14:35:00,3189.07
2023-12-15 15:35:00,3102.03
2023-12-15 16:35:00,2887.85
2023-12-15 17:35:00,3510.41
2023-12-15 18:35:00,3647.8
2023-12-15 19:35:00,3425.61
2023-12-15 20:35:00,3176.74
2023-12-15 21:35:00,2897.31
2023-12-15 22:35:00,2652.09
2023-12-15 23:35:00,2406.87
2023-12-16 00:35:00,2161.65
2023-12-16 01:35:00,1916.43
2023-12-16 02:35:00,1832.11
2023-12-16 03:35:00,1773.125
2023-12-16 04:35:00,1714.14
2023-12-16 05:35:00,2177.88
2023-12-16 06:35:00,2937.43
2023-12-16 07:35:00,3448.12
2023-12-16 08:35:00,3578.8
2023-12-16 09:35:00,3896.94
2023-12-16 10:35:00,3971.23
2023-12-16 11:35:00,3827.21
2023-12-16 12:35:00,3546.88
2023-12-16 13:35:00,3241.14
2023-12-16 14:35:00,3218.46
2023-12-16 15:35:00,3074.48
2023-12-16 16:35:00,3093.15
2023-12-16 17:35:00,3374.64
2023-12-16 18:35:00,3461.35
2023-12-16 19:35:00,3304.91
2023-12-16 20:35:00,3072.74
2023-12-16 21:35:00,2793.28
2023-12-16 22:35:00,2521.8
2023-12-16 23:35:00,2242.8900000000003
2023-12-17 00:35:00,1963.98
2023-12-17 01:35:00,1795.66
2023-12-17 02:35:00,1724.77
2023-12-17 03:35:00,1676.81
2023-12-17 04:35:00,1759.82
2023-12-17 05:35:00,2048.18
2023-12-17 06:35:00,2514.44
2023-12-17 07:35:00,3107.49
2023-12-17 08:35:00,3498.03
2023-12-17 09:35:00,3896.28
2023-12-17 10:35:00,4060.44
2023-12-17 11:35:00,4041.45
2023-12-17 12:35:00,3819.4
2023-12-17 13:35:00,3409.08
2023-12-17 14:35:00,3196.78
2023-12-17 15:35:00,3006.06
2023-12-17 16:35:00,2992.74
2023-12-17 17:35:00,3235.52
2023-12-17 18:35:00,3289.59
2023-12-17 19:35:00,3202.46
2023-12-17 20:35:00,2988.28
2023-12-17 21:35:00,2764.46
2023-12-17 22:35:00,2495.93
2023-12-17 23:35:00,2197.48
2023-12-18 00:35:00,1899.03
2023-12-18 01:35:00,1752.33
2023-12-18 02:35:00,1696.94
2023-12-18 03:35:00,1664.18
2023-12-18 04:35:00,1796.54
2023-12-18 05:35:00,2308.87
2023-12-18 06:35:00,3292.23
2023-12-18 07:35:00,3675.1
2023-12-18 08:35:00,3862.46
2023-12-18 09:35:00,3988.56
2023-12-18 10:35:00,4102.69
2023-12-18 11:35:00,3907.3
2023-12-18 12:35:00,3707.13
2023-12-18 13:35:00,3389.72
2023-12-18 14:35:00,3436.93
2023-12-18 15:35:00,3317.61
2023-12-18 16:35:00,3323.2
2023-12-18 17:35:00,3568.25
2023-12-18 18:35:00,3589.4
2023-12-18 19:35:00,3431.77
2023-12-18 20:35:00,3144.47
2023-12-18 21:35:00,2852.48
2023-12-18 22:35:00,2572.15
2023-12-18 23:35:00,2225.885
2023-12-19 00:35:00,1879.62
2023-12-19 01:35:00,1728.56
2023-12-19 02:35:00,1641.03
2023-12-19 03:35:00,1617.35
2023-12-19 04:35:00,1726.57
2023-12-19 05:35:00,2290.15
2023-12-19 06:35:00,3374.41
2023-12-19 07:35:00,3810.46
2023-12-19 08:35:00,3956.25
2023-12-19 09:35:00,4110.02
2023-12-19 10:35:00,4164.37
2023-12-19 11:35:00,3967.35
2023-12-19 12:35:00,3777.08
2023-12-19 13:35:00,3311.42
2023-12-19 14:35:00,3379.8
2023-12-19 15:35:00,3298.8
2023-12-19 16:35:00,3361.07
2023-12-19 17:35:00,3614.59
2023-12-19 18:35:00,3695.98
2023-12-19 19:35:00,3493.8
2023-12-19 20:35:00,3205.28
2023-12-19 21:35:00,2975.36
2023-12-19 22:35:00,2566.69
2023-12-19 23:35:00,2229.585
2023-12-20 00:35:00,1892.48
2023-12-20 01:35:00,1724.56
2023-12-20 02:35:00,1653.5
2023-12-20 03:35:00,1623.57
2023-12-20 04:35:00,1774.8
2023-12-20 05:35:00,2334.2
2023-12-20 06:35:00,3437.33
2023-12-20 07:35:00,3891.84
2023-12-20 08:35:00,4018.66
2023-12-20 09:35:00,4266.96
2023-12-20 10:35:00,4309.44
2023-12-20 11:35:00,4109.19
2023-12-20 12:35:00,3838.64
2023-12-20 13:35:00,3455.09
2023-12-20 14:35:00,3483.26
2023-12-20 15:35:00,3435.49
2023-12-20 16:35:00,3403.2
2023-12-20 17:35:00,3671.74
2023-12-20 18:35:00,3754.28
2023-12-20 19:35:00,3546.84
2023-12-20 20:35:00,3305.83
2023-12-20 21:35:00,2975.95
2023-12-20 22:35:00,2653.43
2023-12-20 23:35:00,2282.455
2023-12-21 00:35:00,1911.48
2023-12-21 01:35:00,1735.97
2023-12-21 02:35:00,1660.36
2023-12-21 03:35:00,1633.69
2023-12-21 04:35:00,1771.14
2023-12-21 05:35:00,2301.35
2023-12-21 06:35:00,3390.18
2023-12-21 07:35:00,3877.23
2023-12-21 08:35:00,3998.85
2023-12-21 09:35:00,4212.34
2023-12-21 10:35:00,4219.37
2023-12-21 11:35:00,4039.29
2023-12-21 12:35:00,3794.69
2023-12-21 13:35:00,3391.57
2023-12-21 14:35:00,3450.56
2023-12-21 15:35:00,3402.35
2023-12-21 16:35:00,3364.68
2023-12-21 17:35:00,3669.51
2023-12-21 18:35:00,3799.5
2023-12-21 19:35:00,3581.8
2023-12-21 20:35:00,3329.84
2023-12-21 21:35:00,3007.94
2023-12-21 22:35:00,2654.63
2023-12-21 23:35:00,2307.0150000000003
2023-12-22 00:35:00,1959.4
2023-12-22 01:35:00,1766.07
2023-12-22 02:35:00,1671.15
2023-12-22 03:35:00,1650.39
2023-12-22 04:35:00,1787.25
2023-12-22 05:35:00,2344.56
2023-12-22 06:35:00,3450.82
2023-12-22 07:35:00,3954.78
2023-12-22 08:35:00,4177.89
2023-12-22 09:35:00,4434.6
2023-12-22 10:35:00,4502.2
2023-12-22 11:35:00,4339.02
2023-12-22 12:35:00,4167.78
2023-12-22 13:35:00,3426.21
2023-12-22 14:35:00,3621.69
2023-12-22 15:35:00,3456.1
2023-12-22 16:35:00,3382.65
2023-12-22 17:35:00,3701.24
2023-12-22 18:35:00,3751.39
2023-12-22 19:35:00,3566.59
2023-12-22 20:35:00,3337.77
2023-12-22 21:35:00,2993.57
2023-12-22 22:35:00,2694.85
2023-12-22 23:35:00,2295.75
2023-12-23 00:35:00,1990.04
2023-12-23 01:35:00,1802.07
2023-12-23 02:35:00,1715.79
2023-12-23 03:35:00,1683.17
2023-12-23 04:35:00,1792.46
2023-12-23 05:35:00,2211.42
2023-12-23 06:35:00,3048.9
2023-12-23 07:35:00,3600.17
2023-12-23 08:35:00,3845.56
2023-12-23 09:35:00,4092.15
2023-12-23 10:35:00,4141.72
2023-12-23 11:35:00,3991.05
2023-12-23 12:35:00,3732.43
2023-12-23 13:35:00,3324.36
2023-12-23 14:35:00,3278.83
2023-12-23 15:35:00,3123.7
2023-12-23 16:35:00,3154.64
2023-12-23 17:35:00,3434.44
2023-12-23 18:35:00,3550.98
2023-12-23 19:35:00,3333.74
2023-12-23 20:35:00,3045.39
2023-12-23 21:35:00,2856.71
2023-12-23 22:35:00,2539.53
2023-12-23 23:35:00,2218.29
2023-12-24 00:35:00,1897.05
2023-12-24 01:35:00,1714.64
2023-12-24 02:35:00,1634.28
2023-12-24 03:35:00,1592.9
2023-12-24 04:35:00,1676.6
2023-12-24 05:35:00,1960.72
2023-12-24 06:35:00,2514.04
2023-12-24 07:35:00,3154.57
2023-12-24 08:35:00,3587.67
2023-12-24 09:35:00,4017.22
2023-12-24 10:35:00,4253.08
2023-12-24 11:35:00,4082.57
2023-12-24 12:35:00,3889.54
2023-12-24 13:35:00,3455.54
2023-12-24 14:35:00,3243.82
2023-12-24 15:35:00,3037.28
2023-12-24 16:35:00,2973.38
2023-12-24 17:35:00,3227.86
2023-12-24 18:35:00,3341.75
2023-12-24 19:35:00,3178.47
2023-12-24 20:35:00,2949.19
2023-12-24 21:35:00,2706.415
2023-12-24 22:35:00,2463.64
2023-12-24 23:35:00,2160.2
2023-12-25 00:35:00,1856.76
2023-12-25 01:35:00,1703.41
2023-12-25 02:35:00,1612.11
2023-12-25 03:35:00,1575.47
2023-12-25 04:35:00,1675.17
2023-12-25 05:35:00,1996.87
2023-12-25 06:35:00,2543.93
2023-12-25 07:35:00,3268.17
2023-12-25 08:35:00,3746.29
2023-12-25 09:35:00,4185.85
2023-12-25 10:35:00,4313.8
2023-12-25 11:35:00,4245.92
2023-12-25 12:35:00,3992.78
2023-12-25 13:35:00,3503.38
2023-12-25 14:35:00,3358.85
2023-12-25 15:35:00,3195.01
2023-12-25 16:35:00,3203.0
2023-12-25 17:35:00,3445.29
2023-12-25 18:35:00,3574.63
2023-12-25 19:35:00,3395.35
2023-12-25 20:35:00,3112.11
2023-12-25 21:35:00,2867.64
2023-12-25 22:35:00,2565.23
2023-12-25 23:35:00,2241.77
2023-12-26 00:35:00,1918.31
2023-12-26 01:35:00,1733.71
2023-12-26 02:35:00,1670.26
2023-12-26 03:35:00,1634.12
2023-12-26 04:35:00,1748.95
2023-12-26 05:35:00,2273.06
2023-12-26 06:35:00,3283.19
2023-12-26 07:35:00,3784.87
2023-12-26 08:35:00,4001.53
2023-12-26 09:35:00,4183.94
2023-12-26 10:35:00,4280.84
2023-12-26 11:35:00,4107.51
2023-12-26 12:35:00,3927.59
2023-12-26 13:35:00,3623.91
2023-12-26 14:35:00,3568.69
2023-12-26 15:35:00,3484.92
2023-12-26 16:35:00,3481.3
2023-12-26 17:35:00,3629.71
2023-12-26 18:35:00,3759.16
2023-12-26 19:35:00,3568.82
2023-12-26 20:35:00,3265.01
2023-12-26 21:35:00,2977.57
2023-12-26 22:35:00,2631.78
2023-12-26 23:35:00,2272.785
2023-12-27 00:35:00,1913.79
2023-12-27 01:35:00,1755.72
2023-12-27 02:35:00,1682.93
2023-12-27 03:35:00,1640.89
2023-12-27 04:35:00,1746.75
2023-12-27 05:35:00,2238.74
2023-12-27 06:35:00,3329.04
2023-12-27 07:35:00,3838.64
2023-12-27 08:35:00,4091.6
2023-12-27 09:35:00,4279.655
2023-12-27 10:35:00,4467.71
2023-12-27 11:35:00,4326.03
2023-12-27 12:35:00,4011.03
2023-12-27 13:35:00,3660.37
2023-12-27 14:35:00,3639.39
2023-12-27 15:35:00,3568.03
2023-12-27 16:35:00,3274.74
2023-12-27 17:35:00,3791.56
2023-12-27 18:35:00,3886.73
2023-12-27 19:35:00,3688.37
2023-12-27 20:35:00,3410.23
2023-12-27 21:35:00,3140.31
2023-12-27 22:35:00,2732.39
2023-12-27 23:35:00,2352.58
2023-12-28 00:35:00,1972.77
2023-12-28 01:35:00,1791.65
2023-12-28 02:35:00,1681.61
2023-12-28 03:35:00,1661.34
2023-12-28 04:35:00,1754.64
2023-12-28 05:35:00,2233.8
2023-12-28 06:35:00,3296.71
2023-12-28 07:35:00,3861.45
2023-12-28 08:35:00,4107.02
2023-12-28 09:35:00,4382.42
2023-12-28 10:35:00,4485.36
2023-12-28 11:35:00,4414.38
2023-12-28 12:35:00,4035.61
2023-12-28 13:35:00,3584.96
2023-12-28 14:35:00,3629.8
2023-12-28 15:35:00,3558.44
2023-12-28 16:35:00,3499.71
2023-12-28 17:35:00,3769.23
2023-12-28 18:35:00,3711.05
2023-12-28 19:35:00,3511.05
2023-12-28 20:35:00,3279.99
2023-12-28 21:35:00,3047.81
2023-12-28 22:35:00,2793.15
2023-12-28 23:35:00,2410.97
2023-12-29 00:35:00,1988.59
2023-12-29 01:35:00,1793.85
2023-12-29 02:35:00,1699.82
2023-12-29 03:35:00,1662.02
2023-12-29 04:35:00,1766.63
2023-12-29 05:35:00,2266.67
2023-12-29 06:35:00,3331.96
2023-12-29 07:35:00,3910.31
2023-12-29 08:35:00,4262.92
2023-12-29 09:35:00,4623.8
2023-12-29 10:35:00,4832.09
2023-12-29 11:35:00,4678.98
2023-12-29 12:35:00,4457.21
2023-12-29 13:35:00,3914.77
2023-12-29 14:35:00,3835.42
2023-12-29 15:35:00,3632.08
2023-12-29 16:35:00,3633.3
2023-12-29 17:35:00,3865.91
2023-12-29 18:35:00,3972.66
2023-12-29 19:35:00,3769.79
2023-12-29 20:35:00,3465.81
2023-12-29 21:35:00,3146.635
2023-12-29 22:35:00,2827.46
2023-12-29 23:35:00,2455.95
2023-12-30 00:35:00,2138.315
2023-12-30 01:35:00,1820.68
2023-12-30 02:35:00,1718.59
2023-12-30 03:35:00,1681.05
2023-12-30 04:35:00,1769.41
2023-12-30 05:35:00,2164.77
2023-12-30 06:35:00,2978.74
2023-12-30 07:35:00,3611.19
2023-12-30 08:35:00,3989.37
2023-12-30 09:35:00,4301.94
2023-12-30 10:35:00,4415.64
2023-12-30 11:35:00,4311.63
2023-12-30 12:35:00,4040.2
2023-12-30 13:35:00,3594.94
2023-12-30 14:35:00,3511.0
2023-12-30 15:35:00,3383.75
2023-12-30 16:35:00,3351.43
2023-12-30 17:35:00,3616.81
2023-12-30 18:35:00,3719.44
2023-12-30 19:35:00,3519.57
2023-12-30 20:35:00,3304.71
2023-12-30 21:35:00,3065.44
2023-12-30 22:35:00,2739.34
2023-12-30 23:35:00,2353.785
2023-12-31 00:35:00,1968.23
2023-12-31 01:35:00,1760.3
2023-12-31 02:35:00,1652.41
2023-12-31 03:35:00,1612.99
2023-12-31 04:35:00,1688.72
2023-12-31 05:35:00,1967.1
2023-12-31 06:35:00,2487.16
2023-12-31 07:35:00,3117.87
2023-12-31 08:35:00,3689.92
2023-12-31 09:35:00,4162.68
2023-12-31 10:35:00,4533.21
2023-12-31 11:35:00,4525.66
2023-12-31 12:35:00,4351.97
2023-12-31 13:35:00,3876.69
2023-12-31 14:35:00,3692.56
2023-12-31 15:35:00,3421.72
2023-12-31 16:35:00,3307.91
2023-12-31 17:35:00,3578.54
2023-12-31 18:35:00,3680.17
2023-12-31 19:35:00,3546.14
2023-12-31 20:35:00,3313.67
2023-12-31 21:35:00,3047.32
2023-12-31 22:35:00,2770.55
2023-12-31 23:35:00,2751.2057692307694
2024-01-01 00:35:00,2731.8615384615387
2024-01-01 01:35:00,2712.517307692308
2024-01-01 02:35:00,2693.173076923077
2024-01-01 03:35:00,2673.8288461538464
2024-01-01 04:35:00,2654.4846153846156
2024-01-01 05:35:00,2635.140384615385
2024-01-01 06:35:00,2615.796153846154
2024-01-01 07:35:00,2596.4519230769233
2024-01-01 08:35:00,2577.1076923076926
2024-01-01 09:35:00,2557.763461538462
2024-01-01 10:35:00,2538.419230769231
2024-01-01 11:35:00,2519.075
2024-01-01 12:35:00,2499.7307692307695
2024-01-01 13:35:00,2480.3865384615383
2024-01-01 14:35:00,2461.0423076923075
2024-01-01 15:35:00,2441.6980769230768
2024-01-01 16:35:00,2422.353846153846
2024-01-01 17:35:00,2403.0096153846152
2024-01-01 18:35:00,2383.6653846153845
2024-01-01 19:35:00,2364.3211538461537
2024-01-01 20:35:00,2344.976923076923
2024-01-01 21:35:00,2325.632692307692
2024-01-01 22:35:00,2306.2884615384614
2024-01-01 23:35:00,2286.9442307692307
2024-01-02 00:35:00,2267.6
2024-01-02 01:35:00,2006.86
2024-01-02 02:35:00,1893.5
2024-01-02 03:35:00,1826.72
2024-01-02 04:35:00,1911.63
2024-01-02 05:35:00,2271.07
2024-01-02 06:35:00,3132.5
2024-01-02 07:35:00,4147.75
2024-01-02 08:35:00,4401.48
2024-01-02 09:35:00,4739.8
2024-01-02 10:35:00,4993.36
2024-01-02 11:35:00,4902.33
2024-01-02 12:35:00,4710.82
2024-01-02 13:35:00,4311.17
2024-01-02 14:35:00,4221.3
2024-01-02 15:35:00,4081.71
2024-01-02 16:35:00,3885.69
2024-01-02 17:35:00,4076.01
2024-01-02 18:35:00,4273.74
2024-01-02 19:35:00,4135.14
2024-01-02 20:35:00,3885.11
2024-01-02 21:35:00,3633.21
2024-01-02 22:35:00,3220.49
2024-01-02 23:35:00,2652.06
2024-01-03 00:35:00,2053.72
2024-01-03 01:35:00,1908.52
2024-01-03 02:35:00,1844.82
2024-01-03 03:35:00,1815.62
2024-01-03 04:35:00,1920.02
2024-01-03 05:35:00,2352.01
2024-01-03 06:35:00,3164.31
2024-01-03 07:35:00,3774.33
2024-01-03 08:35:00,3851.69
2024-01-03 09:35:00,4076.93
2024-01-03 10:35:00,4122.03
2024-01-03 11:35:00,4024.62
2024-01-03 12:35:00,3840.69
2024-01-03 13:35:00,3417.95
2024-01-03 14:35:00,3307.31
2024-01-03 15:35:00,3223.44
2024-01-03 16:35:00,3207.8
2024-01-03 17:35:00,3364.08
2024-01-03 18:35:00,3556.66
2024-01-03 19:35:00,3379.68
2024-01-03 20:35:00,3142.31
2024-01-03 21:35:00,2852.06
2024-01-03 22:35:00,2575.72
2024-01-03 23:35:00,2867.865
2024-01-04 00:35:00,3160.01
2024-01-04 01:35:00,2973.9
2024-01-04 02:35:00,2859.62
2024-01-04 03:35:00,2786.93
2024-01-04 04:35:00,2823.9
2024-01-04 05:35:00,2993.87
2024-01-04 06:35:00,3312.75
2024-01-04 07:35:00,3335.5
2024-01-04 08:35:00,3376.6
2024-01-04 09:35:00,3661.87
2024-01-04 10:35:00,3913.87
2024-01-04 11:35:00,3917.9
2024-01-04 12:35:00,3895.62
2024-01-04 13:35:00,3700.65
2024-01-04 14:35:00,3819.64
2024-01-04 15:35:00,3837.0
2024-01-04 16:35:00,3826.98
2024-01-04 17:35:00,3806.46
2024-01-04 18:35:00,3795.62
2024-01-04 19:35:00,3769.43
2024-01-04 20:35:00,3563.32
2024-01-04 21:35:00,3396.67
2024-01-04 22:35:00,3291.11
2024-01-04 23:35:00,3940.085
2024-01-05 00:35:00,4589.06
2024-01-05 01:35:00,4263.48
2024-01-05 02:35:00,3984.99
2024-01-05 03:35:00,3734.84
2024-01-05 04:35:00,3548.02
2024-01-05 05:35:00,3487.24
2024-01-05 06:35:00,3613.56
2024-01-05 07:35:00,3487.59
2024-01-05 08:35:00,3514.94
2024-01-05 09:35:00,3887.13
2024-01-05 10:35:00,4121.48
2024-01-05 11:35:00,4208.64
2024-01-05 12:35:00,4299.66
2024-01-05 13:35:00,4231.03
2024-01-05 14:35:00,4493.84
2024-01-05 15:35:00,4548.15
2024-01-05 16:35:00,4432.23
2024-01-05 17:35:00,4366.24
2024-01-05 18:35:00,4204.99
2024-01-05 19:35:00,4254.52
2024-01-05 20:35:00,4107.32
2024-01-05 21:35:00,4121.43
2024-01-05 22:35:00,4274.76
2024-01-05 23:35:00,4330.06
2024-01-06 00:35:00,7721.56
2024-01-06 01:35:00,7382.43
2024-01-06 02:35:00,7086.1
2024-01-06 03:35:00,6743.24
2024-01-06 04:35:00,6396.04
2024-01-06 05:35:00,5946.4
2024-01-06 06:35:00,5531.51
2024-01-06 07:35:00,5368.05
2024-01-06 08:35:00,5194.35
2024-01-06 09:35:00,5494.2
2024-01-06 10:35:00,5971.35
2024-01-06 11:35:00,6355.92
2024-01-06 12:35:00,6760.1
2024-01-06 13:35:00,6843.36
2024-01-06 14:35:00,7355.28
2024-01-06 15:35:00,6840.3
2024-01-06 16:35:00,6680.36
2024-01-06 17:35:00,6226.15
2024-01-06 18:35:00,5732.52
2024-01-06 19:35:00,5796.79
2024-01-06 20:35:00,5972.76
2024-01-06 21:35:00,6380.15
2024-01-06 22:35:00,6969.73
2024-01-06 23:35:00,7229.77
2024-01-07 00:35:00,6270.95
2024-01-07 01:35:00,5909.15
2024-01-07 02:35:00,5591.48
2024-01-07 03:35:00,5281.14
2024-01-07 04:35:00,5039.12
2024-01-07 05:35:00,4803.63
2024-01-07 06:35:00,4688.36
2024-01-07 07:35:00,4613.18
2024-01-07 08:35:00,4781.04
2024-01-07 09:35:00,5312.01
2024-01-07 10:35:00,5709.17
2024-01-07 11:35:00,5938.05
2024-01-07 12:35:00,6048.82
2024-01-07 13:35:00,6167.52
2024-01-07 14:35:00,6682.09
2024-01-07 15:35:00,6858.5
2024-01-07 16:35:00,6683.24
2024-01-07 17:35:00,6383.96
2024-01-07 18:35:00,6036.69
2024-01-07 19:35:00,6080.71
2024-01-07 20:35:00,6374.34
2024-01-07 21:35:00,6716.84
2024-01-07 22:35:00,7124.31
2024-01-07 23:35:00,7092.02
2024-01-08 00:35:00,5653.89
2024-01-08 01:35:00,5403.21
2024-01-08 02:35:00,5181.13
2024-01-08 03:35:00,5007.1
2024-01-08 04:35:00,4831.17
2024-01-08 05:35:00,4661.22
2024-01-08 06:35:00,4614.68
2024-01-08 07:35:00,4568.9
2024-01-08 08:35:00,4674.73
2024-01-08 09:35:00,5180.48
2024-01-08 10:35:00,5614.65
2024-01-08 11:35:00,5852.95
2024-01-08 12:35:00,5982.41
2024-01-08 13:35:00,5966.93
2024-01-08 14:35:00,6355.9
2024-01-08 15:35:00,6438.2
2024-01-08 16:35:00,6333.36
2024-01-08 17:35:00,6052.76
2024-01-08 18:35:00,5777.11
2024-01-08 19:35:00,5710.64
2024-01-08 20:35:00,5885.89
2024-01-08 21:35:00,6119.83
2024-01-08 22:35:00,6474.04
2024-01-08 23:35:00,6465.15
2024-01-09 00:35:00,5873.23
2024-01-09 01:35:00,5504.07
2024-01-09 02:35:00,5228.05
2024-01-09 03:35:00,4965.71
2024-01-09 04:35:00,4749.45
2024-01-09 05:35:00,4616.34
2024-01-09 06:35:00,4483.03
2024-01-09 07:35:00,4417.66
2024-01-09 08:35:00,4404.47
2024-01-09 09:35:00,4642.53
2024-01-09 10:35:00,4973.25
2024-01-09 11:35:00,5278.49
2024-01-09 12:35:00,5446.53
2024-01-09 13:35:00,5491.41
2024-01-09 14:35:00,5834.4
2024-01-09 15:35:00,5865.55
2024-01-09 16:35:00,5677.35
2024-01-09 17:35:00,5483.27
2024-01-09 18:35:00,5348.16
2024-01-09 19:35:00,5598.31
2024-01-09 20:35:00,5906.7
2024-01-09 21:35:00,6184.69
2024-01-09 22:35:00,6516.49
2024-01-09 23:35:00,6426.5
2024-01-10 00:35:00,5358.01
2024-01-10 01:35:00,5058.59
2024-01-10 02:35:00,4834.35
2024-01-10 03:35:00,4492.14
2024-01-10 04:35:00,4378.04
2024-01-10 05:35:00,4347.18
2024-01-10 06:35:00,4440.03
2024-01-10 07:35:00,4468.05
2024-01-10 08:35:00,4523.7
2024-01-10 09:35:00,4991.33
2024-01-10 10:35:00,5285.06
2024-01-10 11:35:00,5442.54
2024-01-10 12:35:00,5530.41
2024-01-10 13:35:00,5581.51
2024-01-10 14:35:00,5883.34
2024-01-10 15:35:00,5978.03
2024-01-10 16:35:00,5869.06
2024-01-10 17:35:00,5731.52
2024-01-10 18:35:00,5664.82
2024-01-10 19:35:00,5673.6
2024-01-10 20:35:00,5539.17
2024-01-10 21:35:00,5672.78
2024-01-10 22:35:00,5904.54
2024-01-10 23:35:00,4614.96
2024-01-11 00:35:00,3325.38
2024-01-11 01:35:00,3172.34
2024-01-11 02:35:00,3030.93
2024-01-11 03:35:00,2913.47
2024-01-11 04:35:00,2869.28
2024-01-11 05:35:00,2912.47
2024-01-11 06:35:00,2948.45
2024-01-11 07:35:00,2910.74
2024-01-11 08:35:00,2962.92
2024-01-11 09:35:00,3096.84
2024-01-11 10:35:00,3250.44
2024-01-11 11:35:00,3369.87
2024-01-11 12:35:00,3408.37
2024-01-11 13:35:00,3276.65
2024-01-11 14:35:00,3194.27
2024-01-11 15:35:00,3152.19
2024-01-11 16:35:00,3121.52
2024-01-11 17:35:00,3307.83
2024-01-11 18:35:00,3515.7
2024-01-11 19:35:00,3421.18
2024-01-11 20:35:00,3339.91
2024-01-11 21:35:00,3315.47
2024-01-11 22:35:00,3210.64
2024-01-11 23:35:00,3138.25
2024-01-12 00:35:00,2014.11
2024-01-12 01:35:00,1874.11
2024-01-12 02:35:00,1795.34
2024-01-12 03:35:00,1758.28
2024-01-12 04:35:00,1832.19
2024-01-12 05:35:00,2070.5
2024-01-12 06:35:00,2478.11
2024-01-12 07:35:00,2982.79
2024-01-12 08:35:00,3318.52
2024-01-12 09:35:00,3596.91
2024-01-12 10:35:00,3771.78
2024-01-12 11:35:00,3776.88
2024-01-12 12:35:00,3606.53
2024-01-12 13:35:00,3214.78
2024-01-12 14:35:00,3116.45
2024-01-12 15:35:00,2977.23
2024-01-12 16:35:00,2933.6
2024-01-12 17:35:00,3215.0
2024-01-12 18:35:00,3207.68
2024-01-12 19:35:00,3059.7
2024-01-12 20:35:00,2828.38
2024-01-12 21:35:00,2621.86
2024-01-12 22:35:00,2415.9
2024-01-12 23:35:00,2433.375
2024-01-13 00:35:00,2450.85
2024-01-13 01:35:00,1971.36
2024-01-13 02:35:00,1820.22
2024-01-13 03:35:00,1780.69
2024-01-13 04:35:00,1851.69
2024-01-13 05:35:00,2190.03
2024-01-13 06:35:00,2872.34
2024-01-13 07:35:00,3886.52
2024-01-13 08:35:00,4571.83
2024-01-13 09:35:00,4895.3
2024-01-13 10:35:00,5236.8
2024-01-13 11:35:00,5196.37
2024-01-13 12:35:00,4917.86
2024-01-13 13:35:00,4446.15
2024-01-13 14:35:00,4283.34
2024-01-13 15:35:00,4072.01
2024-01-13 16:35:00,3960.15
2024-01-13 17:35:00,4095.16
2024-01-13 18:35:00,4316.13
2024-01-13 19:35:00,4157.59
2024-01-13 20:35:00,3926.89
2024-01-13 21:35:00,3727.07
2024-01-13 22:35:00,3399.19
2024-01-13 23:35:00,2902.085
2024-01-14 00:35:00,2404.98
2024-01-14 01:35:00,2063.88
2024-01-14 02:35:00,1907.38
2024-01-14 03:35:00,1834.66
2024-01-14 04:35:00,1911.57
2024-01-14 05:35:00,2234.19
2024-01-14 06:35:00,2815.45
2024-01-14 07:35:00,3571.52
2024-01-14 08:35:00,4309.42
2024-01-14 09:35:00,4893.73
2024-01-14 10:35:00,5388.02
2024-01-14 11:35:00,5374.03
2024-01-14 12:35:00,5005.43
2024-01-14 13:35:00,4406.04
2024-01-14 14:35:00,4016.14
2024-01-14 15:35:00,3744.23
2024-01-14 16:35:00,3650.93
2024-01-14 17:35:00,3845.36
2024-01-14 18:35:00,4120.19
2024-01-14 19:35:00,4049.09
2024-01-14 20:35:00,3971.21
2024-01-14 21:35:00,3848.43
2024-01-14 22:35:00,3399.69
2024-01-14 23:35:00,2833.675
2024-01-15 00:35:00,2267.66
2024-01-15 01:35:00,1994.89
2024-01-15 02:35:00,1838.52
2024-01-15 03:35:00,1786.08
2024-01-15 04:35:00,1922.71
2024-01-15 05:35:00,2414.63
2024-01-15 06:35:00,3464.9
2024-01-15 07:35:00,4694.6
2024-01-15 08:35:00,5126.67
2024-01-15 09:35:00,5305.44
2024-01-15 10:35:00,5339.23
2024-01-15 11:35:00,5149.81
2024-01-15 12:35:00,4707.84
2024-01-15 13:35:00,4198.01
2024-01-15 14:35:00,4151.74
2024-01-15 15:35:00,4027.93
2024-01-15 16:35:00,4010.27
2024-01-15 17:35:00,4271.23
2024-01-15 18:35:00,4472.28
2024-01-15 19:35:00,4371.84
2024-01-15 20:35:00,4166.54
2024-01-15 21:35:00,3981.17
2024-01-15 22:35:00,3538.15
2024-01-15 23:35:00,2950.27
2024-01-16 00:35:00,2362.39
2024-01-16 01:35:00,2084.58
2024-01-16 02:35:00,1925.66
2024-01-16 03:35:00,1870.85
2024-01-16 04:35:00,1983.79
2024-01-16 05:35:00,2414.47
2024-01-16 06:35:00,3409.67
2024-01-16 07:35:00,4663.39
2024-01-16 08:35:00,5003.45
2024-01-16 09:35:00,5227.53
2024-01-16 10:35:00,5362.55
2024-01-16 11:35:00,5155.43
2024-01-16 12:35:00,4841.37
2024-01-16 13:35:00,4289.87
2024-01-16 14:35:00,4302.19
2024-01-16 15:35:00,4194.02
2024-01-16 16:35:00,4163.93
2024-01-16 17:35:00,4479.94
2024-01-16 18:35:00,4678.62
2024-01-16 19:35:00,4607.77
2024-01-16 20:35:00,4381.1
2024-01-16 21:35:00,4157.48
2024-01-16 22:35:00,3611.9
2024-01-16 23:35:00,3003.775
2024-01-17 00:35:00,2395.65
2024-01-17 01:35:00,2098.15
2024-01-17 02:35:00,1949.99
2024-01-17 03:35:00,1903.4
2024-01-17 04:35:00,2011.4
2024-01-17 05:35:00,2443.9
2024-01-17 06:35:00,3489.0
2024-01-17 07:35:00,4687.47
2024-01-17 08:35:00,5086.56
2024-01-17 09:35:00,5373.27
2024-01-17 10:35:00,5459.26
2024-01-17 11:35:00,5347.63
2024-01-17 12:35:00,4859.98
2024-01-17 13:35:00,4412.18
2024-01-17 14:35:00,4339.33
2024-01-17 15:35:00,4238.93
2024-01-17 16:35:00,4166.39
2024-01-17 17:35:00,4427.09
2024-01-17 18:35:00,4617.25
2024-01-17 19:35:00,4486.81
2024-01-17 20:35:00,4279.74
2024-01-17 21:35:00,4114.7
2024-01-17 22:35:00,3624.17
2024-01-17 23:35:00,3008.53
2024-01-18 00:35:00,2431.43
2024-01-18 01:35:00,2123.56
2024-01-18 02:35:00,1959.02
2024-01-18 03:35:00,1907.09
2024-01-18 04:35:00,2006.89
2024-01-18 05:35:00,2452.39
2024-01-18 06:35:00,3420.78
2024-01-18 07:35:00,4700.99
2024-01-18 08:35:00,4954.05
2024-01-18 09:35:00,5309.47
2024-01-18 10:35:00,5364.9
2024-01-18 11:35:00,5072.64
2024-01-18 12:35:00,4761.78
2024-01-18 13:35:00,4320.43
2024-01-18 14:35:00,4314.45
2024-01-18 15:35:00,4250.06
2024-01-18 16:35:00,4199.48
2024-01-18 17:35:00,4366.42
2024-01-18 18:35:00,4630.58
2024-01-18 19:35:00,4470.95
2024-01-18 20:35:00,4276.88
2024-01-18 21:35:00,4082.51
2024-01-18 22:35:00,3629.55
2024-01-18 23:35:00,3017.69
2024-01-19 00:35:00,2405.83
2024-01-19 01:35:00,2110.7
2024-01-19 02:35:00,1976.7
2024-01-19 03:35:00,1898.43
2024-01-19 04:35:00,1986.85
2024-01-19 05:35:00,2442.12
2024-01-19 06:35:00,3445.68
2024-01-19 07:35:00,4689.43
2024-01-19 08:35:00,5141.23
2024-01-19 09:35:00,5516.04
2024-01-19 10:35:00,5753.04
2024-01-19 11:35:00,5529.06
2024-01-19 12:35:00,5302.18
2024-01-19 13:35:00,4847.37
2024-01-19 14:35:00,4690.83
2024-01-19 15:35:00,4591.2
2024-01-19 16:35:00,4492.55
2024-01-19 17:35:00,4636.79
2024-01-19 18:35:00,4816.78
2024-01-19 19:35:00,4628.63
2024-01-19 20:35:00,4420.28
2024-01-19 21:35:00,4221.1
2024-01-19 22:35:00,3826.51
2024-01-19 23:35:00,3249.69
2024-01-20 00:35:00,2672.87
2024-01-20 01:35:00,2370.41
2024-01-20 02:35:00,2223.64
2024-01-20 03:35:00,2177.18
2024-01-20 04:35:00,2260.57
2024-01-20 05:35:00,2599.89
2024-01-20 06:35:00,3366.68
2024-01-20 07:35:00,4354.86
2024-01-20 08:35:00,4756.89
2024-01-20 09:35:00,5113.88
2024-01-20 10:35:00,5335.17
2024-01-20 11:35:00,5039.55
2024-01-20 12:35:00,4712.66
2024-01-20 13:35:00,4209.31
2024-01-20 14:35:00,4086.92
2024-01-20 15:35:00,3973.76
2024-01-20 16:35:00,3959.53
2024-01-20 17:35:00,4136.29
2024-01-20 18:35:00,4421.26
2024-01-20 19:35:00,4265.57
2024-01-20 20:35:00,4043.43
2024-01-20 21:35:00,3937.08
2024-01-20 22:35:00,3535.24
2024-01-20 23:35:00,2967.99
2024-01-21 00:35:00,2400.74
2024-01-21 01:35:00,2073.42
2024-01-21 02:35:00,1905.28
2024-01-21 03:35:00,1823.58
2024-01-21 04:35:00,1894.54
2024-01-21 05:35:00,2172.87
2024-01-21 06:35:00,2764.06
2024-01-21 07:35:00,3512.58
2024-01-21 08:35:00,4261.99
2024-01-21 09:35:00,4842.56
2024-01-21 10:35:00,5383.91
2024-01-21 11:35:00,5446.41
2024-01-21 12:35:00,5110.86
2024-01-21 13:35:00,4587.98
2024-01-21 14:35:00,4245.86
2024-01-21 15:35:00,3864.75
2024-01-21 16:35:00,3763.37
2024-01-21 17:35:00,3958.61
2024-01-21 18:35:00,4339.82
2024-01-21 19:35:00,4225.43
2024-01-21 20:35:00,4120.51
2024-01-21 21:35:00,3974.57
2024-01-21 22:35:00,3527.66
2024-01-21 23:35:00,2920.05
2024-01-22 00:35:00,2392.0
2024-01-22 01:35:00,2062.92
2024-01-22 02:35:00,1910.64
2024-01-22 03:35:00,1856.26
2024-01-22 04:35:00,1936.81
2024-01-22 05:35:00,2309.06
2024-01-22 06:35:00,3085.02
2024-01-22 07:35:00,4177.4
2024-01-22 08:35:00,4949.93
2024-01-22 09:35:00,5535.69
2024-01-22 10:35:00,5793.08
2024-01-22 11:35:00,5701.57
2024-01-22 12:35:00,5203.21
2024-01-22 13:35:00,4570.99
2024-01-22 14:35:00,4396.73
2024-01-22 15:35:00,4173.33
2024-01-22 16:35:00,4097.6
2024-01-22 17:35:00,4232.65
2024-01-22 18:35:00,4356.01
2024-01-22 19:35:00,4234.84
2024-01-22 20:35:00,4139.29
2024-01-22 21:35:00,4010.12
2024-01-22 22:35:00,3539.25
2024-01-22 23:35:00,2947.04
2024-01-23 00:35:00,2354.83
2024-01-23 01:35:00,2080.4
2024-01-23 02:35:00,1931.87
2024-01-23 03:35:00,1887.51
2024-01-23 04:35:00,1987.09
2024-01-23 05:35:00,2395.21
2024-01-23 06:35:00,3354.93
2024-01-23 07:35:00,4615.2
2024-01-23 08:35:00,4896.71
2024-01-23 09:35:00,5168.23
2024-01-23 10:35:00,5351.67
2024-01-23 11:35:00,5083.47
2024-01-23 12:35:00,4739.87
2024-01-23 13:35:00,4271.28
2024-01-23 14:35:00,4298.68
2024-01-23 15:35:00,4292.09
2024-01-23 16:35:00,4217.07
2024-01-23 17:35:00,4332.69
2024-01-23 18:35:00,4608.45
2024-01-23 19:35:00,4502.8
2024-01-23 20:35:00,4255.9
2024-01-23 21:35:00,4072.4
2024-01-23 22:35:00,3598.23
2024-01-23 23:35:00,2983.3199999999997
2024-01-24 00:35:00,2368.41
2024-01-24 01:35:00,2079.32
2024-01-24 02:35:00,1939.64
2024-01-24 03:35:00,1885.91
2024-01-24 04:35:00,1965.2
2024-01-24 05:35:00,2415.89
2024-01-24 06:35:00,3413.48
2024-01-24 07:35:00,4733.2
2024-01-24 08:35:00,5060.22
2024-01-24 09:35:00,5344.23
2024-01-24 10:35:00,5608.68
2024-01-24 11:35:00,5470.27
2024-01-24 12:35:00,5007.51
2024-01-24 13:35:00,4509.74
2024-01-24 14:35:00,4444.69
2024-01-24 15:35:00,4092.83
2024-01-24 16:35:00,3945.5
2024-01-24 17:35:00,4372.32
2024-01-24 18:35:00,4594.91
2024-01-24 19:35:00,4506.03
2024-01-24 20:35:00,4294.87
2024-01-24 21:35:00,4084.29
2024-01-24 22:35:00,3640.9
2024-01-24 23:35:00,2996.66
2024-01-25 00:35:00,2439.56
2024-01-25 01:35:00,2092.58
2024-01-25 02:35:00,1952.48
2024-01-25 03:35:00,1910.99
2024-01-25 04:35:00,2007.35
2024-01-25 05:35:00,2439.24
2024-01-25 06:35:00,3404.76
2024-01-25 07:35:00,4658.95
2024-01-25 08:35:00,4984.78
2024-01-25 09:35:00,5396.31
2024-01-25 10:35:00,5438.79
2024-01-25 11:35:00,5231.82
2024-01-25 12:35:00,4912.43
2024-01-25 13:35:00,4403.43
2024-01-25 14:35:00,4303.4
2024-01-25 15:35:00,4246.36
2024-01-25 16:35:00,4209.94
2024-01-25 17:35:00,4372.06
2024-01-25 18:35:00,4595.2
2024-01-25 19:35:00,4415.17
2024-01-25 20:35:00,4202.16
2024-01-25 21:35:00,4007.16
2024-01-25 22:35:00,3488.116666666667
2024-01-25 23:35:00,2969.0733333333337
2024-01-26 00:35:00,2450.03
2024-01-26 01:35:00,2127.46
2024-01-26 02:35:00,1971.38
2024-01-26 03:35:00,1988.375
2024-01-26 04:35:00,2005.37
2024-01-26 05:35:00,2239.62
2024-01-26 06:35:00,2767.9
2024-01-26 07:35:00,3534.07
2024-01-26 08:35:00,4129.85
2024-01-26 09:35:00,4643.39
2024-01-26 10:35:00,4791.52
2024-01-26 11:35:00,4733.24
2024-01-26 12:35:00,4463.73
2024-01-26 13:35:00,3983.58
2024-01-26 14:35:00,3458.95
2024-01-26 15:35:00,3119.56
2024-01-26 16:35:00,3016.65
2024-01-26 17:35:00,3219.11
2024-01-26 18:35:00,3571.8
2024-01-26 19:35:00,3512.2
2024-01-26 20:35:00,3490.08
2024-01-26 21:35:00,3455.93
2024-01-26 22:35:00,3015.78
2024-01-26 23:35:00,2531.2650000000003
2024-01-27 00:35:00,2046.75
2024-01-27 01:35:00,1769.58
2024-01-27 02:35:00,1655.39
2024-01-27 03:35:00,1610.74
2024-01-27 04:35:00,1692.04
2024-01-27 05:35:00,2070.48
2024-01-27 06:35:00,2821.14
2024-01-27 07:35:00,3817.47
2024-01-27 08:35:00,4315.96
2024-01-27 09:35:00,4782.23
2024-01-27 10:35:00,4836.72
2024-01-27 11:35:00,4638.08
2024-01-27 12:35:00,4314.75
2024-01-27 13:35:00,3791.5
2024-01-27 14:35:00,3676.08
2024-01-27 15:35:00,3523.87
2024-01-27 16:35:00,3588.42
2024-01-27 17:35:00,3734.41
2024-01-27 18:35:00,3994.37
2024-01-27 19:35:00,3904.49
2024-01-27 20:35:00,3724.66
2024-01-27 21:35:00,3510.31
2024-01-27 22:35:00,3160.91
2024-01-27 23:35:00,2671.3149999999996
2024-01-28 00:35:00,2181.72
2024-01-28 01:35:00,1925.02
2024-01-28 02:35:00,1792.92
2024-01-28 03:35:00,1722.3
2024-01-28 04:35:00,1799.96
2024-01-28 05:35:00,2073.47
2024-01-28 06:35:00,2656.9
2024-01-28 07:35:00,3458.52
2024-01-28 08:35:00,4112.19
2024-01-28 09:35:00,4652.36
2024-01-28 10:35:00,4894.19
2024-01-28 11:35:00,4948.65
2024-01-28 12:35:00,4737.11
2024-01-28 13:35:00,4220.02
2024-01-28 14:35:00,4013.63
2024-01-28 15:35:00,3744.81
2024-01-28 16:35:00,3623.06
2024-01-28 17:35:00,3797.12
2024-01-28 18:35:00,4025.1
2024-01-28 19:35:00,3946.31
2024-01-28 20:35:00,3782.68
2024-01-28 21:35:00,3592.37
2024-01-28 22:35:00,3174.65
2024-01-28 23:35:00,2686.575
2024-01-29 00:35:00,2198.5
2024-01-29 01:35:00,1908.99
2024-01-29 02:35:00,1786.87
2024-01-29 03:35:00,1744.4
2024-01-29 04:35:00,1854.67
2024-01-29 05:35:00,2318.48
2024-01-29 06:35:00,3309.64
2024-01-29 07:35:00,4534.25
2024-01-29 08:35:00,4799.86
2024-01-29 09:35:00,5069.28
2024-01-29 10:35:00,5183.25
2024-01-29 11:35:00,4971.606428571428
2024-01-29 12:35:00,4759.9628571428575
2024-01-29 13:35:00,4548.319285714286
2024-01-29 14:35:00,4336.675714285714
2024-01-29 15:35:00,4125.032142857142
2024-01-29 16:35:00,3913.3885714285716
2024-01-29 17:35:00,3701.745
2024-01-29 18:35:00,3490.101428571428
2024-01-29 19:35:00,3278.457857142857
2024-01-29 20:35:00,3066.8142857142857
2024-01-29 21:35:00,2855.170714285714
2024-01-29 22:35:00,2643.5271428571427
2024-01-29 23:35:00,2431.883571428571
2024-01-30 00:35:00,2220.24
2024-01-30 01:35:00,1972.67
2024-01-30 02:35:00,1843.81
2024-01-30 03:35:00,1795.41
2024-01-30 04:35:00,1908.83
2024-01-30 05:35:00,2350.15
2024-01-30 06:35:00,3316.14
2024-01-30 07:35:00,4559.06
2024-01-30 08:35:00,4776.24
2024-01-30 09:35:00,5002.05
2024-01-30 10:35:00,5168.74
2024-01-30 11:35:00,4927.42
2024-01-30 12:35:00,4647.81
2024-01-30 13:35:00,4153.41
2024-01-30 14:35:00,4145.41
2024-01-30 15:35:00,4044.44
2024-01-30 16:35:00,3980.41
2024-01-30 17:35:00,4202.03
2024-01-30 18:35:00,4330.68
2024-01-30 19:35:00,4210.43
2024-01-30 20:35:00,3948.74
2024-01-30 21:35:00,3683.5
2024-01-30 22:35:00,3270.86
2024-01-30 23:35:00,2723.03
2024-01-31 00:35:00,2260.89
2024-01-31 01:35:00,1985.48
2024-01-31 02:35:00,1861.4
2024-01-31 03:35:00,2067.36
2024-01-31 04:35:00,1903.3
2024-01-31 05:35:00,2332.3
2024-01-31 06:35:00,3345.01
2024-01-31 07:35:00,4464.97
2024-01-31 08:35:00,4875.02
2024-01-31 09:35:00,5067.89
2024-01-31 10:35:00,5259.18
2024-01-31 11:35:00,5132.1
2024-01-31 12:35:00,4876.45
2024-01-31 13:35:00,4425.69
2024-01-31 14:35:00,4345.64
2024-01-31 15:35:00,4157.74
2024-01-31 16:35:00,3948.4
2024-01-31 17:35:00,4188.98
2024-01-31 18:35:00,4344.37
2024-01-31 19:35:00,4216.56
2024-01-31 20:35:00,4011.34
2024-01-31 21:35:00,3677.89
2024-01-31 22:35:00,3279.92
2024-01-31 23:35:00,2728.15
2024-02-01 00:35:00,2707.474
2024-02-01 01:35:00,2686.7980000000002
2024-02-01 02:35:00,2666.1220000000003
2024-02-01 03:35:00,2645.446
2024-02-01 04:35:00,2624.77
2024-02-01 05:35:00,2604.094
2024-02-01 06:35:00,2583.418
2024-02-01 07:35:00,2562.742
2024-02-01 08:35:00,2542.0660000000003
2024-02-01 09:35:00,2521.39
2024-02-01 10:35:00,2500.714
2024-02-01 11:35:00,2480.038
2024-02-01 12:35:00,2459.362
2024-02-01 13:35:00,2438.686
2024-02-01 14:35:00,2418.01
2024-02-01 15:35:00,2397.334
2024-02-01 16:35:00,2376.658
2024-02-01 17:35:00,2355.982
2024-02-01 18:35:00,2335.306
2024-02-01 19:35:00,2314.63
2024-02-01 20:35:00,2293.954
2024-02-01 21:35:00,2273.2780000000002
2024-02-01 22:35:00,2252.602
2024-02-01 23:35:00,2231.926
2024-02-02 00:35:00,2211.25
2024-02-02 01:35:00,1950.97
2024-02-02 02:35:00,1832.7
2024-02-02 03:35:00,1794.12
2024-02-02 04:35:00,1892.74
2024-02-02 05:35:00,2341.75
2024-02-02 06:35:00,3329.17
2024-02-02 07:35:00,4628.63
2024-02-02 08:35:00,4894.91
2024-02-02 09:35:00,5117.21
2024-02-02 10:35:00,5357.36
2024-02-02 11:35:00,5184.82
2024-02-02 12:35:00,4872.9
2024-02-02 13:35:00,4300.86
2024-02-02 14:35:00,4200.95
2024-02-02 15:35:00,3949.92
2024-02-02 16:35:00,3830.21
2024-02-02 17:35:00,4015.66
2024-02-02 18:35:00,4274.71
2024-02-02 19:35:00,4120.46
2024-02-02 20:35:00,3907.54
2024-02-02 21:35:00,3626.01
2024-02-02 22:35:00,3243.74
2024-02-02 23:35:00,2733.17
2024-02-03 00:35:00,2050.78
2024-02-03 01:35:00,1897.39
2024-02-03 02:35:00,1845.96
2024-02-03 03:35:00,1813.02
2024-02-03 04:35:00,1931.47
2024-02-03 05:35:00,2257.96
2024-02-03 06:35:00,2846.74
2024-02-03 07:35:00,3422.58
2024-02-03 08:35:00,3533.53
2024-02-03 09:35:00,3615.18
2024-02-03 10:35:00,3723.64
2024-02-03 11:35:00,3590.42
2024-02-03 12:35:00,3487.31
2024-02-03 13:35:00,3178.14
2024-02-03 14:35:00,3055.15
2024-02-03 15:35:00,2986.51
2024-02-03 16:35:00,2900.73
2024-02-03 17:35:00,3036.73
2024-02-03 18:35:00,3235.3
2024-02-03 19:35:00,3187.55
2024-02-03 20:35:00,2922.67
2024-02-03 21:35:00,2742.43
2024-02-03 22:35:00,2470.07
2024-02-03 23:35:00,2708.685
2024-02-04 00:35:00,2947.3
2024-02-04 01:35:00,2790.55
2024-02-04 02:35:00,2696.76
2024-02-04 03:35:00,2627.38
2024-02-04 04:35:00,2668.03
2024-02-04 05:35:00,2879.56
2024-02-04 06:35:00,3279.35
2024-02-04 07:35:00,3307.52
2024-02-04 08:35:00,3374.02
2024-02-04 09:35:00,3681.19
2024-02-04 10:35:00,3855.51
2024-02-04 11:35:00,3886.62
2024-02-04 12:35:00,3850.43
2024-02-04 13:35:00,3628.53
2024-02-04 14:35:00,3792.03
2024-02-04 15:35:00,3853.67
2024-02-04 16:35:00,3887.84
2024-02-04 17:35:00,3892.21
2024-02-04 18:35:00,3872.88
2024-02-04 19:35:00,3864.24
2024-02-04 20:35:00,3611.48
2024-02-04 21:35:00,3417.32
2024-02-04 22:35:00,3337.53
2024-02-04 23:35:00,3216.44
2024-02-05 00:35:00,4112.46
2024-02-05 01:35:00,3872.65
2024-02-05 02:35:00,3647.47
2024-02-05 03:35:00,3469.47
2024-02-05 04:35:00,3345.7
2024-02-05 05:35:00,3320.26
2024-02-05 06:35:00,3450.39
2024-02-05 07:35:00,3372.72
2024-02-05 08:35:00,3477.39
2024-02-05 09:35:00,3929.3
2024-02-05 10:35:00,4251.63
2024-02-05 11:35:00,4392.52
2024-02-05 12:35:00,4450.06
2024-02-05 13:35:00,4283.45
2024-02-05 14:35:00,4613.6
2024-02-05 15:35:00,4804.87
2024-02-05 16:35:00,4736.72
2024-02-05 17:35:00,4586.17
2024-02-05 18:35:00,4442.72
2024-02-05 19:35:00,4474.92
2024-02-05 20:35:00,4278.91
2024-02-05 21:35:00,4320.18
2024-02-05 22:35:00,4514.65
2024-02-05 23:35:00,4557.98
2024-02-06 00:35:00,7054.82
2024-02-06 01:35:00,6813.48
2024-02-06 02:35:00,6477.91
2024-02-06 03:35:00,6197.91
2024-02-06 04:35:00,5895.43
2024-02-06 05:35:00,5503.12
2024-02-06 06:35:00,5129.38
2024-02-06 07:35:00,4900.18
2024-02-06 08:35:00,4790.27
2024-02-06 09:35:00,4909.19
2024-02-06 10:35:00,5212.38
2024-02-06 11:35:00,5477.33
2024-02-06 12:35:00,5790.13
2024-02-06 13:35:00,6065.79
2024-02-06 14:35:00,6619.14
2024-02-06 15:35:00,6809.26
2024-02-06 16:35:00,6584.39
2024-02-06 17:35:00,6157.08
2024-02-06 18:35:00,5742.21
2024-02-06 19:35:00,5691.63
2024-02-06 20:35:00,5935.92
2024-02-06 21:35:00,6349.22
2024-02-06 22:35:00,7007.4
2024-02-06 23:35:00,7323.84
2024-02-07 00:35:00,6728.36
2024-02-07 01:35:00,6326.41
2024-02-07 02:35:00,6004.76
2024-02-07 03:35:00,5669.21
2024-02-07 04:35:00,5432.17
2024-02-07 05:35:00,5163.01
2024-02-07 06:35:00,5011.27
2024-02-07 07:35:00,4998.73
2024-02-07 08:35:00,5130.68
2024-02-07 09:35:00,5582.93
2024-02-07 10:35:00,5935.95
2024-02-07 11:35:00,6195.79
2024-02-07 12:35:00,6420.12
2024-02-07 13:35:00,6466.76
2024-02-07 14:35:00,7123.3
2024-02-07 15:35:00,7240.22
2024-02-07 16:35:00,6924.0
2024-02-07 17:35:00,6554.32
2024-02-07 18:35:00,6492.988571428571
2024-02-07 19:35:00,6431.657142857142
2024-02-07 20:35:00,6370.325714285714
2024-02-07 21:35:00,6308.994285714286
2024-02-07 22:35:00,6247.662857142857
2024-02-07 23:35:00,6186.331428571429
2024-02-08 00:35:00,6125.0
2024-02-08 01:35:00,5694.04
2024-02-08 02:35:00,5309.91
2024-02-08 03:35:00,5091.39
2024-02-08 04:35:00,4921.55
2024-02-08 05:35:00,4785.11
2024-02-08 06:35:00,4776.81
2024-02-08 07:35:00,4776.73
2024-02-08 08:35:00,4966.5
2024-02-08 09:35:00,5531.33
2024-02-08 10:35:00,5945.29
2024-02-08 11:35:00,6166.13
2024-02-08 12:35:00,6309.87
2024-02-08 13:35:00,5800.54
2024-02-08 14:35:00,6240.8
2024-02-08 15:35:00,6367.1
2024-02-08 16:35:00,6259.18
2024-02-08 17:35:00,6109.6
2024-02-08 18:35:00,5947.94
2024-02-08 19:35:00,5935.7
2024-02-08 20:35:00,6001.35
2024-02-08 21:35:00,6137.46
2024-02-08 22:35:00,6380.48
2024-02-08 23:35:00,6340.76
2024-02-09 00:35:00,5991.07
2024-02-09 01:35:00,5538.83
2024-02-09 02:35:00,5232.12
2024-02-09 03:35:00,4994.72
2024-02-09 04:35:00,4771.58
2024-02-09 05:35:00,4651.4
2024-02-09 06:35:00,4702.26
2024-02-09 07:35:00,4640.62
2024-02-09 08:35:00,4730.97
2024-02-09 09:35:00,5229.57
2024-02-09 10:35:00,5590.72
2024-02-09 11:35:00,5556.08
2024-02-09 12:35:00,5688.02
2024-02-09 13:35:00,5691.73
2024-02-09 14:35:00,6072.63
2024-02-09 15:35:00,6278.13
2024-02-09 16:35:00,6048.41
2024-02-09 17:35:00,5891.35
2024-02-09 18:35:00,5600.93
2024-02-09 19:35:00,5810.58
2024-02-09 20:35:00,5746.79
2024-02-09 21:35:00,5985.7
2024-02-09 22:35:00,6235.43
2024-02-09 23:35:00,6215.18
2024-02-10 00:35:00,5620.16
2024-02-10 01:35:00,5268.34
2024-02-10 02:35:00,5002.42
2024-02-10 03:35:00,4771.05
2024-02-10 04:35:00,4570.71
2024-02-10 05:35:00,4456.15
2024-02-10 06:35:00,4354.02
2024-02-10 07:35:00,4232.72
2024-02-10 08:35:00,4039.01
2024-02-10 09:35:00,4087.6
2024-02-10 10:35:00,4306.33
2024-02-10 11:35:00,4510.51
2024-02-10 12:35:00,4625.15
2024-02-10 13:35:00,4662.54
2024-02-10 14:35:00,4834.91
2024-02-10 15:35:00,4866.38
2024-02-10 16:35:00,4738.83
2024-02-10 17:35:00,4633.14
2024-02-10 18:35:00,4663.75
2024-02-10 19:35:00,4946.04
2024-02-10 20:35:00,5143.93
2024-02-10 21:35:00,4595.955
2024-02-10 22:35:00,4047.9800000000005
2024-02-10 23:35:00,3500.005
2024-02-11 00:35:00,2952.03
2024-02-11 01:35:00,2814.48
2024-02-11 02:35:00,2683.2
2024-02-11 03:35:00,2657.84
2024-02-11 04:35:00,2632.48
2024-02-11 05:35:00,2700.83
2024-02-11 06:35:00,2758.61
2024-02-11 07:35:00,2818.71
2024-02-11 08:35:00,2905.99
2024-02-11 09:35:00,3034.02
2024-02-11 10:35:00,3183.36
2024-02-11 11:35:00,3249.3
2024-02-11 12:35:00,3212.6
2024-02-11 13:35:00,3094.61
2024-02-11 14:35:00,3084.12
2024-02-11 15:35:00,3077.93
2024-02-11 16:35:00,3089.87
2024-02-11 17:35:00,3278.76
2024-02-11 18:35:00,3447.51
2024-02-11 19:35:00,3362.11
2024-02-11 20:35:00,3276.89
2024-02-11 21:35:00,3165.57
2024-02-11 22:35:00,3031.3
2024-02-11 23:35:00,2958.31
2024-02-12 00:35:00,1924.94
2024-02-12 01:35:00,1752.14
2024-02-12 02:35:00,1688.12
2024-02-12 03:35:00,1670.89
2024-02-12 04:35:00,1777.86
2024-02-12 05:35:00,2242.44
2024-02-12 06:35:00,3165.5
2024-02-12 07:35:00,3488.3
2024-02-12 08:35:00,3441.97
2024-02-12 09:35:00,3732.59
2024-02-12 10:35:00,3862.71
2024-02-12 11:35:00,3798.0
2024-02-12 12:35:00,3630.61
2024-02-12 13:35:00,3267.92
2024-02-12 14:35:00,3341.29
2024-02-12 15:35:00,3248.94
2024-02-12 16:35:00,3190.46
2024-02-12 17:35:00,3526.6
2024-02-12 18:35:00,3596.13
2024-02-12 19:35:00,3357.27
2024-02-12 20:35:00,3054.04
2024-02-12 21:35:00,2817.37
2024-02-12 22:35:00,2536.51
2024-02-12 23:35:00,2285.39
2024-02-13 00:35:00,1978.83
2024-02-13 01:35:00,1774.97
2024-02-13 02:35:00,1682.32
2024-02-13 03:35:00,1640.98
2024-02-13 04:35:00,1768.32
2024-02-13 05:35:00,2290.54
2024-02-13 06:35:00,3391.11
2024-02-13 07:35:00,4044.46
2024-02-13 08:35:00,4184.53
2024-02-13 09:35:00,4444.33
2024-02-13 10:35:00,4464.18
2024-02-13 11:35:00,4267.53
2024-02-13 12:35:00,3906.57
2024-02-13 13:35:00,3552.76
2024-02-13 14:35:00,3605.23
2024-02-13 15:35:00,3462.76
2024-02-13 16:35:00,3374.39
2024-02-13 17:35:00,3583.9
2024-02-13 18:35:00,3776.08
2024-02-13 19:35:00,3623.37
2024-02-13 20:35:00,3404.28
2024-02-13 21:35:00,3077.13
2024-02-13 22:35:00,2704.7966666666666
2024-02-13 23:35:00,2332.4633333333336
2024-02-14 00:35:00,1960.13
2024-02-14 01:35:00,1775.02
2024-02-14 02:35:00,1671.76
2024-02-14 03:35:00,1645.08
2024-02-14 04:35:00,1771.04
2024-02-14 05:35:00,2304.28
2024-02-14 06:35:00,3385.73
2024-02-14 07:35:00,4139.75
2024-02-14 08:35:00,4327.93
2024-02-14 09:35:00,4587.66
2024-02-14 10:35:00,4503.67
2024-02-14 11:35:00,4313.17
2024-02-14 12:35:00,3982.82
2024-02-14 13:35:00,3540.83
2024-02-14 14:35:00,3496.36
2024-02-14 15:35:00,3411.3
2024-02-14 16:35:00,3323.45
2024-02-14 17:35:00,3533.64
2024-02-14 18:35:00,3749.56
2024-02-14 19:35:00,3555.38
2024-02-14 20:35:00,3292.02
2024-02-14 21:35:00,2956.74
2024-02-14 22:35:00,2632.27
2024-02-14 23:35:00,2307.7999999999997
2024-02-15 00:35:00,1983.33
2024-02-15 01:35:00,1786.18
2024-02-15 02:35:00,1680.74
2024-02-15 03:35:00,1653.63
2024-02-15 04:35:00,1758.29
2024-02-15 05:35:00,2237.61
2024-02-15 06:35:00,3213.07
2024-02-15 07:35:00,3868.94
2024-02-15 08:35:00,4036.08
2024-02-15 09:35:00,4199.83
2024-02-15 10:35:00,4268.12
2024-02-15 11:35:00,4089.14
2024-02-15 12:35:00,3811.06
2024-02-15 13:35:00,3484.55
2024-02-15 14:35:00,3344.64
2024-02-15 15:35:00,3357.0
2024-02-15 16:35:00,3273.47
2024-02-15 17:35:00,3454.31
2024-02-15 18:35:00,3688.74
2024-02-15 19:35:00,3529.63
2024-02-15 20:35:00,3255.28
2024-02-15 21:35:00,2948.69
2024-02-15 22:35:00,2636.9
2024-02-15 23:35:00,2292.275
2024-02-16 00:35:00,1947.65
2024-02-16 01:35:00,1752.45
2024-02-16 02:35:00,1664.18
2024-02-16 03:35:00,1634.87
2024-02-16 04:35:00,1750.23
2024-02-16 05:35:00,2252.12
2024-02-16 06:35:00,3262.21
2024-02-16 07:35:00,4025.47
2024-02-16 08:35:00,4240.9
2024-02-16 09:35:00,4420.49
2024-02-16 10:35:00,4430.53
2024-02-16 11:35:00,4285.09
2024-02-16 12:35:00,4008.24
2024-02-16 13:35:00,3487.57
2024-02-16 14:35:00,3433.21
2024-02-16 15:35:00,3240.26
2024-02-16 16:35:00,3241.5
2024-02-16 17:35:00,3362.32
2024-02-16 18:35:00,3625.71
2024-02-16 19:35:00,3520.62
2024-02-16 20:35:00,3195.27
2024-02-16 21:35:00,2930.04
2024-02-16 22:35:00,2614.26
2024-02-16 23:35:00,2275.165
2024-02-17 00:35:00,1936.07
2024-02-17 01:35:00,1766.77
2024-02-17 02:35:00,1668.37
2024-02-17 03:35:00,1649.83
2024-02-17 04:35:00,1736.69
2024-02-17 05:35:00,2169.3
2024-02-17 06:35:00,2954.44
2024-02-17 07:35:00,3656.07
2024-02-17 08:35:00,3829.59
2024-02-17 09:35:00,3979.94
2024-02-17 10:35:00,4086.09
2024-02-17 11:35:00,3877.77
2024-02-17 12:35:00,3587.49
2024-02-17 13:35:00,3138.75
2024-02-17 14:35:00,3082.31
2024-02-17 15:35:00,2999.41
2024-02-17 16:35:00,3002.3
2024-02-17 17:35:00,3216.1
2024-02-17 18:35:00,3427.01
2024-02-17 19:35:00,3335.29
2024-02-17 20:35:00,3033.98
2024-02-17 21:35:00,2766.99
2024-02-17 22:35:00,2507.0
2024-02-17 23:35:00,2133.66
2024-02-18 00:35:00,1858.52
2024-02-18 01:35:00,1686.23
2024-02-18 02:35:00,1587.78
2024-02-18 03:35:00,1560.14
2024-02-18 04:35:00,1621.92
2024-02-18 05:35:00,1940.74
2024-02-18 06:35:00,2437.47
2024-02-18 07:35:00,3169.41
2024-02-18 08:35:00,3586.62
2024-02-18 09:35:00,3887.52
2024-02-18 10:35:00,4062.76
2024-02-18 11:35:00,4030.37
2024-02-18 12:35:00,3758.94
2024-02-18 13:35:00,3315.51
2024-02-18 14:35:00,3133.27
2024-02-18 15:35:00,2921.03
2024-02-18 16:35:00,2858.96
2024-02-18 17:35:00,3001.82
2024-02-18 18:35:00,3252.7
2024-02-18 19:35:00,3171.28
2024-02-18 20:35:00,2938.57
2024-02-18 21:35:00,2657.3
2024-02-18 22:35:00,2364.1
2024-02-18 23:35:00,2077.36
2024-02-19 00:35:00,1806.34
2024-02-19 01:35:00,1675.28
2024-02-19 02:35:00,1567.95
2024-02-19 03:35:00,1558.52
2024-02-19 04:35:00,1670.56
2024-02-19 05:35:00,2135.6
2024-02-19 06:35:00,3098.56
2024-02-19 07:35:00,3713.49
2024-02-19 08:35:00,3804.32
2024-02-19 09:35:00,3954.87
2024-02-19 10:35:00,4040.52
2024-02-19 11:35:00,3866.3
2024-02-19 12:35:00,3637.36
2024-02-19 13:35:00,3212.48
2024-02-19 14:35:00,3277.27
2024-02-19 15:35:00,3160.06
2024-02-19 16:35:00,3149.23
2024-02-19 17:35:00,3331.04
2024-02-19 18:35:00,3496.07
2024-02-19 19:35:00,3398.01
2024-02-19 20:35:00,3146.49
2024-02-19 21:35:00,2834.03
2024-02-19 22:35:00,2581.18
2024-02-19 23:35:00,2269.28
2024-02-20 00:35:00,2019.27
2024-02-20 01:35:00,1885.55
2024-02-20 02:35:00,1811.7
2024-02-20 03:35:00,1795.36
2024-02-20 04:35:00,1900.72
2024-02-20 05:35:00,2325.29
2024-02-20 06:35:00,3128.33
2024-02-20 07:35:00,3660.37
2024-02-20 08:35:00,3834.5
2024-02-20 09:35:00,3958.42
2024-02-20 10:35:00,4013.4
2024-02-20 11:35:00,3916.63
2024-02-20 12:35:00,3681.19
2024-02-20 13:35:00,3284.02
2024-02-20 14:35:00,3324.41
2024-02-20 15:35:00,3239.06
2024-02-20 16:35:00,3219.7
2024-02-20 17:35:00,3405.1
2024-02-20 18:35:00,3558.31
2024-02-20 19:35:00,3457.2
2024-02-20 20:35:00,3200.62
2024-02-20 21:35:00,2889.27
2024-02-20 22:35:00,2587.12
2024-02-20 23:35:00,2317.17
2024-02-21 00:35:00,2048.77
2024-02-21 01:35:00,1906.17
2024-02-21 02:35:00,1840.45
2024-02-21 03:35:00,1816.8
2024-02-21 04:35:00,1917.15
2024-02-21 05:35:00,2358.73
2024-02-21 06:35:00,3191.22
2024-02-21 07:35:00,3834.78
2024-02-21 08:35:00,3927.56
2024-02-21 09:35:00,4067.19
2024-02-21 10:35:00,4087.28
2024-02-21 11:35:00,3932.75
2024-02-21 12:35:00,3755.09
2024-02-21 13:35:00,3352.84
2024-02-21 14:35:00,3346.47
2024-02-21 15:35:00,3254.89
2024-02-21 16:35:00,3198.44
2024-02-21 17:35:00,3400.59
2024-02-21 18:35:00,3589.14
2024-02-21 19:35:00,3489.12
2024-02-21 20:35:00,3191.85
2024-02-21 21:35:00,2944.94
2024-02-21 22:35:00,2617.75
2024-02-21 23:35:00,2313.25
2024-02-22 00:35:00,2065.95
2024-02-22 01:35:00,1913.77
2024-02-22 02:35:00,1827.64
2024-02-22 03:35:00,1816.04
2024-02-22 04:35:00,1903.2
2024-02-22 05:35:00,2334.46
2024-02-22 06:35:00,3153.97
2024-02-22 07:35:00,3785.58
2024-02-22 08:35:00,3806.66
2024-02-22 09:35:00,3940.91
2024-02-22 10:35:00,3940.01
2024-02-22 11:35:00,3858.79
2024-02-22 12:35:00,3607.51
2024-02-22 13:35:00,3252.14
2024-02-22 14:35:00,3266.63
2024-02-22 15:35:00,3216.25
2024-02-22 16:35:00,3205.73
2024-02-22 17:35:00,3421.2
2024-02-22 18:35:00,3585.27
2024-02-22 19:35:00,3462.36
2024-02-22 20:35:00,3165.86
2024-02-22 21:35:00,2902.74
2024-02-22 22:35:00,2610.42
2024-02-22 23:35:00,2339.95
2024-02-23 00:35:00,2069.48
2024-02-23 01:35:00,1911.77
2024-02-23 02:35:00,1831.81
2024-02-23 03:35:00,1808.56
2024-02-23 04:35:00,1913.1
2024-02-23 05:35:00,2362.9
2024-02-23 06:35:00,3282.27
2024-02-23 07:35:00,3879.53
2024-02-23 08:35:00,3954.3
2024-02-23 09:35:00,4107.15
2024-02-23 10:35:00,4192.32
2024-02-23 11:35:00,3981.45
2024-02-23 12:35:00,3859.54
2024-02-23 13:35:00,3368.27
2024-02-23 14:35:00,3303.17
2024-02-23 15:35:00,3222.42
2024-02-23 16:35:00,3259.73
2024-02-23 17:35:00,3403.66
2024-02-23 18:35:00,3575.73
2024-02-23 19:35:00,3483.78
2024-02-23 20:35:00,3222.34
2024-02-23 21:35:00,2909.35
2024-02-23 22:35:00,2623.03
2024-02-23 23:35:00,2349.11
2024-02-24 00:35:00,2075.19
2024-02-24 01:35:00,1931.78
2024-02-24 02:35:00,1838.04
2024-02-24 03:35:00,1817.21
2024-02-24 04:35:00,1915.29
2024-02-24 05:35:00,2266.38
2024-02-24 06:35:00,2911.03
2024-02-24 07:35:00,3491.29
2024-02-24 08:35:00,3677.48
2024-02-24 09:35:00,3779.9
2024-02-24 10:35:00,3889.28
2024-02-24 11:35:00,3750.09
2024-02-24 12:35:00,3534.74
2024-02-24 13:35:00,3185.07
2024-02-24 14:35:00,3093.99
2024-02-24 15:35:00,3024.17
2024-02-24 16:35:00,2987.07
2024-02-24 17:35:00,3117.65
2024-02-24 18:35:00,3367.37
2024-02-24 19:35:00,3223.83
2024-02-24 20:35:00,3014.61
2024-02-24 21:35:00,2775.87
2024-02-24 22:35:00,2503.1
2024-02-24 23:35:00,2256.085
2024-02-25 00:35:00,2009.07
2024-02-25 01:35:00,1853.98
2024-02-25 02:35:00,1782.21
2024-02-25 03:35:00,1741.64
2024-02-25 04:35:00,1840.54
2024-02-25 05:35:00,2074.24
2024-02-25 06:35:00,2547.71
2024-02-25 07:35:00,3192.13
2024-02-25 08:35:00,3524.25
2024-02-25 09:35:00,3834.97
2024-02-25 10:35:00,4025.28
2024-02-25 11:35:00,3943.37
2024-02-25 12:35:00,3777.78
2024-02-25 13:35:00,3414.07
2024-02-25 14:35:00,3236.97
2024-02-25 15:35:00,3109.84
2024-02-25 16:35:00,2989.78
2024-02-25 17:35:00,3148.51
2024-02-25 18:35:00,3329.69
2024-02-25 19:35:00,3201.98
2024-02-25 20:35:00,2986.77
2024-02-25 21:35:00,2791.91
2024-02-25 22:35:00,2475.62
2024-02-25 23:35:00,2220.055
2024-02-26 00:35:00,1964.49
2024-02-26 01:35:00,1823.56
2024-02-26 02:35:00,1769.31
2024-02-26 03:35:00,1752.48
2024-02-26 04:35:00,1865.43
2024-02-26 05:35:00,2311.59
2024-02-26 06:35:00,3096.07
2024-02-26 07:35:00,3661.17
2024-02-26 08:35:00,3796.42
2024-02-26 09:35:00,3874.57
2024-02-26 10:35:00,3911.81
2024-02-26 11:35:00,3793.9
2024-02-26 12:35:00,3609.14
2024-02-26 13:35:00,3254.23
2024-02-26 14:35:00,3252.4
2024-02-26 15:35:00,3142.69
2024-02-26 16:35:00,3083.22
2024-02-26 17:35:00,3295.48
2024-02-26 18:35:00,3476.64
2024-02-26 19:35:00,3369.91
2024-02-26 20:35:00,3117.72
2024-02-26 21:35:00,2874.63
2024-02-26 22:35:00,2591.5066666666667
2024-02-26 23:35:00,2308.383333333333
2024-02-27 00:35:00,2025.26
2024-02-27 01:35:00,1858.21
2024-02-27 02:35:00,1793.6
2024-02-27 03:35:00,1783.84
2024-02-27 04:35:00,1885.56
2024-02-27 05:35:00,2316.1
2024-02-27 06:35:00,3081.94
2024-02-27 07:35:00,3690.0
2024-02-27 08:35:00,3830.89
2024-02-27 09:35:00,3917.79
2024-02-27 10:35:00,3951.54
2024-02-27 11:35:00,3791.79
2024-02-27 12:35:00,3634.5
2024-02-27 13:35:00,3239.13
2024-02-27 14:35:00,3280.92
2024-02-27 15:35:00,3153.88
2024-02-27 16:35:00,3111.5
2024-02-27 17:35:00,3280.78
2024-02-27 18:35:00,3519.11
2024-02-27 19:35:00,3397.66
2024-02-27 20:35:00,3150.18
2024-02-27 21:35:00,2862.44
2024-02-27 22:35:00,2564.9
2024-02-27 23:35:00,2296.945
2024-02-28 00:35:00,2028.99
2024-02-28 01:35:00,1877.41
2024-02-28 02:35:00,1813.28
2024-02-28 03:35:00,1777.47
2024-02-28 04:35:00,1869.59
2024-02-28 05:35:00,2314.89
2024-02-28 06:35:00,3206.52
2024-02-28 07:35:00,3789.78
2024-02-28 08:35:00,3886.03
2024-02-28 09:35:00,4074.44
2024-02-28 10:35:00,4007.47
2024-02-28 11:35:00,3901.4
2024-02-28 12:35:00,3694.39
2024-02-28 13:35:00,3273.46
2024-02-28 14:35:00,3266.98
2024-02-28 15:35:00,3217.39
2024-02-28 16:35:00,3187.86
2024-02-28 17:35:00,3384.57
2024-02-28 18:35:00,3561.6
2024-02-28 19:35:00,3447.09
2024-02-28 20:35:00,3159.12
2024-02-28 21:35:00,2912.59
2024-02-28 22:35:00,2627.096666666667
2024-02-28 23:35:00,2341.6033333333335
2024-02-29 00:35:00,2056.11
2024-02-29 01:35:00,1901.51
2024-02-29 02:35:00,1812.55
2024-02-29 03:35:00,1798.34
2024-02-29 04:35:00,1890.09
2024-02-29 05:35:00,2285.37
2024-02-29 06:35:00,3064.61
2024-02-29 07:35:00,3709.02
2024-02-29 08:35:00,3845.79
2024-02-29 09:35:00,4012.12
2024-02-29 10:35:00,3964.46
2024-02-29 11:35:00,3804.56
2024-02-29 12:35:00,3654.58
2024-02-29 13:35:00,3255.22
2024-02-29 14:35:00,3285.84
2024-02-29 15:35:00,3221.26
2024-02-29 16:35:00,3236.82
2024-02-29 17:35:00,3412.37
2024-02-29 18:35:00,3538.29
2024-02-29 19:35:00,3459.42
2024-02-29 20:35:00,3151.46
2024-02-29 21:35:00,2841.57
2024-02-29 22:35:00,2593.6
2024-02-29 23:35:00,2291.96
2024-03-01 00:35:00,2290.5164
2024-03-01 01:35:00,2289.0728
2024-03-01 02:35:00,2287.6292
2024-03-01 03:35:00,2286.1856
2024-03-01 04:35:00,2284.742
2024-03-01 05:35:00,2283.2984
2024-03-01 06:35:00,2281.8548
2024-03-01 07:35:00,2280.4112
2024-03-01 08:35:00,2278.9676
2024-03-01 09:35:00,2277.524
2024-03-01 10:35:00,2276.0804
2024-03-01 11:35:00,2274.6367999999998
2024-03-01 12:35:00,2273.1932
2024-03-01 13:35:00,2271.7496
2024-03-01 14:35:00,2270.306
2024-03-01 15:35:00,2268.8624
2024-03-01 16:35:00,2267.4188
2024-03-01 17:35:00,2265.9752
2024-03-01 18:35:00,2264.5316
2024-03-01 19:35:00,2263.0879999999997
2024-03-01 20:35:00,2261.6444
2024-03-01 21:35:00,2260.2008
2024-03-01 22:35:00,2258.7572
2024-03-01 23:35:00,2257.3136
2024-03-02 00:35:00,2255.87
2024-03-02 01:35:00,1986.23
2024-03-02 02:35:00,1852.05
2024-03-02 03:35:00,1790.39
2024-03-02 04:35:00,1892.8
2024-03-02 05:35:00,2285.63
2024-03-02 06:35:00,3082.68
2024-03-02 07:35:00,4093.24
2024-03-02 08:35:00,4454.84
2024-03-02 09:35:00,4683.47
2024-03-02 10:35:00,4816.96
2024-03-02 11:35:00,4608.67
2024-03-02 12:35:00,4218.04
2024-03-02 13:35:00,3826.94
2024-03-02 14:35:00,3749.2
2024-03-02 15:35:00,3630.33
2024-03-02 16:35:00,3597.77
2024-03-02 17:35:00,3722.38
2024-03-02 18:35:00,3910.07
2024-03-02 19:35:00,3772.61
2024-03-02 20:35:00,3500.66
2024-03-02 21:35:00,3302.8
2024-03-02 22:35:00,2977.65
2024-03-02 23:35:00,2517.73
2024-03-03 00:35:00,1983.57
2024-03-03 01:35:00,1831.59
2024-03-03 02:35:00,1762.36
2024-03-03 03:35:00,1724.37
2024-03-03 04:35:00,1817.51
2024-03-03 05:35:00,2043.26
2024-03-03 06:35:00,2424.21
2024-03-03 07:35:00,3049.79
2024-03-03 08:35:00,3400.91
2024-03-03 09:35:00,3709.12
2024-03-03 10:35:00,3872.77
2024-03-03 11:35:00,3791.59
2024-03-03 12:35:00,3589.14
2024-03-03 13:35:00,3229.08
2024-03-03 14:35:00,3082.29
2024-03-03 15:35:00,2916.7
2024-03-03 16:35:00,2854.72
2024-03-03 17:35:00,2974.55
2024-03-03 18:35:00,3161.37
2024-03-03 19:35:00,3137.94
2024-03-03 20:35:00,2886.53
2024-03-03 21:35:00,2701.59
2024-03-03 22:35:00,2802.2633333333333
2024-03-03 23:35:00,2902.936666666667
2024-03-04 00:35:00,3003.61
2024-03-04 01:35:00,2830.3
2024-03-04 02:35:00,2718.37
2024-03-04 03:35:00,2639.64
2024-03-04 04:35:00,2683.75
2024-03-04 05:35:00,2918.77
2024-03-04 06:35:00,3413.1
2024-03-04 07:35:00,3366.32
2024-03-04 08:35:00,3442.4
2024-03-04 09:35:00,3813.01
2024-03-04 10:35:00,3970.84
2024-03-04 11:35:00,4053.44
2024-03-04 12:35:00,3984.11
2024-03-04 13:35:00,3816.68
2024-03-04 14:35:00,4002.5
2024-03-04 15:35:00,4057.94
2024-03-04 16:35:00,4048.09
2024-03-04 17:35:00,4071.05
2024-03-04 18:35:00,4060.99
2024-03-04 19:35:00,4001.92
2024-03-04 20:35:00,3735.6
2024-03-04 21:35:00,3595.05
2024-03-04 22:35:00,3531.23
2024-03-04 23:35:00,3964.125
2024-03-05 00:35:00,4397.02
2024-03-05 01:35:00,4116.17
2024-03-05 02:35:00,3829.08
2024-03-05 03:35:00,3645.11
2024-03-05 04:35:00,3501.55
2024-03-05 05:35:00,3474.34
2024-03-05 06:35:00,3699.47
2024-03-05 07:35:00,3576.6
2024-03-05 08:35:00,3640.69
2024-03-05 09:35:00,4120.19
2024-03-05 10:35:00,4431.21
2024-03-05 11:35:00,4626.19
2024-03-05 12:35:00,4655.77
2024-03-05 13:35:00,4226.27
2024-03-05 14:35:00,4881.49
2024-03-05 15:35:00,5035.31
2024-03-05 16:35:00,4953.17
2024-03-05 17:35:00,4741.73
2024-03-05 18:35:00,4559.38
2024-03-05 19:35:00,4582.58
2024-03-05 20:35:00,4407.01
2024-03-05 21:35:00,4462.85
2024-03-05 22:35:00,4751.97
2024-03-05 23:35:00,5963.57
2024-03-06 00:35:00,7175.17
2024-03-06 01:35:00,6824.71
2024-03-06 02:35:00,6525.63
2024-03-06 03:35:00,6161.5
2024-03-06 04:35:00,5853.63
2024-03-06 05:35:00,5463.21
2024-03-06 06:35:00,5234.22
2024-03-06 07:35:00,5139.49
2024-03-06 08:35:00,5207.46
2024-03-06 09:35:00,5715.36
2024-03-06 10:35:00,6184.76
2024-03-06 11:35:00,6483.47
2024-03-06 12:35:00,6781.87
2024-03-06 13:35:00,7017.55
2024-03-06 14:35:00,7458.11
2024-03-06 15:35:00,7580.43
2024-03-06 16:35:00,7521.35
2024-03-06 17:35:00,6940.32
2024-03-06 18:35:00,6348.17
2024-03-06 19:35:00,6142.74
2024-03-06 20:35:00,6377.06
2024-03-06 21:35:00,6905.96
2024-03-06 22:35:00,7634.32
2024-03-06 23:35:00,7819.25
2024-03-07 00:35:00,6561.44
2024-03-07 01:35:00,6170.22
2024-03-07 02:35:00,5810.61
2024-03-07 03:35:00,5519.77
2024-03-07 04:35:00,5299.21
2024-03-07 05:35:00,5048.85
2024-03-07 06:35:00,5010.42
2024-03-07 07:35:00,4955.2
2024-03-07 08:35:00,5072.98
2024-03-07 09:35:00,5616.77
2024-03-07 10:35:00,6042.09
2024-03-07 11:35:00,6316.9
2024-03-07 12:35:00,6452.08
2024-03-07 13:35:00,6381.15
2024-03-07 14:35:00,6473.97
2024-03-07 15:35:00,6012.52
2024-03-07 16:35:00,5763.01
2024-03-07 17:35:00,5548.41
2024-03-07 18:35:00,5338.55
2024-03-07 19:35:00,5316.69
2024-03-07 20:35:00,5339.33
2024-03-07 21:35:00,5550.73
2024-03-07 22:35:00,5861.72
2024-03-07 23:35:00,5918.46
2024-03-08 00:35:00,5954.38
2024-03-08 01:35:00,5579.69
2024-03-08 02:35:00,5282.99
2024-03-08 03:35:00,5045.09
2024-03-08 04:35:00,4830.15
2024-03-08 05:35:00,4670.76
2024-03-08 06:35:00,4572.19
2024-03-08 07:35:00,4549.27
2024-03-08 08:35:00,4637.54
2024-03-08 09:35:00,4996.59
2024-03-08 10:35:00,5428.58
2024-03-08 11:35:00,5595.77
2024-03-08 12:35:00,5800.62
2024-03-08 13:35:00,5844.88
2024-03-08 14:35:00,6216.08
2024-03-08 15:35:00,5964.71
2024-03-08 16:35:00,5992.89
2024-03-08 17:35:00,5903.63
2024-03-08 18:35:00,5616.14
2024-03-08 19:35:00,5578.87
2024-03-08 20:35:00,5677.5
2024-03-08 21:35:00,5804.01
2024-03-08 22:35:00,6167.59
2024-03-08 23:35:00,6229.65
2024-03-09 00:35:00,5860.77
2024-03-09 01:35:00,5479.43
2024-03-09 02:35:00,5204.28
2024-03-09 03:35:00,4961.68
2024-03-09 04:35:00,4764.75
2024-03-09 05:35:00,4686.69
2024-03-09 06:35:00,4726.02
2024-03-09 07:35:00,4708.32
2024-03-09 08:35:00,4808.31
2024-03-09 09:35:00,5347.48
2024-03-09 10:35:00,5733.58
2024-03-09 11:35:00,5930.65
2024-03-09 12:35:00,5915.65
2024-03-09 13:35:00,6038.45
2024-03-09 14:35:00,6337.39
2024-03-09 15:35:00,6463.95
2024-03-09 16:35:00,6253.9
2024-03-09 17:35:00,6050.47
2024-03-09 18:35:00,5765.28
2024-03-09 19:35:00,5931.64
2024-03-09 20:35:00,5874.63
2024-03-09 21:35:00,5908.16
2024-03-09 22:35:00,5919.4
2024-03-09 23:35:00,5915.8
2024-03-10 00:35:00,5468.13
2024-03-10 01:35:00,5146.28
2024-03-10 02:35:00,4884.29
2024-03-10 03:35:00,4637.44
2024-03-10 04:35:00,4443.25
2024-03-10 05:35:00,4387.13
2024-03-10 06:35:00,4441.3
2024-03-10 07:35:00,4315.82
2024-03-10 08:35:00,4414.96
2024-03-10 09:35:00,4846.5
2024-03-10 10:35:00,5197.59
2024-03-10 11:35:00,5367.32
2024-03-10 12:35:00,5553.41
2024-03-10 13:35:00,5497.78
2024-03-10 14:35:00,5893.93
2024-03-10 15:35:00,6109.68
2024-03-10 16:35:00,5998.21
2024-03-10 17:35:00,5807.68
2024-03-10 18:35:00,5699.85
2024-03-10 19:35:00,5644.23
2024-03-10 20:35:00,5550.28
2024-03-10 21:35:00,5655.0
2024-03-10 22:35:00,5895.06
2024-03-10 23:35:00,4343.905000000001
2024-03-11 00:35:00,2792.75
2024-03-11 01:35:00,2678.99
2024-03-11 02:35:00,2575.13
2024-03-11 03:35:00,2519.46
2024-03-11 04:35:00,2531.84
2024-03-11 05:35:00,2632.3
2024-03-11 06:35:00,2738.94
2024-03-11 07:35:00,2868.03
2024-03-11 08:35:00,2976.31
2024-03-11 09:35:00,3160.29
2024-03-11 10:35:00,3309.42
2024-03-11 11:35:00,3392.01
2024-03-11 12:35:00,3323.43
2024-03-11 13:35:00,3118.56
2024-03-11 14:35:00,3177.24
2024-03-11 15:35:00,3095.38
2024-03-11 16:35:00,3104.38
2024-03-11 17:35:00,3368.83
2024-03-11 18:35:00,3466.6
2024-03-11 19:35:00,3295.12
2024-03-11 20:35:00,3194.13
2024-03-11 21:35:00,3116.53
2024-03-11 22:35:00,3013.29
2024-03-11 23:35:00,2888.59
2024-03-12 00:35:00,2035.77
2024-03-12 01:35:00,1888.12
2024-03-12 02:35:00,1810.15
2024-03-12 03:35:00,1788.45
2024-03-12 04:35:00,1914.85
2024-03-12 05:35:00,2338.31
2024-03-12 06:35:00,3250.87
2024-03-12 07:35:00,3573.44
2024-03-12 08:35:00,3576.23
2024-03-12 09:35:00,3776.93
2024-03-12 10:35:00,3873.78
2024-03-12 11:35:00,3768.19
2024-03-12 12:35:00,3620.44
2024-03-12 13:35:00,3262.88
2024-03-12 14:35:00,3325.51
2024-03-12 15:35:00,3313.39
2024-03-12 16:35:00,3269.79
2024-03-12 17:35:00,3530.0
2024-03-12 18:35:00,3618.16
2024-03-12 19:35:00,3331.26
2024-03-12 20:35:00,3075.97
2024-03-12 21:35:00,2779.5
2024-03-12 22:35:00,2542.63
2024-03-12 23:35:00,2276.075
2024-03-13 00:35:00,2009.52
2024-03-13 01:35:00,1862.73
2024-03-13 02:35:00,1783.38
2024-03-13 03:35:00,1771.93
2024-03-13 04:35:00,1927.38
2024-03-13 05:35:00,2274.49
2024-03-13 06:35:00,2973.37
2024-03-13 07:35:00,3519.79
2024-03-13 08:35:00,3635.3
2024-03-13 09:35:00,3741.39
2024-03-13 10:35:00,3814.67
2024-03-13 11:35:00,3750.83
2024-03-13 12:35:00,3624.31
2024-03-13 13:35:00,3239.44
2024-03-13 14:35:00,3309.38
2024-03-13 15:35:00,3309.34
2024-03-13 16:35:00,3306.86
2024-03-13 17:35:00,3382.89
2024-03-13 18:35:00,3406.66
2024-03-13 19:35:00,3383.9
2024-03-13 20:35:00,3114.15
2024-03-13 21:35:00,2786.24
2024-03-13 22:35:00,2504.26
2024-03-13 23:35:00,2265.8250000000003
2024-03-14 00:35:00,2027.39
2024-03-14 01:35:00,1907.54
2024-03-14 02:35:00,1827.19
2024-03-14 03:35:00,1807.65
2024-03-14 04:35:00,1938.4
2024-03-14 05:35:00,2290.2
2024-03-14 06:35:00,2981.63
2024-03-14 07:35:00,3451.89
2024-03-14 08:35:00,3515.99
2024-03-14 09:35:00,3675.6
2024-03-14 10:35:00,3766.27
2024-03-14 11:35:00,3695.05
2024-03-14 12:35:00,3540.94
2024-03-14 13:35:00,3187.14
2024-03-14 14:35:00,3299.74
2024-03-14 15:35:00,3214.62
2024-03-14 16:35:00,3240.5
2024-03-14 17:35:00,3362.19
2024-03-14 18:35:00,3445.15
2024-03-14 19:35:00,3425.42
2024-03-14 20:35:00,3112.05
2024-03-14 21:35:00,2789.04
2024-03-14 22:35:00,2539.65
2024-03-14 23:35:00,2309.285
2024-03-15 00:35:00,2078.92
2024-03-15 01:35:00,1940.0
2024-03-15 02:35:00,1869.76
2024-03-15 03:35:00,1852.38
2024-03-15 04:35:00,1981.18
2024-03-15 05:35:00,2333.41
2024-03-15 06:35:00,3001.99
2024-03-15 07:35:00,3554.24
2024-03-15 08:35:00,3629.21
2024-03-15 09:35:00,3868.9
2024-03-15 10:35:00,3921.66
2024-03-15 11:35:00,3905.05
2024-03-15 12:35:00,3709.38
2024-03-15 13:35:00,3231.59
2024-03-15 14:35:00,3205.19
2024-03-15 15:35:00,3174.64
2024-03-15 16:35:00,3215.8
2024-03-15 17:35:00,3340.79
2024-03-15 18:35:00,3452.74
2024-03-15 19:35:00,3385.59
2024-03-15 20:35:00,3073.12
2024-03-15 21:35:00,2761.89
2024-03-15 22:35:00,2533.2266666666665
2024-03-15 23:35:00,2304.5633333333335
2024-03-16 00:35:00,2075.9
2024-03-16 01:35:00,1939.16
2024-03-16 02:35:00,1863.32
2024-03-16 03:35:00,1825.67
2024-03-16 04:35:00,1965.75
2024-03-16 05:35:00,2290.67
2024-03-16 06:35:00,2853.25
2024-03-16 07:35:00,3311.06
2024-03-16 08:35:00,3391.96
2024-03-16 09:35:00,3488.94
2024-03-16 10:35:00,3675.19
2024-03-16 11:35:00,3486.08
2024-03-16 12:35:00,3352.68
2024-03-16 13:35:00,3017.55
2024-03-16 14:35:00,3046.26
2024-03-16 15:35:00,3020.21
2024-03-16 16:35:00,3045.03
2024-03-16 17:35:00,3158.24
2024-03-16 18:35:00,3264.04
2024-03-16 19:35:00,3187.68
2024-03-16 20:35:00,2918.09
2024-03-16 21:35:00,2671.8
2024-03-16 22:35:00,2430.77
2024-03-16 23:35:00,2223.17
2024-03-17 00:35:00,2015.57
2024-03-17 01:35:00,1878.84
2024-03-17 02:35:00,1806.78
2024-03-17 03:35:00,1774.78
2024-03-17 04:35:00,1880.62
2024-03-17 05:35:00,2113.29
2024-03-17 06:35:00,2491.88
2024-03-17 07:35:00,2944.95
2024-03-17 08:35:00,3173.76
2024-03-17 09:35:00,3442.68
2024-03-17 10:35:00,3564.87
2024-03-17 11:35:00,3502.67
2024-03-17 12:35:00,3371.21
2024-03-17 13:35:00,3019.53
2024-03-17 14:35:00,2946.0
2024-03-17 15:35:00,2822.87
2024-03-17 16:35:00,2854.34
2024-03-17 17:35:00,2921.18
2024-03-17 18:35:00,3057.9
2024-03-17 19:35:00,3077.21
2024-03-17 20:35:00,2844.48
2024-03-17 21:35:00,2619.67
2024-03-17 22:35:00,2432.06
2024-03-17 23:35:00,2225.605
2024-03-18 00:35:00,2019.15
2024-03-18 01:35:00,1868.25
2024-03-18 02:35:00,1806.27
2024-03-18 03:35:00,1793.86
2024-03-18 04:35:00,1930.29
2024-03-18 05:35:00,2248.53
2024-03-18 06:35:00,2888.1
2024-03-18 07:35:00,3421.29
2024-03-18 08:35:00,3515.92
2024-03-18 09:35:00,3658.51
2024-03-18 10:35:00,3749.77
2024-03-18 11:35:00,3645.51
2024-03-18 12:35:00,3494.07
2024-03-18 13:35:00,3125.13
2024-03-18 14:35:00,3223.41
2024-03-18 15:35:00,3086.42
2024-03-18 16:35:00,3100.5
2024-03-18 17:35:00,3236.44
2024-03-18 18:35:00,3377.15
2024-03-18 19:35:00,3344.15
2024-03-18 20:35:00,3053.15
2024-03-18 21:35:00,2751.52
2024-03-18 22:35:00,2507.37
2024-03-18 23:35:00,2307.58
2024-03-19 00:35:00,2107.79
2024-03-19 01:35:00,1966.5
2024-03-19 02:35:00,1896.39
2024-03-19 03:35:00,1866.94
2024-03-19 04:35:00,1982.91
2024-03-19 05:35:00,2327.82
2024-03-19 06:35:00,2945.06
2024-03-19 07:35:00,3415.93
2024-03-19 08:35:00,3517.01
2024-03-19 09:35:00,3688.2
2024-03-19 10:35:00,3721.73
2024-03-19 11:35:00,3714.04
2024-03-19 12:35:00,3545.62
2024-03-19 13:35:00,3272.0
2024-03-19 14:35:00,3329.78
2024-03-19 15:35:00,3300.56
2024-03-19 16:35:00,3304.97
2024-03-19 17:35:00,3413.6
2024-03-19 18:35:00,3485.62
2024-03-19 19:35:00,3459.96
2024-03-19 20:35:00,3176.35
2024-03-19 21:35:00,2899.5
2024-03-19 22:35:00,2731.59
2024-03-19 23:35:00,2509.28
2024-03-20 00:35:00,2286.97
2024-03-20 01:35:00,2186.02
2024-03-20 02:35:00,2107.73
2024-03-20 03:35:00,2085.22
2024-03-20 04:35:00,2216.07
2024-03-20 05:35:00,2512.79
2024-03-20 06:35:00,3061.97
2024-03-20 07:35:00,3519.37
2024-03-20 08:35:00,3584.92
2024-03-20 09:35:00,3800.23
2024-03-20 10:35:00,3838.54
2024-03-20 11:35:00,3761.78
2024-03-20 12:35:00,3690.9
2024-03-20 13:35:00,3367.66
2024-03-20 14:35:00,3468.99
2024-03-20 15:35:00,3420.36
2024-03-20 16:35:00,3408.53
2024-03-20 17:35:00,3500.95
2024-03-20 18:35:00,3586.84
2024-03-20 19:35:00,3517.13
2024-03-20 20:35:00,3282.46
2024-03-20 21:35:00,3022.22
2024-03-20 22:35:00,2831.48
2024-03-20 23:35:00,2540.395
2024-03-21 00:35:00,2249.31
2024-03-21 01:35:00,2110.45
2024-03-21 02:35:00,2059.67
2024-03-21 03:35:00,2033.79
2024-03-21 04:35:00,2126.19
2024-03-21 05:35:00,2375.66
2024-03-21 06:35:00,2941.1
2024-03-21 07:35:00,3334.96
2024-03-21 08:35:00,3475.37
2024-03-21 09:35:00,3663.8
2024-03-21 10:35:00,3661.52
2024-03-21 11:35:00,3584.77
2024-03-21 12:35:00,3546.05
2024-03-21 13:35:00,3300.14
2024-03-21 14:35:00,3363.64
2024-03-21 15:35:00,3384.87
2024-03-21 16:35:00,3388.17
2024-03-21 17:35:00,3502.23
2024-03-21 18:35:00,3568.84
2024-03-21 19:35:00,3510.0
2024-03-21 20:35:00,3200.11
2024-03-21 21:35:00,2938.68
2024-03-21 22:35:00,2697.61
2024-03-21 23:35:00,2481.515
2024-03-22 00:35:00,2265.42
2024-03-22 01:35:00,2101.95
2024-03-22 02:35:00,2068.55
2024-03-22 03:35:00,2040.15
2024-03-22 04:35:00,2153.37
2024-03-22 05:35:00,2481.96
2024-03-22 06:35:00,3081.56
2024-03-22 07:35:00,3502.74
2024-03-22 08:35:00,3594.81
2024-03-22 09:35:00,3851.44
2024-03-22 10:35:00,3984.3
2024-03-22 11:35:00,4025.61
2024-03-22 12:35:00,3940.61
2024-03-22 13:35:00,3498.13
2024-03-22 14:35:00,3580.12
2024-03-22 15:35:00,3538.23
2024-03-22 16:35:00,3590.9
2024-03-22 17:35:00,3614.43
2024-03-22 18:35:00,3646.01
2024-03-22 19:35:00,3612.41
2024-03-22 20:35:00,3312.34
2024-03-22 21:35:00,3061.4
2024-03-22 22:35:00,2835.85
2024-03-22 23:35:00,2606.325
2024-03-23 00:35:00,2376.8
2024-03-23 01:35:00,2253.71
2024-03-23 02:35:00,2163.93
2024-03-23 03:35:00,2121.05
2024-03-23 04:35:00,2214.59
2024-03-23 05:35:00,2442.9
2024-03-23 06:35:00,2879.38
2024-03-23 07:35:00,3272.09
2024-03-23 08:35:00,3359.78
2024-03-23 09:35:00,3530.19
2024-03-23 10:35:00,3775.12
2024-03-23 11:35:00,3669.79
2024-03-23 12:35:00,3654.27
2024-03-23 13:35:00,3299.31
2024-03-23 14:35:00,3360.46
2024-03-23 15:35:00,3375.52
2024-03-23 16:35:00,3371.17
2024-03-23 17:35:00,3427.01
2024-03-23 18:35:00,3483.64
2024-03-23 19:35:00,3477.87
2024-03-23 20:35:00,3215.93
2024-03-23 21:35:00,3039.95
2024-03-23 22:35:00,2848.08
2024-03-23 23:35:00,2653.54
2024-03-24 00:35:00,2453.7
2024-03-24 01:35:00,2316.73
2024-03-24 02:35:00,2230.35
2024-03-24 03:35:00,2190.3
2024-03-24 04:35:00,2276.57
2024-03-24 05:35:00,2442.09
2024-03-24 06:35:00,2825.17
2024-03-24 07:35:00,3034.57
2024-03-24 08:35:00,3126.68
2024-03-24 09:35:00,3337.8
2024-03-24 10:35:00,3410.6
2024-03-24 11:35:00,3355.04
2024-03-24 12:35:00,3210.15
2024-03-24 13:35:00,2998.16
2024-03-24 14:35:00,2909.52
2024-03-24 15:35:00,2796.98
2024-03-24 16:35:00,2654.23
2024-03-24 17:35:00,2738.71
2024-03-24 18:35:00,2872.7
2024-03-24 19:35:00,2815.09
2024-03-24 20:35:00,2742.92
2024-03-24 21:35:00,2643.69
2024-03-24 22:35:00,2481.85
2024-03-24 23:35:00,2303.99
2024-03-25 00:35:00,2129.21
2024-03-25 01:35:00,2011.56
2024-03-25 02:35:00,1939.29
2024-03-25 03:35:00,1914.21
2024-03-25 04:35:00,1975.24
2024-03-25 05:35:00,2098.96
2024-03-25 06:35:00,2301.84
2024-03-25 07:35:00,2462.73
2024-03-25 08:35:00,2365.03
2024-03-25 09:35:00,2226.75
2024-03-25 10:35:00,2140.54
2024-03-25 11:35:00,2137.09
2024-03-25 12:35:00,2306.3
2024-03-25 13:35:00,2479.32
2024-03-25 14:35:00,2491.49
2024-03-25 15:35:00,2374.06
2024-03-25 16:35:00,2371.33
2024-03-25 17:35:00,2472.83
2024-03-25 18:35:00,2582.63
2024-03-25 19:35:00,2682.89
2024-03-25 20:35:00,2636.8
2024-03-25 21:35:00,2532.31
2024-03-25 22:35:00,2400.18
2024-03-25 23:35:00,2215.365
2024-03-26 00:35:00,2030.55
2024-03-26 01:35:00,1922.96
2024-03-26 02:35:00,1867.17
2024-03-26 03:35:00,1855.64
2024-03-26 04:35:00,1958.6
2024-03-26 05:35:00,2190.79
2024-03-26 06:35:00,2663.55
2024-03-26 07:35:00,2923.39
2024-03-26 08:35:00,3078.43
2024-03-26 09:35:00,3282.2
2024-03-26 10:35:00,3391.04
2024-03-26 11:35:00,3350.62
2024-03-26 12:35:00,3336.3
2024-03-26 13:35:00,3148.86
2024-03-26 14:35:00,3188.72
2024-03-26 15:35:00,3171.62
2024-03-26 16:35:00,3125.96
2024-03-26 17:35:00,3210.86
2024-03-26 18:35:00,3298.9
2024-03-26 19:35:00,3265.96
2024-03-26 20:35:00,3129.44
2024-03-26 21:35:00,2954.9
2024-03-26 22:35:00,2791.13
2024-03-26 23:35:00,2575.94
2024-03-27 00:35:00,2378.74
2024-03-27 01:35:00,2249.58
2024-03-27 02:35:00,2188.61
2024-03-27 03:35:00,2168.91
2024-03-27 04:35:00,2242.28
2024-03-27 05:35:00,2480.71
2024-03-27 06:35:00,2924.35
2024-03-27 07:35:00,3243.7
2024-03-27 08:35:00,3374.45
2024-03-27 09:35:00,3652.49
2024-03-27 10:35:00,3882.67
2024-03-27 11:35:00,3893.48
2024-03-27 12:35:00,3810.78
2024-03-27 13:35:00,3566.29
2024-03-27 14:35:00,3689.92
2024-03-27 15:35:00,3763.67
2024-03-27 16:35:00,3728.74
2024-03-27 17:35:00,3767.31
2024-03-27 18:35:00,3766.91
2024-03-27 19:35:00,3753.55
2024-03-27 20:35:00,3499.76
2024-03-27 21:35:00,3290.53
2024-03-27 22:35:00,3132.63
2024-03-27 23:35:00,2920.14
2024-03-28 00:35:00,2705.09
2024-03-28 01:35:00,2573.62
2024-03-28 02:35:00,2487.54
2024-03-28 03:35:00,2439.55
2024-03-28 04:35:00,2495.91
2024-03-28 05:35:00,2714.24
2024-03-28 06:35:00,3130.52
2024-03-28 07:35:00,3405.36
2024-03-28 08:35:00,3409.51
2024-03-28 09:35:00,3747.72
2024-03-28 10:35:00,3949.45
2024-03-28 11:35:00,3987.95
2024-03-28 12:35:00,4007.15
2024-03-28 13:35:00,3791.5
2024-03-28 14:35:00,3920.02
2024-03-28 15:35:00,3994.32
2024-03-28 16:35:00,3950.68
2024-03-28 17:35:00,3939.95
2024-03-28 18:35:00,3896.71
2024-03-28 19:35:00,3935.98
2024-03-28 20:35:00,3701.91
2024-03-28 21:35:00,3475.86
2024-03-28 22:35:00,3326.03
2024-03-28 23:35:00,3121.45
2024-03-29 00:35:00,2920.64
2024-03-29 01:35:00,2762.98
2024-03-29 02:35:00,2669.78
2024-03-29 03:35:00,2606.85
2024-03-29 04:35:00,2648.44
2024-03-29 05:35:00,2795.68
2024-03-29 06:35:00,3033.61
2024-03-29 07:35:00,3283.89
2024-03-29 08:35:00,3410.35
2024-03-29 09:35:00,3775.51
2024-03-29 10:35:00,4045.72
2024-03-29 11:35:00,4136.52
2024-03-29 12:35:00,4136.54
2024-03-29 13:35:00,3829.62
2024-03-29 14:35:00,3981.19
2024-03-29 15:35:00,4012.28
2024-03-29 16:35:00,3994.71
2024-03-29 17:35:00,4059.44
2024-03-29 18:35:00,4034.26
2024-03-29 19:35:00,3944.09
2024-03-29 20:35:00,3697.18
2024-03-29 21:35:00,3547.79
2024-03-29 22:35:00,3427.08
2024-03-29 23:35:00,3251.35
2024-03-30 00:35:00,3058.76
2024-03-30 01:35:00,2912.89
2024-03-30 02:35:00,2799.15
2024-03-30 03:35:00,2736.35
2024-03-30 04:35:00,2792.74
2024-03-30 05:35:00,2933.73
2024-03-30 06:35:00,3203.61
2024-03-30 07:35:00,3376.2
2024-03-30 08:35:00,3459.78
2024-03-30 09:35:00,3688.01
2024-03-30 10:35:00,3926.55
2024-03-30 11:35:00,3988.52
2024-03-30 12:35:00,3975.12
2024-03-30 13:35:00,3826.35
2024-03-30 14:35:00,3981.79
2024-03-30 15:35:00,4008.95
2024-03-30 16:35:00,3981.8
2024-03-30 17:35:00,3962.82
2024-03-30 18:35:00,3921.94
2024-03-30 19:35:00,4005.36
2024-03-30 20:35:00,3777.26
2024-03-30 21:35:00,3638.55
2024-03-30 22:35:00,3548.69
2024-03-30 23:35:00,3382.5299999999997
2024-03-31 00:35:00,3216.37
2024-03-31 01:35:00,3036.78
2024-03-31 02:35:00,2913.84
2024-03-31 03:35:00,2837.56
2024-03-31 04:35:00,2854.05
2024-03-31 05:35:00,2941.8
2024-03-31 06:35:00,3126.01
2024-03-31 07:35:00,3216.4
2024-03-31 08:35:00,3271.25
2024-03-31 09:35:00,3526.3
2024-03-31 10:35:00,3729.53
2024-03-31 11:35:00,3814.25
2024-03-31 12:35:00,3738.22
2024-03-31 13:35:00,3584.8
2024-03-31 14:35:00,3670.21
2024-03-31 15:35:00,3728.69
2024-03-31 16:35:00,3685.93
2024-03-31 17:35:00,3648.41
2024-03-31 18:35:00,3670.56
2024-03-31 19:35:00,3783.66
2024-03-31 20:35:00,3633.08
2024-03-31 21:35:00,3529.01
2024-03-31 22:35:00,3465.74
2024-03-31 23:35:00,3367.68
2024-04-01 00:35:00,3316.1452
2024-04-01 01:35:00,3264.6104
2024-04-01 02:35:00,3213.0755999999997
2024-04-01 03:35:00,3161.5407999999998
2024-04-01 04:35:00,3110.006
2024-04-01 05:35:00,3058.4712
2024-04-01 06:35:00,3006.9364
2024-04-01 07:35:00,2955.4016
2024-04-01 08:35:00,2903.8668
2024-04-01 09:35:00,2852.332
2024-04-01 10:35:00,2800.7972
2024-04-01 11:35:00,2749.2624
2024-04-01 12:35:00,2697.7276
2024-04-01 13:35:00,2646.1928
2024-04-01 14:35:00,2594.658
2024-04-01 15:35:00,2543.1232
2024-04-01 16:35:00,2491.5884
2024-04-01 17:35:00,2440.0536
2024-04-01 18:35:00,2388.5188
2024-04-01 19:35:00,2336.984
2024-04-01 20:35:00,2285.4492
2024-04-01 21:35:00,2233.9143999999997
2024-04-01 22:35:00,2182.3796
2024-04-01 23:35:00,2130.8448
2024-04-02 00:35:00,2079.31
2024-04-02 01:35:00,1815.37
2024-04-02 02:35:00,1688.96
2024-04-02 03:35:00,1654.92
2024-04-02 04:35:00,1720.97
2024-04-02 05:35:00,1994.95
2024-04-02 06:35:00,2479.18
2024-04-02 07:35:00,3222.3
2024-04-02 08:35:00,3841.54
2024-04-02 09:35:00,4363.64
2024-04-02 10:35:00,4744.93
2024-04-02 11:35:00,4804.75
2024-04-02 12:35:00,4615.8
2024-04-02 13:35:00,4088.65
2024-04-02 14:35:00,3782.67
2024-04-02 15:35:00,3462.29
2024-04-02 16:35:00,3330.44
2024-04-02 17:35:00,3489.93
2024-04-02 18:35:00,3716.36
2024-04-02 19:35:00,3631.14
2024-04-02 20:35:00,3408.74
2024-04-02 21:35:00,3196.21
2024-04-02 22:35:00,2842.02
2024-04-02 23:35:00,2394.47
2024-04-03 00:35:00,1937.57
2024-04-03 01:35:00,1817.71
2024-04-03 02:35:00,1756.42
2024-04-03 03:35:00,1736.8
2024-04-03 04:35:00,1841.68
2024-04-03 05:35:00,2232.12
2024-04-03 06:35:00,3048.44
2024-04-03 07:35:00,3644.91
2024-04-03 08:35:00,3723.55
2024-04-03 09:35:00,3903.96
2024-04-03 10:35:00,3874.28
2024-04-03 11:35:00,3710.33
2024-04-03 12:35:00,3528.48
2024-04-03 13:35:00,3085.68
2024-04-03 14:35:00,3108.4
2024-04-03 15:35:00,3034.96
2024-04-03 16:35:00,3030.46
2024-04-03 17:35:00,3186.3
2024-04-03 18:35:00,3416.7
2024-04-03 19:35:00,3284.41
2024-04-03 20:35:00,3030.88
2024-04-03 21:35:00,2757.44
2024-04-03 22:35:00,2437.93
2024-04-03 23:35:00,2817.01
2024-04-04 00:35:00,3196.09
2024-04-04 01:35:00,3022.37
2024-04-04 02:35:00,2891.01
2024-04-04 03:35:00,2805.11
2024-04-04 04:35:00,2841.45
2024-04-04 05:35:00,3061.89
2024-04-04 06:35:00,3483.9
2024-04-04 07:35:00,3419.86
2024-04-04 08:35:00,3441.45
2024-04-04 09:35:00,3898.57
2024-04-04 10:35:00,4122.23
2024-04-04 11:35:00,4196.67
2024-04-04 12:35:00,4167.26
2024-04-04 13:35:00,3975.98
2024-04-04 14:35:00,4204.94
2024-04-04 15:35:00,4297.34
2024-04-04 16:35:00,4261.01
2024-04-04 17:35:00,4258.32
2024-04-04 18:35:00,4219.21
2024-04-04 19:35:00,4178.82
2024-04-04 20:35:00,3943.84
2024-04-04 21:35:00,3795.74
2024-04-04 22:35:00,3734.97
2024-04-04 23:35:00,3619.42
2024-04-05 00:35:00,4631.57
2024-04-05 01:35:00,4375.81
2024-04-05 02:35:00,4122.04
2024-04-05 03:35:00,3928.41
2024-04-05 04:35:00,3763.4
2024-04-05 05:35:00,3707.81
2024-04-05 06:35:00,3737.59
2024-04-05 07:35:00,3680.08
2024-04-05 08:35:00,3640.59
2024-04-05 09:35:00,3913.0
2024-04-05 10:35:00,4276.85
2024-04-05 11:35:00,4521.07
2024-04-05 12:35:00,4580.35
2024-04-05 13:35:00,4519.72
2024-04-05 14:35:00,4848.04
2024-04-05 15:35:00,4921.06
2024-04-05 16:35:00,4893.47
2024-04-05 17:35:00,4746.76
2024-04-05 18:35:00,4593.53
2024-04-05 19:35:00,4588.08
2024-04-05 20:35:00,4562.99
2024-04-05 21:35:00,4682.97
2024-04-05 22:35:00,4994.6
2024-04-05 23:35:00,6272.92
2024-04-06 00:35:00,7551.24
2024-04-06 01:35:00,7159.49
2024-04-06 02:35:00,6723.64
2024-04-06 03:35:00,6401.6
2024-04-06 04:35:00,6090.57
2024-04-06 05:35:00,5684.34
2024-04-06 06:35:00,5383.4
2024-04-06 07:35:00,5286.62
2024-04-06 08:35:00,5333.49
2024-04-06 09:35:00,5877.12
2024-04-06 10:35:00,6318.05
2024-04-06 11:35:00,6674.33
2024-04-06 12:35:00,7063.1
2024-04-06 13:35:00,7236.41
2024-04-06 14:35:00,7739.67
2024-04-06 15:35:00,7692.59
2024-04-06 16:35:00,7305.43
2024-04-06 17:35:00,6816.02
2024-04-06 18:35:00,6350.96
2024-04-06 19:35:00,6324.37
2024-04-06 20:35:00,6563.81
2024-04-06 21:35:00,6950.52
2024-04-06 22:35:00,7499.27
2024-04-06 23:35:00,7614.97
2024-04-07 00:35:00,5600.84
2024-04-07 01:35:00,5271.83
2024-04-07 02:35:00,5027.38
2024-04-07 03:35:00,4789.67
2024-04-07 04:35:00,4579.28
2024-04-07 05:35:00,4386.36
2024-04-07 06:35:00,4436.66
2024-04-07 07:35:00,4411.46
2024-04-07 08:35:00,4554.14
2024-04-07 09:35:00,4995.94
2024-04-07 10:35:00,5430.21
2024-04-07 11:35:00,5555.09
2024-04-07 12:35:00,5638.13
2024-04-07 13:35:00,5478.1
2024-04-07 14:35:00,5819.64
2024-04-07 15:35:00,5924.55
2024-04-07 16:35:00,5766.09
2024-04-07 17:35:00,5633.83
2024-04-07 18:35:00,5417.3
2024-04-07 19:35:00,5442.61
2024-04-07 20:35:00,5524.04
2024-04-07 21:35:00,5669.48
2024-04-07 22:35:00,6024.14
2024-04-07 23:35:00,6015.42
2024-04-08 00:35:00,5928.64
2024-04-08 01:35:00,5612.19
2024-04-08 02:35:00,5313.7
2024-04-08 03:35:00,5062.53
2024-04-08 04:35:00,4834.71
2024-04-08 05:35:00,4634.61
2024-04-08 06:35:00,4453.85
2024-04-08 07:35:00,4368.81
2024-04-08 08:35:00,4312.86
2024-04-08 09:35:00,4467.19
2024-04-08 10:35:00,4780.76
2024-04-08 11:35:00,5072.89
2024-04-08 12:35:00,5301.19
2024-04-08 13:35:00,5303.89
2024-04-08 14:35:00,5579.17
2024-04-08 15:35:00,5742.94
2024-04-08 16:35:00,5635.47
2024-04-08 17:35:00,5450.68
2024-04-08 18:35:00,5265.47
2024-04-08 19:35:00,5115.16
2024-04-08 20:35:00,5355.69
2024-04-08 21:35:00,5803.23
2024-04-08 22:35:00,6228.49
2024-04-08 23:35:00,6248.43
2024-04-09 00:35:00,5591.16
2024-04-09 01:35:00,5237.53
2024-04-09 02:35:00,4970.01
2024-04-09 03:35:00,4732.04
2024-04-09 04:35:00,4543.39
2024-04-09 05:35:00,4469.44
2024-04-09 06:35:00,4516.54
2024-04-09 07:35:00,4478.87
2024-04-09 08:35:00,4616.21
2024-04-09 09:35:00,5059.58
2024-04-09 10:35:00,5476.65
2024-04-09 11:35:00,5660.56
2024-04-09 12:35:00,5553.08
2024-04-09 13:35:00,5121.62
2024-04-09 14:35:00,5156.36
2024-04-09 15:35:00,5179.37
2024-04-09 16:35:00,5190.83
2024-04-09 17:35:00,5116.63
2024-04-09 18:35:00,5070.03
2024-04-09 19:35:00,5102.51
2024-04-09 20:35:00,4903.78
2024-04-09 21:35:00,4864.06
2024-04-09 22:35:00,5004.61
2024-04-09 23:35:00,4962.11
2024-04-10 00:35:00,5572.16
2024-04-10 01:35:00,5191.07
2024-04-10 02:35:00,4915.68
2024-04-10 03:35:00,4678.41
2024-04-10 04:35:00,4496.18
2024-04-10 05:35:00,4457.24
2024-04-10 06:35:00,4532.29
2024-04-10 07:35:00,4380.73
2024-04-10 08:35:00,4463.56
2024-04-10 09:35:00,4757.6
2024-04-10 10:35:00,5350.7
2024-04-10 11:35:00,5347.64
2024-04-10 12:35:00,5655.74
2024-04-10 13:35:00,5583.07
2024-04-10 14:35:00,6035.99
2024-04-10 15:35:00,6034.32
2024-04-10 16:35:00,5889.21
2024-04-10 17:35:00,5857.09
2024-04-10 18:35:00,5925.33
2024-04-10 19:35:00,5775.66
2024-04-10 20:35:00,5654.35
2024-04-10 21:35:00,5761.73
2024-04-10 22:35:00,5973.97
2024-04-10 23:35:00,4340.97
2024-04-11 00:35:00,2707.97
2024-04-11 01:35:00,2604.79
2024-04-11 02:35:00,2517.87
2024-04-11 03:35:00,2455.45
2024-04-11 04:35:00,2496.29
2024-04-11 05:35:00,2698.05
2024-04-11 06:35:00,3073.12
2024-04-11 07:35:00,3056.02
2024-04-11 08:35:00,3138.5
2024-04-11 09:35:00,3446.87
2024-04-11 10:35:00,3685.44
2024-04-11 11:35:00,3824.23
2024-04-11 12:35:00,3764.49
2024-04-11 13:35:00,3571.06
2024-04-11 14:35:00,3724.64
2024-04-11 15:35:00,3798.96
2024-04-11 16:35:00,3771.79
2024-04-11 17:35:00,3549.0875
2024-04-11 18:35:00,3326.385
2024-04-11 19:35:00,3103.6825
2024-04-11 20:35:00,2880.98
2024-04-11 21:35:00,2658.2775
2024-04-11 22:35:00,2435.575
2024-04-11 23:35:00,2212.8725000000004
2024-04-12 00:35:00,1990.17
2024-04-12 01:35:00,1868.15
2024-04-12 02:35:00,1788.47
2024-04-12 03:35:00,1768.74
2024-04-12 04:35:00,1886.57
2024-04-12 05:35:00,2325.74
2024-04-12 06:35:00,3274.75
2024-04-12 07:35:00,3596.54
2024-04-12 08:35:00,3661.77
2024-04-12 09:35:00,3886.25
2024-04-12 10:35:00,3924.04
2024-04-12 11:35:00,3863.21
2024-04-12 12:35:00,3682.52
2024-04-12 13:35:00,3316.6
2024-04-12 14:35:00,3365.05
2024-04-12 15:35:00,3327.0
2024-04-12 16:35:00,3305.33
2024-04-12 17:35:00,3592.01
2024-04-12 18:35:00,3658.04
2024-04-12 19:35:00,3412.44
2024-04-12 20:35:00,3104.99
2024-04-12 21:35:00,2833.39
2024-04-12 22:35:00,2551.42
2024-04-12 23:35:00,3237.4300000000003
2024-04-13 00:35:00,3923.44
2024-04-13 01:35:00,3699.31
2024-04-13 02:35:00,3516.2
2024-04-13 03:35:00,3393.82
2024-04-13 04:35:00,3348.28
2024-04-13 05:35:00,3349.36
2024-04-13 06:35:00,3474.08
2024-04-13 07:35:00,3480.59
2024-04-13 08:35:00,3576.71
2024-04-13 09:35:00,3840.6
2024-04-13 10:35:00,4111.86
2024-04-13 11:35:00,4297.8
2024-04-13 12:35:00,4308.5
2024-04-13 13:35:00,4139.16
2024-04-13 14:35:00,4324.64
2024-04-13 15:35:00,4283.45
2024-04-13 16:35:00,3997.86
2024-04-13 17:35:00,3845.56
2024-04-13 18:35:00,3857.19
2024-04-13 19:35:00,3934.59
2024-04-13 20:35:00,3795.64
2024-04-13 21:35:00,3721.14
2024-04-13 22:35:00,3748.56
2024-04-13 23:35:00,3623.03
2024-04-14 00:35:00,3495.08
2024-04-14 01:35:00,3318.18
2024-04-14 02:35:00,3189.1
2024-04-14 03:35:00,3063.22
2024-04-14 04:35:00,3039.33
2024-04-14 05:35:00,3099.43
2024-04-14 06:35:00,3218.75
2024-04-14 07:35:00,3294.3
2024-04-14 08:35:00,3348.52
2024-04-14 09:35:00,3501.9
2024-04-14 10:35:00,3675.42
2024-04-14 11:35:00,3706.1
2024-04-14 12:35:00,3706.95
2024-04-14 13:35:00,3533.01
2024-04-14 14:35:00,3629.39
2024-04-14 15:35:00,3604.14
2024-04-14 16:35:00,3568.71
2024-04-14 17:35:00,3562.85
2024-04-14 18:35:00,3652.02
2024-04-14 19:35:00,3784.81
2024-04-14 20:35:00,3634.98
2024-04-14 21:35:00,3612.98
2024-04-14 22:35:00,3606.84
2024-04-14 23:35:00,3563.22
2024-04-15 00:35:00,3359.53
2024-04-15 01:35:00,3186.15
2024-04-15 02:35:00,3071.54
2024-04-15 03:35:00,2967.09
2024-04-15 04:35:00,2974.1
2024-04-15 05:35:00,3157.47
2024-04-15 06:35:00,3547.79
2024-04-15 07:35:00,3461.82
2024-04-15 08:35:00,3512.85
2024-04-15 09:35:00,3919.15
2024-04-15 10:35:00,4227.99
2024-04-15 11:35:00,4053.68
2024-04-15 12:35:00,4339.08
2024-04-15 13:35:00,4134.4
2024-04-15 14:35:00,4368.97
2024-04-15 15:35:00,4356.02
2024-04-15 16:35:00,4307.84
2024-04-15 17:35:00,4290.53
2024-04-15 18:35:00,4184.7
2024-04-15 19:35:00,4257.44
2024-04-15 20:35:00,4016.96
2024-04-15 21:35:00,3938.26
2024-04-15 22:35:00,3981.71
2024-04-15 23:35:00,3949.8
2024-04-16 00:35:00,3700.94
2024-04-16 01:35:00,3490.27
2024-04-16 02:35:00,3324.28
2024-04-16 03:35:00,3221.1
2024-04-16 04:35:00,3257.56
2024-04-16 05:35:00,3434.79
2024-04-16 06:35:00,3748.63
2024-04-16 07:35:00,3666.57
2024-04-16 08:35:00,3627.08
2024-04-16 09:35:00,3993.35
2024-04-16 10:35:00,4264.18
2024-04-16 11:35:00,4369.95
2024-04-16 12:35:00,4429.42
2024-04-16 13:35:00,4243.52
2024-04-16 14:35:00,4429.04
2024-04-16 15:35:00,4516.01
2024-04-16 16:35:00,4470.86
2024-04-16 17:35:00,4333.08
2024-04-16 18:35:00,4256.01
2024-04-16 19:35:00,4282.68
2024-04-16 20:35:00,4011.81
2024-04-16 21:35:00,3953.45
2024-04-16 22:35:00,3969.61
2024-04-16 23:35:00,3859.395
2024-04-17 00:35:00,3749.18
2024-04-17 01:35:00,3522.98
2024-04-17 02:35:00,3346.32
2024-04-17 03:35:00,3213.64
2024-04-17 04:35:00,3198.75
2024-04-17 05:35:00,3275.43
2024-04-17 06:35:00,3430.54
2024-04-17 07:35:00,3423.62
2024-04-17 08:35:00,3399.5
2024-04-17 09:35:00,3643.27
2024-04-17 10:35:00,3849.71
2024-04-17 11:35:00,3979.24
2024-04-17 12:35:00,4017.71
2024-04-17 13:35:00,3836.22
2024-04-17 14:35:00,4049.15
2024-04-17 15:35:00,4095.61
2024-04-17 16:35:00,4104.41
2024-04-17 17:35:00,4102.37
2024-04-17 18:35:00,4040.98
2024-04-17 19:35:00,4075.41
2024-04-17 20:35:00,3898.86
2024-04-17 21:35:00,3848.95
2024-04-17 22:35:00,3938.05
2024-04-17 23:35:00,3833.355
2024-04-18 00:35:00,3728.66
2024-04-18 01:35:00,3531.15
2024-04-18 02:35:00,3341.25
2024-04-18 03:35:00,3196.25
2024-04-18 04:35:00,3161.2
2024-04-18 05:35:00,3269.88
2024-04-18 06:35:00,3528.84
2024-04-18 07:35:00,3396.03
2024-04-18 08:35:00,3514.09
2024-04-18 09:35:00,3979.07
2024-04-18 10:35:00,4321.47
2024-04-18 11:35:00,4465.06
2024-04-18 12:35:00,4488.39
2024-04-18 13:35:00,4337.43
2024-04-18 14:35:00,4677.96
2024-04-18 15:35:00,4751.86
2024-04-18 16:35:00,4734.22
2024-04-18 17:35:00,4614.01
2024-04-18 18:35:00,4524.36
2024-04-18 19:35:00,4556.57
2024-04-18 20:35:00,4259.9
2024-04-18 21:35:00,4219.49
2024-04-18 22:35:00,4360.95
2024-04-18 23:35:00,4260.915
2024-04-19 00:35:00,4160.88
2024-04-19 01:35:00,3918.74
2024-04-19 02:35:00,3712.48
2024-04-19 03:35:00,3585.46
2024-04-19 04:35:00,3516.01
2024-04-19 05:35:00,3560.13
2024-04-19 06:35:00,3781.89
2024-04-19 07:35:00,3665.95
2024-04-19 08:35:00,3763.43
2024-04-19 09:35:00,4248.06
2024-04-19 10:35:00,4587.89
2024-04-19 11:35:00,4664.44
2024-04-19 12:35:00,4789.32
2024-04-19 13:35:00,4584.78
2024-04-19 14:35:00,4911.87
2024-04-19 15:35:00,5078.37
2024-04-19 16:35:00,4962.15
2024-04-19 17:35:00,4853.94
2024-04-19 18:35:00,4636.21
2024-04-19 19:35:00,4658.22
2024-04-19 20:35:00,4481.09
2024-04-19 21:35:00,4492.72
2024-04-19 22:35:00,4556.07
2024-04-19 23:35:00,4666.62
2024-04-20 00:35:00,4426.76
2024-04-20 01:35:00,4180.29
2024-04-20 02:35:00,3954.09
2024-04-20 03:35:00,3774.42
2024-04-20 04:35:00,3658.95
2024-04-20 05:35:00,3652.21
2024-04-20 06:35:00,3696.52
2024-04-20 07:35:00,3577.87
2024-04-20 08:35:00,3606.5
2024-04-20 09:35:00,3917.95
2024-04-20 10:35:00,4232.11
2024-04-20 11:35:00,4390.27
2024-04-20 12:35:00,4433.88
2024-04-20 13:35:00,4374.9
2024-04-20 14:35:00,4608.51
2024-04-20 15:35:00,4670.85
2024-04-20 16:35:00,4585.75
2024-04-20 17:35:00,4478.05
2024-04-20 18:35:00,4313.92
2024-04-20 19:35:00,4411.79
2024-04-20 20:35:00,4201.54
2024-04-20 21:35:00,4228.82
2024-04-20 22:35:00,4348.17
2024-04-20 23:35:00,4455.29
2024-04-21 00:35:00,4273.5
2024-04-21 01:35:00,4059.47
2024-04-21 02:35:00,3842.34
2024-04-21 03:35:00,3664.69
2024-04-21 04:35:00,3508.43
2024-04-21 05:35:00,3455.42
2024-04-21 06:35:00,3456.13
2024-04-21 07:35:00,3415.38
2024-04-21 08:35:00,3381.42
2024-04-21 09:35:00,3654.35
2024-04-21 10:35:00,3859.67
2024-04-21 11:35:00,4032.59
2024-04-21 12:35:00,4109.47
2024-04-21 13:35:00,4018.85
2024-04-21 14:35:00,4187.52
2024-04-21 15:35:00,4280.99
2024-04-21 16:35:00,4237.46
2024-04-21 17:35:00,4164.38
2024-04-21 18:35:00,4087.72
2024-04-21 19:35:00,4220.55
2024-04-21 20:35:00,4162.41
2024-04-21 21:35:00,4281.66
2024-04-21 22:35:00,4484.41
2024-04-21 23:35:00,4559.39
2024-04-22 00:35:00,4333.81
2024-04-22 01:35:00,4089.81
2024-04-22 02:35:00,3784.18
2024-04-22 03:35:00,3457.04
2024-04-22 04:35:00,3420.25
2024-04-22 05:35:00,3487.39
2024-04-22 06:35:00,3653.75
2024-04-22 07:35:00,3520.17
2024-04-22 08:35:00,3586.85
2024-04-22 09:35:00,4012.96
2024-04-22 10:35:00,4347.97
2024-04-22 11:35:00,4470.35
2024-04-22 12:35:00,4564.19
2024-04-22 13:35:00,4411.46
2024-04-22 14:35:00,4731.38
2024-04-22 15:35:00,4883.6
2024-04-22 16:35:00,4804.47
2024-04-22 17:35:00,4675.55
2024-04-22 18:35:00,4439.64
2024-04-22 19:35:00,4505.35
2024-04-22 20:35:00,4490.642000000001
2024-04-22 21:35:00,4475.934
2024-04-22 22:35:00,4461.226000000001
2024-04-22 23:35:00,4446.518
2024-04-23 00:35:00,4431.81
2024-04-23 01:35:00,4165.11
2024-04-23 02:35:00,3933.13
2024-04-23 03:35:00,3731.78
2024-04-23 04:35:00,3627.4
2024-04-23 05:35:00,3637.78
2024-04-23 06:35:00,3816.59
2024-04-23 07:35:00,3656.25
2024-04-23 08:35:00,3749.24
2024-04-23 09:35:00,4135.58
2024-04-23 10:35:00,4434.3
2024-04-23 11:35:00,4607.28
2024-04-23 12:35:00,4675.87
2024-04-23 13:35:00,4518.27
2024-04-23 14:35:00,4895.54
2024-04-23 15:35:00,4958.59
2024-04-23 16:35:00,4876.59
2024-04-23 17:35:00,4329.96
2024-04-23 18:35:00,4131.51
2024-04-23 19:35:00,4257.91
2024-04-23 20:35:00,4043.92
2024-04-23 21:35:00,4067.97
2024-04-23 22:35:00,4230.05
2024-04-23 23:35:00,4227.95
2024-04-24 00:35:00,4048.14
2024-04-24 01:35:00,3823.46
2024-04-24 02:35:00,3632.92
2024-04-24 03:35:00,3463.59
2024-04-24 04:35:00,3370.75
2024-04-24 05:35:00,3425.79
2024-04-24 06:35:00,3591.92
2024-04-24 07:35:00,3530.41
2024-04-24 08:35:00,3561.8
2024-04-24 09:35:00,4022.97
2024-04-24 10:35:00,4413.01
2024-04-24 11:35:00,4549.86
2024-04-24 12:35:00,4562.01
2024-04-24 13:35:00,4414.1
2024-04-24 14:35:00,4782.21
2024-04-24 15:35:00,4876.35
2024-04-24 16:35:00,4793.96
2024-04-24 17:35:00,4737.73
2024-04-24 18:35:00,4481.68
2024-04-24 19:35:00,4531.8
2024-04-24 20:35:00,4383.87
2024-04-24 21:35:00,4387.43
2024-04-24 22:35:00,4550.76
2024-04-24 23:35:00,4481.98
2024-04-25 00:35:00,4413.2
2024-04-25 01:35:00,4132.08
2024-04-25 02:35:00,3890.13
2024-04-25 03:35:00,3700.6
2024-04-25 04:35:00,3581.0
2024-04-25 05:35:00,3578.14
2024-04-25 06:35:00,3733.65
2024-04-25 07:35:00,3603.58
2024-04-25 08:35:00,3708.73
2024-04-25 09:35:00,4228.75
2024-04-25 10:35:00,4509.91
2024-04-25 11:35:00,4622.89
2024-04-25 12:35:00,4682.24
2024-04-25 13:35:00,4564.08
2024-04-25 14:35:00,4929.4
2024-04-25 15:35:00,5085.21
2024-04-25 16:35:00,5022.62
2024-04-25 17:35:00,4884.38
2024-04-25 18:35:00,4600.13
2024-04-25 19:35:00,4586.58
2024-04-25 20:35:00,4499.59
2024-04-25 21:35:00,4544.45
2024-04-25 22:35:00,4798.1
2024-04-25 23:35:00,4894.89
2024-04-26 00:35:00,4657.31
2024-04-26 01:35:00,4362.54
2024-04-26 02:35:00,4096.19
2024-04-26 03:35:00,3909.73
2024-04-26 04:35:00,3770.02
2024-04-26 05:35:00,3748.21
2024-04-26 06:35:00,3831.35
2024-04-26 07:35:00,3774.91
2024-04-26 08:35:00,3905.86
2024-04-26 09:35:00,4331.52
2024-04-26 10:35:00,4717.52
2024-04-26 11:35:00,4814.12
2024-04-26 12:35:00,4909.98
2024-04-26 13:35:00,4795.03
2024-04-26 14:35:00,5231.58
2024-04-26 15:35:00,5392.17
2024-04-26 16:35:00,5244.62
2024-04-26 17:35:00,5059.69
2024-04-26 18:35:00,4656.64
2024-04-26 19:35:00,4759.81
2024-04-26 20:35:00,4392.83
2024-04-26 21:35:00,4546.57
2024-04-26 22:35:00,4812.69
2024-04-26 23:35:00,4929.68
2024-04-27 00:35:00,4722.87
2024-04-27 01:35:00,4489.19
2024-04-27 02:35:00,4259.05
2024-04-27 03:35:00,4051.65
2024-04-27 04:35:00,3885.23
2024-04-27 05:35:00,3823.65
2024-04-27 06:35:00,3835.91
2024-04-27 07:35:00,3726.3
2024-04-27 08:35:00,3701.15
2024-04-27 09:35:00,3985.46
2024-04-27 10:35:00,4338.89
2024-04-27 11:35:00,4484.92
2024-04-27 12:35:00,4642.07
2024-04-27 13:35:00,4548.92
2024-04-27 14:35:00,4923.6
2024-04-27 15:35:00,4938.64
2024-04-27 16:35:00,4864.92
2024-04-27 17:35:00,4695.99
2024-04-27 18:35:00,4500.94
2024-04-27 19:35:00,4604.58
2024-04-27 20:35:00,4463.65
2024-04-27 21:35:00,4567.7
2024-04-27 22:35:00,4730.54
2024-04-27 23:35:00,4664.955
2024-04-28 00:35:00,4599.37
2024-04-28 01:35:00,4326.78
2024-04-28 02:35:00,4088.29
2024-04-28 03:35:00,3894.98
2024-04-28 04:35:00,3753.61
2024-04-28 05:35:00,3637.87
2024-04-28 06:35:00,3549.21
2024-04-28 07:35:00,3502.97
2024-04-28 08:35:00,3474.24
2024-04-28 09:35:00,3703.67
2024-04-28 10:35:00,3923.08
2024-04-28 11:35:00,4053.67
2024-04-28 12:35:00,4196.14
2024-04-28 13:35:00,4182.02
2024-04-28 14:35:00,4422.98
2024-04-28 15:35:00,4549.97
2024-04-28 16:35:00,4435.07
2024-04-28 17:35:00,4320.98
2024-04-28 18:35:00,4199.39
2024-04-28 19:35:00,4328.33
2024-04-28 20:35:00,4412.69
2024-04-28 21:35:00,4584.28
2024-04-28 22:35:00,4869.12
2024-04-28 23:35:00,4829.115
2024-04-29 00:35:00,4789.11
2024-04-29 01:35:00,4508.51
2024-04-29 02:35:00,4243.29
2024-04-29 03:35:00,4050.22
2024-04-29 04:35:00,3886.92
2024-04-29 05:35:00,3841.62
2024-04-29 06:35:00,3897.48
2024-04-29 07:35:00,3775.97
2024-04-29 08:35:00,3809.86
2024-04-29 09:35:00,4236.7
2024-04-29 10:35:00,4607.29
2024-04-29 11:35:00,4780.81
2024-04-29 12:35:00,4874.04
2024-04-29 13:35:00,4797.65
2024-04-29 14:35:00,5192.06
2024-04-29 15:35:00,5378.63
2024-04-29 16:35:00,5133.8
2024-04-29 17:35:00,4922.48
2024-04-29 18:35:00,4613.81
2024-04-29 19:35:00,4683.57
2024-04-29 20:35:00,4545.38
2024-04-29 21:35:00,4656.05
2024-04-29 22:35:00,4917.57
2024-04-29 23:35:00,4964.79
2024-04-30 00:35:00,4742.27
2024-04-30 01:35:00,4440.02
2024-04-30 02:35:00,4159.85
2024-04-30 03:35:00,3908.08
2024-04-30 04:35:00,3763.48
2024-04-30 05:35:00,3696.88
2024-04-30 06:35:00,3781.94
2024-04-30 07:35:00,3635.74
2024-04-30 08:35:00,3699.29
2024-04-30 09:35:00,4139.12
2024-04-30 10:35:00,4166.65
2024-04-30 11:35:00,4604.63
2024-04-30 12:35:00,4640.99
2024-04-30 13:35:00,4534.14
2024-04-30 14:35:00,4863.71
2024-04-30 15:35:00,4985.96
2024-04-30 16:35:00,4934.0
2024-04-30 17:35:00,4748.73
2024-04-30 18:35:00,4496.89
2024-04-30 19:35:00,4491.9
2024-04-30 20:35:00,4383.17
2024-04-30 21:35:00,4434.8
2024-04-30 22:35:00,4699.94
2024-04-30 23:35:00,4815.28
2024-05-01 00:35:00,4703.7548
2024-05-01 01:35:00,4592.2296
2024-05-01 02:35:00,4480.7044
2024-05-01 03:35:00,4369.1792
2024-05-01 04:35:00,4257.6539999999995
2024-05-01 05:35:00,4146.1287999999995
2024-05-01 06:35:00,4034.6036
2024-05-01 07:35:00,3923.0784
2024-05-01 08:35:00,3811.5532
2024-05-01 09:35:00,3700.0280000000002
2024-05-01 10:35:00,3588.5028
2024-05-01 11:35:00,3476.9776
2024-05-01 12:35:00,3365.4524
2024-05-01 13:35:00,3253.9272
2024-05-01 14:35:00,3142.402
2024-05-01 15:35:00,3030.8768
2024-05-01 16:35:00,2919.3516
2024-05-01 17:35:00,2807.8264
2024-05-01 18:35:00,2696.3012000000003
2024-05-01 19:35:00,2584.7760000000003
2024-05-01 20:35:00,2473.2508000000003
2024-05-01 21:35:00,2361.7256
2024-05-01 22:35:00,2250.2004
2024-05-01 23:35:00,2138.6752
2024-05-02 00:35:00,2027.15
2024-05-02 01:35:00,1772.19
2024-05-02 02:35:00,1659.06
2024-05-02 03:35:00,1626.73
2024-05-02 04:35:00,1735.63
2024-05-02 05:35:00,2192.24
2024-05-02 06:35:00,3139.02
2024-05-02 07:35:00,4222.11
2024-05-02 08:35:00,4392.06
2024-05-02 09:35:00,4679.68
2024-05-02 10:35:00,4696.67
2024-05-02 11:35:00,4610.63
2024-05-02 12:35:00,4318.68
2024-05-02 13:35:00,3673.79
2024-05-02 14:35:00,3691.5
2024-05-02 15:35:00,3534.89
2024-05-02 16:35:00,3494.83
2024-05-02 17:35:00,3671.95
2024-05-02 18:35:00,3950.9
2024-05-02 19:35:00,3811.51
2024-05-02 20:35:00,3636.07
2024-05-02 21:35:00,3379.09
2024-05-02 22:35:00,2991.2
2024-05-02 23:35:00,2515.94
2024-05-03 00:35:00,1887.32
2024-05-03 01:35:00,1719.07
2024-05-03 02:35:00,1644.33
2024-05-03 03:35:00,1605.47
2024-05-03 04:35:00,1699.25
2024-05-03 05:35:00,2156.76
2024-05-03 06:35:00,3002.77
2024-05-03 07:35:00,3644.12
2024-05-03 08:35:00,3728.28
2024-05-03 09:35:00,3971.61
2024-05-03 10:35:00,3948.53
2024-05-03 11:35:00,3737.16
2024-05-03 12:35:00,3540.81
2024-05-03 13:35:00,3152.13
2024-05-03 14:35:00,3169.43
2024-05-03 15:35:00,3039.03
2024-05-03 16:35:00,3091.91
2024-05-03 17:35:00,3298.4
2024-05-03 18:35:00,3503.25
2024-05-03 19:35:00,3385.05
2024-05-03 20:35:00,3100.08
2024-05-03 21:35:00,2783.49
2024-05-03 22:35:00,2529.47
2024-05-03 23:35:00,2964.96
2024-05-04 00:35:00,3400.45
2024-05-04 01:35:00,3178.9
2024-05-04 02:35:00,3071.81
2024-05-04 03:35:00,2956.87
2024-05-04 04:35:00,2980.76
2024-05-04 05:35:00,3201.72
2024-05-04 06:35:00,3562.08
2024-05-04 07:35:00,3498.14
2024-05-04 08:35:00,3553.28
2024-05-04 09:35:00,3998.34
2024-05-04 10:35:00,4256.61
2024-05-04 11:35:00,4363.56
2024-05-04 12:35:00,4349.22
2024-05-04 13:35:00,4029.27
2024-05-04 14:35:00,4299.76
2024-05-04 15:35:00,4400.87
2024-05-04 16:35:00,4278.65
2024-05-04 17:35:00,4219.41
2024-05-04 18:35:00,4142.1
2024-05-04 19:35:00,4166.42
2024-05-04 20:35:00,3938.71
2024-05-04 21:35:00,3792.2
2024-05-04 22:35:00,3760.39
2024-05-04 23:35:00,4355.055
2024-05-05 00:35:00,4949.72
2024-05-05 01:35:00,4657.54
2024-05-05 02:35:00,4407.23
2024-05-05 03:35:00,4159.15
2024-05-05 04:35:00,3967.91
2024-05-05 05:35:00,3849.12
2024-05-05 06:35:00,3785.91
2024-05-05 07:35:00,3669.48
2024-05-05 08:35:00,3626.5
2024-05-05 09:35:00,3801.24
2024-05-05 10:35:00,4079.16
2024-05-05 11:35:00,4309.49
2024-05-05 12:35:00,4474.82
2024-05-05 13:35:00,4454.31
2024-05-05 14:35:00,4792.07
2024-05-05 15:35:00,4898.81
2024-05-05 16:35:00,4733.03
2024-05-05 17:35:00,4581.25
2024-05-05 18:35:00,4429.26
2024-05-05 19:35:00,4558.6
2024-05-05 20:35:00,4604.88
2024-05-05 21:35:00,4875.64
2024-05-05 22:35:00,5257.71
2024-05-05 23:35:00,6344.3150000000005
2024-05-06 00:35:00,7430.92
2024-05-06 01:35:00,7123.67
2024-05-06 02:35:00,6787.6
2024-05-06 03:35:00,6426.52
2024-05-06 04:35:00,6108.19
2024-05-06 05:35:00,5749.68
2024-05-06 06:35:00,5356.41
2024-05-06 07:35:00,5181.17
2024-05-06 08:35:00,5215.71
2024-05-06 09:35:00,5643.3
2024-05-06 10:35:00,6196.69
2024-05-06 11:35:00,6582.02
2024-05-06 12:35:00,6961.11
2024-05-06 13:35:00,7178.07
2024-05-06 14:35:00,7755.59
2024-05-06 15:35:00,7946.08
2024-05-06 16:35:00,7701.92
2024-05-06 17:35:00,7169.93
2024-05-06 18:35:00,6478.82
2024-05-06 19:35:00,6380.19
2024-05-06 20:35:00,6570.6
2024-05-06 21:35:00,6261.14
2024-05-06 22:35:00,6763.53
2024-05-06 23:35:00,7081.27
2024-05-07 00:35:00,5616.11
2024-05-07 01:35:00,5281.73
2024-05-07 02:35:00,4986.33
2024-05-07 03:35:00,4740.86
2024-05-07 04:35:00,4553.42
2024-05-07 05:35:00,4395.15
2024-05-07 06:35:00,4461.68
2024-05-07 07:35:00,4462.05
2024-05-07 08:35:00,4651.93
2024-05-07 09:35:00,5114.31
2024-05-07 10:35:00,5506.61
2024-05-07 11:35:00,5709.06
2024-05-07 12:35:00,5814.12
2024-05-07 13:35:00,5671.6
2024-05-07 14:35:00,6126.72
2024-05-07 15:35:00,6196.94
2024-05-07 16:35:00,5893.06
2024-05-07 17:35:00,5712.53
2024-05-07 18:35:00,5437.24
2024-05-07 19:35:00,5358.35
2024-05-07 20:35:00,5388.64
2024-05-07 21:35:00,5487.24
2024-05-07 22:35:00,5801.59
2024-05-07 23:35:00,5908.92
2024-05-08 00:35:00,5899.6
2024-05-08 01:35:00,5563.72
2024-05-08 02:35:00,5248.94
2024-05-08 03:35:00,4987.2
2024-05-08 04:35:00,4774.59
2024-05-08 05:35:00,4632.32
2024-05-08 06:35:00,4593.39
2024-05-08 07:35:00,4532.45
2024-05-08 08:35:00,4630.49
2024-05-08 09:35:00,5081.64
2024-05-08 10:35:00,5571.18
2024-05-08 11:35:00,5665.77
2024-05-08 12:35:00,5726.94
2024-05-08 13:35:00,5700.65
2024-05-08 14:35:00,6093.9
2024-05-08 15:35:00,6294.58
2024-05-08 16:35:00,6158.83
2024-05-08 17:35:00,5854.77
2024-05-08 18:35:00,5660.48
2024-05-08 19:35:00,5700.8
2024-05-08 20:35:00,5802.67
2024-05-08 21:35:00,6079.63
2024-05-08 22:35:00,6366.45
2024-05-08 23:35:00,6385.06
2024-05-09 00:35:00,4696.54
2024-05-09 01:35:00,4427.32
2024-05-09 02:35:00,4214.06
2024-05-09 03:35:00,4017.38
2024-05-09 04:35:00,3894.73
2024-05-09 05:35:00,3896.26
2024-05-09 06:35:00,4028.49
2024-05-09 07:35:00,4051.72
2024-05-09 08:35:00,4206.04
2024-05-09 09:35:00,4739.62
2024-05-09 10:35:00,5141.43
2024-05-09 11:35:00,5348.48
2024-05-09 12:35:00,5399.95
2024-05-09 13:35:00,5343.65
2024-05-09 14:35:00,5630.38
2024-05-09 15:35:00,5655.58
2024-05-09 16:35:00,5091.02
2024-05-09 17:35:00,5440.31
2024-05-09 18:35:00,5429.11
2024-05-09 19:35:00,5432.31
2024-05-09 20:35:00,5324.57
2024-05-09 21:35:00,5438.76
2024-05-09 22:35:00,5676.0
2024-05-09 23:35:00,5624.38
2024-05-10 00:35:00,5675.41
2024-05-10 01:35:00,5343.76
2024-05-10 02:35:00,5050.53
2024-05-10 03:35:00,4798.54
2024-05-10 04:35:00,4640.73
2024-05-10 05:35:00,4379.28
2024-05-10 06:35:00,4443.32
2024-05-10 07:35:00,4321.45
2024-05-10 08:35:00,4353.78
2024-05-10 09:35:00,4670.19
2024-05-10 10:35:00,5117.76
2024-05-10 11:35:00,5272.09
2024-05-10 12:35:00,5411.83
2024-05-10 13:35:00,5362.13
2024-05-10 14:35:00,5679.28
2024-05-10 15:35:00,5391.811
2024-05-10 16:35:00,5104.342
2024-05-10 17:35:00,4816.873
2024-05-10 18:35:00,4529.404
2024-05-10 19:35:00,4241.9349999999995
2024-05-10 20:35:00,3954.4660000000003
2024-05-10 21:35:00,3666.9970000000003
2024-05-10 22:35:00,3379.5280000000002
2024-05-10 23:35:00,3092.059
2024-05-11 00:35:00,2804.59
2024-05-11 01:35:00,2665.87
2024-05-11 02:35:00,2575.14
2024-05-11 03:35:00,2512.67
2024-05-11 04:35:00,2574.42
2024-05-11 05:35:00,2815.17
2024-05-11 06:35:00,3258.64
2024-05-11 07:35:00,3304.81
2024-05-11 08:35:00,3323.32
2024-05-11 09:35:00,3679.4
2024-05-11 10:35:00,3938.41
2024-05-11 11:35:00,3963.27
2024-05-11 12:35:00,3917.94
2024-05-11 13:35:00,3717.23
2024-05-11 14:35:00,3828.48
2024-05-11 15:35:00,3905.39
2024-05-11 16:35:00,3858.91
2024-05-11 17:35:00,4052.95
2024-05-11 18:35:00,4141.63
2024-05-11 19:35:00,3850.44
2024-05-11 20:35:00,3583.77
2024-05-11 21:35:00,3413.74
2024-05-11 22:35:00,2961.063333333333
2024-05-11 23:35:00,2508.3866666666663
2024-05-12 00:35:00,2055.71
2024-05-12 01:35:00,1906.5
2024-05-12 02:35:00,1820.46
2024-05-12 03:35:00,1787.48
2024-05-12 04:35:00,1916.67
2024-05-12 05:35:00,2358.55
2024-05-12 06:35:00,3282.74
2024-05-12 07:35:00,3568.08
2024-05-12 08:35:00,3623.18
2024-05-12 09:35:00,3782.78
2024-05-12 10:35:00,3899.69
2024-05-12 11:35:00,3796.16
2024-05-12 12:35:00,3619.31
2024-05-12 13:35:00,3276.99
2024-05-12 14:35:00,3358.82
2024-05-12 15:35:00,3328.74
2024-05-12 16:35:00,3317.66
2024-05-12 17:35:00,3596.17
2024-05-12 18:35:00,3662.59
2024-05-12 19:35:00,3460.29
2024-05-12 20:35:00,3116.73
2024-05-12 21:35:00,2849.96
2024-05-12 22:35:00,2517.54
2024-05-12 23:35:00,2293.26
2024-05-13 00:35:00,5934.39
2024-05-13 01:35:00,5602.87
2024-05-13 02:35:00,5298.59
2024-05-13 03:35:00,5037.85
2024-05-13 04:35:00,4826.97
2024-05-13 05:35:00,4607.53
2024-05-13 06:35:00,4550.37
2024-05-13 07:35:00,4433.19
2024-05-13 08:35:00,4520.88
2024-05-13 09:35:00,4935.74
2024-05-13 10:35:00,5329.96
2024-05-13 11:35:00,5513.47
2024-05-13 12:35:00,5805.59
2024-05-13 13:35:00,5761.63
2024-05-13 14:35:00,6023.69
2024-05-13 15:35:00,6247.8
2024-05-13 16:35:00,6000.48
2024-05-13 17:35:00,5774.89
2024-05-13 18:35:00,5315.45
2024-05-13 19:35:00,5206.99
2024-05-13 20:35:00,5198.95
2024-05-13 21:35:00,5485.14
2024-05-13 22:35:00,5991.37
2024-05-13 23:35:00,6144.85
2024-05-14 00:35:00,5924.35
2024-05-14 01:35:00,5552.76
2024-05-14 02:35:00,5210.47
2024-05-14 03:35:00,4921.77
2024-05-14 04:35:00,4689.33
2024-05-14 05:35:00,4399.53
2024-05-14 06:35:00,4310.67
2024-05-14 07:35:00,4232.86
2024-05-14 08:35:00,4308.22
2024-05-14 09:35:00,4761.2
2024-05-14 10:35:00,5205.52
2024-05-14 11:35:00,5449.3
2024-05-14 12:35:00,5530.15
2024-05-14 13:35:00,5516.02
2024-05-14 14:35:00,5971.9
2024-05-14 15:35:00,6195.76
2024-05-14 16:35:00,5992.74
2024-05-14 17:35:00,5698.0
2024-05-14 18:35:00,5281.64
2024-05-14 19:35:00,5229.57
2024-05-14 20:35:00,5191.87
2024-05-14 21:35:00,5467.85
2024-05-14 22:35:00,6002.3
2024-05-14 23:35:00,6228.62
2024-05-15 00:35:00,5967.68
2024-05-15 01:35:00,5573.97
2024-05-15 02:35:00,5241.5
2024-05-15 03:35:00,4881.83
2024-05-15 04:35:00,4609.77
2024-05-15 05:35:00,4380.95
2024-05-15 06:35:00,4280.87
2024-05-15 07:35:00,4186.61
2024-05-15 08:35:00,4294.45
2024-05-15 09:35:00,4844.22
2024-05-15 10:35:00,5008.86
2024-05-15 11:35:00,5417.94
2024-05-15 12:35:00,5616.03
2024-05-15 13:35:00,5612.14
2024-05-15 14:35:00,6113.32
2024-05-15 15:35:00,6363.6
2024-05-15 16:35:00,6193.9
2024-05-15 17:35:00,5859.46
2024-05-15 18:35:00,5394.7
2024-05-15 19:35:00,5370.49
2024-05-15 20:35:00,5415.94
2024-05-15 21:35:00,5701.1
2024-05-15 22:35:00,6206.88
2024-05-15 23:35:00,6422.35
2024-05-16 00:35:00,6165.44
2024-05-16 01:35:00,5781.02
2024-05-16 02:35:00,5404.62
2024-05-16 03:35:00,5077.99
2024-05-16 04:35:00,4811.2
2024-05-16 05:35:00,4530.9
2024-05-16 06:35:00,4369.2
2024-05-16 07:35:00,4252.25
2024-05-16 08:35:00,4349.49
2024-05-16 09:35:00,4908.4
2024-05-16 10:35:00,5386.63
2024-05-16 11:35:00,5644.94
2024-05-16 12:35:00,5907.84
2024-05-16 13:35:00,5897.95
2024-05-16 14:35:00,6456.04
2024-05-16 15:35:00,6672.95
2024-05-16 16:35:00,6444.76
2024-05-16 17:35:00,6058.53
2024-05-16 18:35:00,5663.03
2024-05-16 19:35:00,5690.96
2024-05-16 20:35:00,5760.63
2024-05-16 21:35:00,6141.64
2024-05-16 22:35:00,6605.96
2024-05-16 23:35:00,6557.335
2024-05-17 00:35:00,6508.71
2024-05-17 01:35:00,6096.76
2024-05-17 02:35:00,5737.11
2024-05-17 03:35:00,5433.75
2024-05-17 04:35:00,5166.41
2024-05-17 05:35:00,4870.52
2024-05-17 06:35:00,4655.52
2024-05-17 07:35:00,4576.27
2024-05-17 08:35:00,4667.29
2024-05-17 09:35:00,5282.31
2024-05-17 10:35:00,5707.19
2024-05-17 11:35:00,5723.26
2024-05-17 12:35:00,5899.97
2024-05-17 13:35:00,5865.08
2024-05-17 14:35:00,6425.47
2024-05-17 15:35:00,6644.65
2024-05-17 16:35:00,6487.35
2024-05-17 17:35:00,6266.41
2024-05-17 18:35:00,5806.42
2024-05-17 19:35:00,5735.09
2024-05-17 20:35:00,5927.08
2024-05-17 21:35:00,6306.68
2024-05-17 22:35:00,6825.54
2024-05-17 23:35:00,6750.405000000001
2024-05-18 00:35:00,6675.27
2024-05-18 01:35:00,6340.28
2024-05-18 02:35:00,5997.11
2024-05-18 03:35:00,5694.36
2024-05-18 04:35:00,5406.38
2024-05-18 05:35:00,5050.66
2024-05-18 06:35:00,4759.64
2024-05-18 07:35:00,4614.12
2024-05-18 08:35:00,4582.21
2024-05-18 09:35:00,4889.84
2024-05-18 10:35:00,5412.02
2024-05-18 11:35:00,5827.78
2024-05-18 12:35:00,6049.98
2024-05-18 13:35:00,6146.39
2024-05-18 14:35:00,6667.86
2024-05-18 15:35:00,6857.78
2024-05-18 16:35:00,6641.46
2024-05-18 17:35:00,6220.31
2024-05-18 18:35:00,5750.79
2024-05-18 19:35:00,5747.9
2024-05-18 20:35:00,5903.14
2024-05-18 21:35:00,6321.56
2024-05-18 22:35:00,6848.06
2024-05-18 23:35:00,7122.68
2024-05-19 00:35:00,6853.09
2024-05-19 01:35:00,6569.56
2024-05-19 02:35:00,6222.31
2024-05-19 03:35:00,5916.87
2024-05-19 04:35:00,5588.23
2024-05-19 05:35:00,5204.3
2024-05-19 06:35:00,4861.59
2024-05-19 07:35:00,4646.74
2024-05-19 08:35:00,4448.0
2024-05-19 09:35:00,4712.42
2024-05-19 10:35:00,5067.34
2024-05-19 11:35:00,5411.51
2024-05-19 12:35:00,5719.82
2024-05-19 13:35:00,5921.82
2024-05-19 14:35:00,6405.75
2024-05-19 15:35:00,6573.12
2024-05-19 16:35:00,6325.63
2024-05-19 17:35:00,5850.5
2024-05-19 18:35:00,5436.11
2024-05-19 19:35:00,5480.67
2024-05-19 20:35:00,5787.43
2024-05-19 21:35:00,6307.6
2024-05-19 22:35:00,6898.56
2024-05-19 23:35:00,7132.41
2024-05-20 00:35:00,6962.04
2024-05-20 01:35:00,6230.58
2024-05-20 02:35:00,6416.61
2024-05-20 03:35:00,6115.41
2024-05-20 04:35:00,5736.23
2024-05-20 05:35:00,5337.84
2024-05-20 06:35:00,5027.49
2024-05-20 07:35:00,4883.71
2024-05-20 08:35:00,4988.82
2024-05-20 09:35:00,5508.95
2024-05-20 10:35:00,5924.45
2024-05-20 11:35:00,6370.97
2024-05-20 12:35:00,6603.66
2024-05-20 13:35:00,6796.78
2024-05-20 14:35:00,7346.49
2024-05-20 15:35:00,7520.54
2024-05-20 16:35:00,7331.28
2024-05-20 17:35:00,6687.35
2024-05-20 18:35:00,6142.97
2024-05-20 19:35:00,6057.02
2024-05-20 20:35:00,6363.69
2024-05-20 21:35:00,6804.41
2024-05-20 22:35:00,7339.11
2024-05-20 23:35:00,7557.36
2024-05-21 00:35:00,7253.81
2024-05-21 01:35:00,7039.73
2024-05-21 02:35:00,6759.37
2024-05-21 03:35:00,6457.59
2024-05-21 04:35:00,6103.38
2024-05-21 05:35:00,5709.77
2024-05-21 06:35:00,5336.03
2024-05-21 07:35:00,5175.5
2024-05-21 08:35:00,5192.67
2024-05-21 09:35:00,5644.73
2024-05-21 10:35:00,6177.16
2024-05-21 11:35:00,6532.54
2024-05-21 12:35:00,6825.01
2024-05-21 13:35:00,7025.13
2024-05-21 14:35:00,7502.07
2024-05-21 15:35:00,7676.29
2024-05-21 16:35:00,7435.18
2024-05-21 17:35:00,6868.91
2024-05-21 18:35:00,6343.56
2024-05-21 19:35:00,6287.48
2024-05-21 20:35:00,6574.84
2024-05-21 21:35:00,6998.88
2024-05-21 22:35:00,7537.41
2024-05-21 23:35:00,7421.38
2024-05-22 00:35:00,7305.35
2024-05-22 01:35:00,6999.4
2024-05-22 02:35:00,6669.85
2024-05-22 03:35:00,6344.02
2024-05-22 04:35:00,6044.85
2024-05-22 05:35:00,5631.83
2024-05-22 06:35:00,5328.79
2024-05-22 07:35:00,5197.78
2024-05-22 08:35:00,5317.91
2024-05-22 09:35:00,5854.16
2024-05-22 10:35:00,6413.95
2024-05-22 11:35:00,6819.56
2024-05-22 12:35:00,7158.19
2024-05-22 13:35:00,7298.03
2024-05-22 14:35:00,7814.13
2024-05-22 15:35:00,7952.42
2024-05-22 16:35:00,7637.16
2024-05-22 17:35:00,7134.59
2024-05-22 18:35:00,6609.94
2024-05-22 19:35:00,6595.44
2024-05-22 20:35:00,6813.78
2024-05-22 21:35:00,7245.44
2024-05-22 22:35:00,7650.19
2024-05-22 23:35:00,7709.34
2024-05-23 00:35:00,7451.53
2024-05-23 01:35:00,7048.41
2024-05-23 02:35:00,6688.86
2024-05-23 03:35:00,6355.72
2024-05-23 04:35:00,6012.12
2024-05-23 05:35:00,5610.31
2024-05-23 06:35:00,5260.56
2024-05-23 07:35:00,5048.85
2024-05-23 08:35:00,4996.0
2024-05-23 09:35:00,5439.01
2024-05-23 10:35:00,5928.26
2024-05-23 11:35:00,6360.22
2024-05-23 12:35:00,6695.54
2024-05-23 13:35:00,6877.74
2024-05-23 14:35:00,7392.47
2024-05-23 15:35:00,7508.39
2024-05-23 16:35:00,7310.83
2024-05-23 17:35:00,6798.9
2024-05-23 18:35:00,6370.11
2024-05-23 19:35:00,6243.72
2024-05-23 20:35:00,6486.47
2024-05-23 21:35:00,6911.86
2024-05-23 22:35:00,7447.88
2024-05-23 23:35:00,7393.775
2024-05-24 00:35:00,7339.67
2024-05-24 01:35:00,6969.45
2024-05-24 02:35:00,6618.82
2024-05-24 03:35:00,6271.98
2024-05-24 04:35:00,5957.35
2024-05-24 05:35:00,5545.75
2024-05-24 06:35:00,5262.53
2024-05-24 07:35:00,5111.31
2024-05-24 08:35:00,5258.27
2024-05-24 09:35:00,5830.0
2024-05-24 10:35:00,6299.91
2024-05-24 11:35:00,6649.75
2024-05-24 12:35:00,6862.04
2024-05-24 13:35:00,7005.92
2024-05-24 14:35:00,7639.1
2024-05-24 15:35:00,7827.36
2024-05-24 16:35:00,7507.12
2024-05-24 17:35:00,7000.95
2024-05-24 18:35:00,6476.6
2024-05-24 19:35:00,6427.18
2024-05-24 20:35:00,6568.2
2024-05-24 21:35:00,7045.26
2024-05-24 22:35:00,7483.89
2024-05-24 23:35:00,7618.76
2024-05-25 00:35:00,7422.56
2024-05-25 01:35:00,7075.77
2024-05-25 02:35:00,6751.02
2024-05-25 03:35:00,6400.39
2024-05-25 04:35:00,6108.29
2024-05-25 05:35:00,5709.87
2024-05-25 06:35:00,5353.47
2024-05-25 07:35:00,5048.8
2024-05-25 08:35:00,4830.21
2024-05-25 09:35:00,4817.41
2024-05-25 10:35:00,5032.79
2024-05-25 11:35:00,5397.56
2024-05-25 12:35:00,5784.76
2024-05-25 13:35:00,6108.56
2024-05-25 14:35:00,6497.0
2024-05-25 15:35:00,6630.5
2024-05-25 16:35:00,5840.96
2024-05-25 17:35:00,5744.38
2024-05-25 18:35:00,5359.01
2024-05-25 19:35:00,5314.89
2024-05-25 20:35:00,5740.96
2024-05-25 21:35:00,6286.24
2024-05-25 22:35:00,6864.6
2024-05-25 23:35:00,7157.16
2024-05-26 00:35:00,6981.06
2024-05-26 01:35:00,6681.89
2024-05-26 02:35:00,6355.62
2024-05-26 03:35:00,6038.13
2024-05-26 04:35:00,5712.71
2024-05-26 05:35:00,5245.43
2024-05-26 06:35:00,4963.02
2024-05-26 07:35:00,4733.17
2024-05-26 08:35:00,4666.04
2024-05-26 09:35:00,4925.06
2024-05-26 10:35:00,5253.87
2024-05-26 11:35:00,5606.89
2024-05-26 12:35:00,5934.49
2024-05-26 13:35:00,6229.5
2024-05-26 14:35:00,6831.81
2024-05-26 15:35:00,7033.66
2024-05-26 16:35:00,6773.92
2024-05-26 17:35:00,6134.68
2024-05-26 18:35:00,5723.1
2024-05-26 19:35:00,5894.54
2024-05-26 20:35:00,6300.04
2024-05-26 21:35:00,6873.19
2024-05-26 22:35:00,7404.41
2024-05-26 23:35:00,7626.72
2024-05-27 00:35:00,7399.38
2024-05-27 01:35:00,7096.03
2024-05-27 02:35:00,6815.14
2024-05-27 03:35:00,6434.35
2024-05-27 04:35:00,6102.75
2024-05-27 05:35:00,5688.41
2024-05-27 06:35:00,5364.47
2024-05-27 07:35:00,5247.95
2024-05-27 08:35:00,5327.5
2024-05-27 09:35:00,5868.3
2024-05-27 10:35:00,6325.05
2024-05-27 11:35:00,6743.52
2024-05-27 12:35:00,6992.66
2024-05-27 13:35:00,7157.31
2024-05-27 14:35:00,7650.42
2024-05-27 15:35:00,7846.68
2024-05-27 16:35:00,7651.14
2024-05-27 17:35:00,7080.91
2024-05-27 18:35:00,6515.58
2024-05-27 19:35:00,6363.33
2024-05-27 20:35:00,6569.63
2024-05-27 21:35:00,7123.98
2024-05-27 22:35:00,7732.03
2024-05-27 23:35:00,7852.17
2024-05-28 00:35:00,7580.41
2024-05-28 01:35:00,7239.31
2024-05-28 02:35:00,6904.95
2024-05-28 03:35:00,6559.37
2024-05-28 04:35:00,6221.09
2024-05-28 05:35:00,5772.64
2024-05-28 06:35:00,5463.57
2024-05-28 07:35:00,5363.02
2024-05-28 08:35:00,5367.35
2024-05-28 09:35:00,5941.44
2024-05-28 10:35:00,6418.24
2024-05-28 11:35:00,6699.91
2024-05-28 12:35:00,6952.61
2024-05-28 13:35:00,7071.84
2024-05-28 14:35:00,7638.49
2024-05-28 15:35:00,7777.3
2024-05-28 16:35:00,7580.74
2024-05-28 17:35:00,7094.49
2024-05-28 18:35:00,6411.99
2024-05-28 19:35:00,6336.94
2024-05-28 20:35:00,6479.75
2024-05-28 21:35:00,6965.37
2024-05-28 22:35:00,7623.15
2024-05-28 23:35:00,7809.37
2024-05-29 00:35:00,7581.88
2024-05-29 01:35:00,7253.09
2024-05-29 02:35:00,6880.99
2024-05-29 03:35:00,6566.9
2024-05-29 04:35:00,6259.42
2024-05-29 05:35:00,5857.82
2024-05-29 06:35:00,5315.39
2024-05-29 07:35:00,5221.45
2024-05-29 08:35:00,5323.35
2024-05-29 09:35:00,5872.76
2024-05-29 10:35:00,6653.3
2024-05-29 11:35:00,7034.48
2024-05-29 12:35:00,7357.41
2024-05-29 13:35:00,7571.83
2024-05-29 14:35:00,8063.23
2024-05-29 15:35:00,8195.35
2024-05-29 16:35:00,7537.03
2024-05-29 17:35:00,6756.27
2024-05-29 18:35:00,6228.83
2024-05-29 19:35:00,6260.87
2024-05-29 20:35:00,6523.61
2024-05-29 21:35:00,7061.89
2024-05-29 22:35:00,7628.12
2024-05-29 23:35:00,7860.54
2024-05-30 00:35:00,7655.46
2024-05-30 01:35:00,7391.06
2024-05-30 02:35:00,7062.11
2024-05-30 03:35:00,6749.89
2024-05-30 04:35:00,6435.7
2024-05-30 05:35:00,5998.27
2024-05-30 06:35:00,5578.3
2024-05-30 07:35:00,5347.75
2024-05-30 08:35:00,5423.22
2024-05-30 09:35:00,5969.52
2024-05-30 10:35:00,6415.09
2024-05-30 11:35:00,6753.26
2024-05-30 12:35:00,7051.53
2024-05-30 13:35:00,7237.92
2024-05-30 14:35:00,7826.12
2024-05-30 15:35:00,8025.41
2024-05-30 16:35:00,7701.64
2024-05-30 17:35:00,7140.39
2024-05-30 18:35:00,6435.9
2024-05-30 19:35:00,6281.6
2024-05-30 20:35:00,6463.5
2024-05-30 21:35:00,6967.41
2024-05-30 22:35:00,7563.05
2024-05-30 23:35:00,7873.04
2024-05-31 00:35:00,7696.58
2024-05-31 01:35:00,7346.96
2024-05-31 02:35:00,7030.31
2024-05-31 03:35:00,6668.42
2024-05-31 04:35:00,6277.65
2024-05-31 05:35:00,5848.14
2024-05-31 06:35:00,5535.42
2024-05-31 07:35:00,5419.33
2024-05-31 08:35:00,5395.31
2024-05-31 09:35:00,5972.5
2024-05-31 10:35:00,6426.68
2024-05-31 11:35:00,6740.16
2024-05-31 12:35:00,6997.01
2024-05-31 13:35:00,7109.14
2024-05-31 14:35:00,7665.89
2024-05-31 15:35:00,7900.71
2024-05-31 16:35:00,7664.18
2024-05-31 17:35:00,7168.98
2024-05-31 18:35:00,6558.82
2024-05-31 19:35:00,6422.57
2024-05-31 20:35:00,6675.38
2024-05-31 21:35:00,7147.59
2024-05-31 22:35:00,7763.79
2024-05-31 23:35:00,8008.22
2024-06-01 00:35:00,7772.0832
2024-06-01 01:35:00,7535.9464
2024-06-01 02:35:00,7299.8096000000005
2024-06-01 03:35:00,7063.6728
2024-06-01 04:35:00,6827.536
2024-06-01 05:35:00,6591.3992
2024-06-01 06:35:00,6355.2624
2024-06-01 07:35:00,6119.1256
2024-06-01 08:35:00,5882.9888
2024-06-01 09:35:00,5646.852
2024-06-01 10:35:00,5410.715200000001
2024-06-01 11:35:00,5174.5784
2024-06-01 12:35:00,4938.4416
2024-06-01 13:35:00,4702.3048
2024-06-01 14:35:00,4466.168
2024-06-01 15:35:00,4230.031199999999
2024-06-01 16:35:00,3993.8944
2024-06-01 17:35:00,3757.7576
2024-06-01 18:35:00,3521.6207999999997
2024-06-01 19:35:00,3285.4839999999995
2024-06-01 20:35:00,3049.3472
2024-06-01 21:35:00,2813.2104
2024-06-01 22:35:00,2577.0735999999997
2024-06-01 23:35:00,2340.9367999999995
2024-06-02 00:35:00,2104.8
2024-06-02 01:35:00,1863.29
2024-06-02 02:35:00,1743.1
2024-06-02 03:35:00,1720.65
2024-06-02 04:35:00,1833.6
2024-06-02 05:35:00,2369.61
2024-06-02 06:35:00,3396.04
2024-06-02 07:35:00,4296.31
2024-06-02 08:35:00,4507.66
2024-06-02 09:35:00,4672.91
2024-06-02 10:35:00,4305.47
2024-06-02 11:35:00,4426.91
2024-06-02 12:35:00,4162.69
2024-06-02 13:35:00,3691.4
2024-06-02 14:35:00,3664.59
2024-06-02 15:35:00,3528.8
2024-06-02 16:35:00,3511.19
2024-06-02 17:35:00,3755.04
2024-06-02 18:35:00,4014.47
2024-06-02 19:35:00,3911.09
2024-06-02 20:35:00,3669.28
2024-06-02 21:35:00,3438.39
2024-06-02 22:35:00,2990.78
2024-06-02 23:35:00,2451.885
2024-06-03 00:35:00,1912.99
2024-06-03 01:35:00,1763.28
2024-06-03 02:35:00,1680.59
2024-06-03 03:35:00,1649.26
2024-06-03 04:35:00,1765.96
2024-06-03 05:35:00,2225.17
2024-06-03 06:35:00,3053.12
2024-06-03 07:35:00,3694.33
2024-06-03 08:35:00,3852.22
2024-06-03 09:35:00,3992.76
2024-06-03 10:35:00,4138.49
2024-06-03 11:35:00,3981.57
2024-06-03 12:35:00,3645.61
2024-06-03 13:35:00,3267.53
2024-06-03 14:35:00,3207.15
2024-06-03 15:35:00,3149.34
2024-06-03 16:35:00,3153.35
2024-06-03 17:35:00,3330.91
2024-06-03 18:35:00,3510.65
2024-06-03 19:35:00,3462.95
2024-06-03 20:35:00,3104.4
2024-06-03 21:35:00,2807.23
2024-06-03 22:35:00,2488.32
2024-06-03 23:35:00,2164.74
2024-06-04 00:35:00,3397.31
2024-06-04 01:35:00,3212.95
2024-06-04 02:35:00,3073.32
2024-06-04 03:35:00,2948.55
2024-06-04 04:35:00,2952.07
2024-06-04 05:35:00,3126.24
2024-06-04 06:35:00,3356.99
2024-06-04 07:35:00,3352.52
2024-06-04 08:35:00,3366.22
2024-06-04 09:35:00,3681.09
2024-06-04 10:35:00,3913.58
2024-06-04 11:35:00,3962.57
2024-06-04 12:35:00,4000.77
2024-06-04 13:35:00,3863.57
2024-06-04 14:35:00,3997.58
2024-06-04 15:35:00,4038.12
2024-06-04 16:35:00,4011.73
2024-06-04 17:35:00,3939.05
2024-06-04 18:35:00,3867.22
2024-06-04 19:35:00,3955.85
2024-06-04 20:35:00,3753.51
2024-06-04 21:35:00,3589.86
2024-06-04 22:35:00,3540.26
2024-06-04 23:35:00,4369.9
2024-06-05 00:35:00,5199.54
2024-06-05 01:35:00,4931.74
2024-06-05 02:35:00,4629.8
2024-06-05 03:35:00,4372.63
2024-06-05 04:35:00,4160.07
2024-06-05 05:35:00,4022.69
2024-06-05 06:35:00,3986.79
2024-06-05 07:35:00,3883.6
2024-06-05 08:35:00,4044.17
2024-06-05 09:35:00,4512.65
2024-06-05 10:35:00,4928.92
2024-06-05 11:35:00,5098.35
2024-06-05 12:35:00,5196.14
2024-06-05 13:35:00,5170.3
2024-06-05 14:35:00,5659.29
2024-06-05 15:35:00,5873.38
2024-06-05 16:35:00,5760.63
2024-06-05 17:35:00,5453.05
2024-06-05 18:35:00,5077.69
2024-06-05 19:35:00,5168.43
2024-06-05 20:35:00,5205.77
2024-06-05 21:35:00,5458.76
2024-06-05 22:35:00,5895.5
2024-06-05 23:35:00,6250.969999999999
2024-06-06 00:35:00,6606.44
2024-06-06 01:35:00,6372.44
2024-06-06 02:35:00,6053.91
2024-06-06 03:35:00,5766.41
2024-06-06 04:35:00,5468.12
2024-06-06 05:35:00,5125.1
2024-06-06 06:35:00,4886.95
2024-06-06 07:35:00,4535.98
2024-06-06 08:35:00,4512.5
2024-06-06 09:35:00,4994.77
2024-06-06 10:35:00,5864.75
2024-06-06 11:35:00,6138.71
2024-06-06 12:35:00,6442.15
2024-06-06 13:35:00,6594.9
2024-06-06 14:35:00,7127.03
2024-06-06 15:35:00,7421.19
2024-06-06 16:35:00,7190.87
2024-06-06 17:35:00,6762.33
2024-06-06 18:35:00,6222.4
2024-06-06 19:35:00,6028.42
2024-06-06 20:35:00,6168.61
2024-06-06 21:35:00,6558.62
2024-06-06 22:35:00,6978.11
2024-06-06 23:35:00,6873.53
2024-06-07 00:35:00,5595.24
2024-06-07 01:35:00,5224.97
2024-06-07 02:35:00,4940.36
2024-06-07 03:35:00,4694.19
2024-06-07 04:35:00,4512.73
2024-06-07 05:35:00,4360.89
2024-06-07 06:35:00,4329.43
2024-06-07 07:35:00,4278.6
2024-06-07 08:35:00,4342.36
2024-06-07 09:35:00,4699.33
2024-06-07 10:35:00,5052.67
2024-06-07 11:35:00,5339.21
2024-06-07 12:35:00,5489.34
2024-06-07 13:35:00,5461.61
2024-06-07 14:35:00,5846.43
2024-06-07 15:35:00,5861.22
2024-06-07 16:35:00,5715.28
2024-06-07 17:35:00,5515.28
2024-06-07 18:35:00,5284.54
2024-06-07 19:35:00,5222.88
2024-06-07 20:35:00,5222.7
2024-06-07 21:35:00,5319.91
2024-06-07 22:35:00,5562.84
2024-06-07 23:35:00,5591.76
2024-06-08 00:35:00,5954.21
2024-06-08 01:35:00,5598.14
2024-06-08 02:35:00,5271.53
2024-06-08 03:35:00,5000.63
2024-06-08 04:35:00,4775.22
2024-06-08 05:35:00,4653.5
2024-06-08 06:35:00,4600.06
2024-06-08 07:35:00,4612.83
2024-06-08 08:35:00,4725.31
2024-06-08 09:35:00,5240.69
2024-06-08 10:35:00,5627.97
2024-06-08 11:35:00,5808.07
2024-06-08 12:35:00,5847.85
2024-06-08 13:35:00,5856.05
2024-06-08 14:35:00,6477.67
2024-06-08 15:35:00,6555.37
2024-06-08 16:35:00,6348.08
2024-06-08 17:35:00,6086.05
2024-06-08 18:35:00,5800.45
2024-06-08 19:35:00,5837.73
2024-06-08 20:35:00,5904.65
2024-06-08 21:35:00,6131.28
2024-06-08 22:35:00,6429.85
2024-06-08 23:35:00,6359.25
2024-06-09 00:35:00,5311.01
2024-06-09 01:35:00,4961.67
2024-06-09 02:35:00,4714.26
2024-06-09 03:35:00,4475.67
2024-06-09 04:35:00,4368.84
2024-06-09 05:35:00,4344.95
2024-06-09 06:35:00,4386.49
2024-06-09 07:35:00,4395.05
2024-06-09 08:35:00,4439.3
2024-06-09 09:35:00,4990.05
2024-06-09 10:35:00,5301.71
2024-06-09 11:35:00,5397.97
2024-06-09 12:35:00,5364.54
2024-06-09 13:35:00,5290.25
2024-06-09 14:35:00,5634.07
2024-06-09 15:35:00,5743.3
2024-06-09 16:35:00,5633.94
2024-06-09 17:35:00,5461.63
2024-06-09 18:35:00,5275.08
2024-06-09 19:35:00,5305.05
2024-06-09 20:35:00,5120.08
2024-06-09 21:35:00,5084.62
2024-06-09 22:35:00,5237.99
2024-06-09 23:35:00,5196.59
2024-06-10 00:35:00,5567.24
2024-06-10 01:35:00,5277.58
2024-06-10 02:35:00,4954.21
2024-06-10 03:35:00,4732.79
2024-06-10 04:35:00,4547.86
2024-06-10 05:35:00,4460.36
2024-06-10 06:35:00,4291.84
2024-06-10 07:35:00,4155.25
2024-06-10 08:35:00,4128.78
2024-06-10 09:35:00,4381.67
2024-06-10 10:35:00,4610.55
2024-06-10 11:35:00,4780.73
2024-06-10 12:35:00,4918.14
2024-06-10 13:35:00,4824.55
2024-06-10 14:35:00,5037.48
2024-06-10 15:35:00,5098.89
2024-06-10 16:35:00,4984.54
2024-06-10 17:35:00,4912.88
2024-06-10 18:35:00,5018.82
2024-06-10 19:35:00,5058.68
2024-06-10 20:35:00,5074.73
2024-06-10 21:35:00,5225.88
2024-06-10 22:35:00,5466.61
2024-06-10 23:35:00,5487.48
2024-06-11 00:35:00,2769.73
2024-06-11 01:35:00,2664.19
2024-06-11 02:35:00,2575.45
2024-06-11 03:35:00,2496.74
2024-06-11 04:35:00,2565.3
2024-06-11 05:35:00,2816.33
2024-06-11 06:35:00,3285.11
2024-06-11 07:35:00,3350.06
2024-06-11 08:35:00,3357.59
2024-06-11 09:35:00,3764.35
2024-06-11 10:35:00,3712.67
2024-06-11 11:35:00,4017.78
2024-06-11 12:35:00,4034.57
2024-06-11 13:35:00,3802.06
2024-06-11 14:35:00,3921.2
2024-06-11 15:35:00,3928.03
2024-06-11 16:35:00,3907.54
2024-06-11 17:35:00,4089.94
2024-06-11 18:35:00,4115.21
2024-06-11 19:35:00,3866.72
2024-06-11 20:35:00,3561.01
2024-06-11 21:35:00,3394.43
2024-06-11 22:35:00,2936.653333333333
2024-06-11 23:35:00,2478.8766666666666
2024-06-12 00:35:00,2021.1
2024-06-12 01:35:00,1889.36
2024-06-12 02:35:00,1808.39
2024-06-12 03:35:00,1778.79
2024-06-12 04:35:00,1896.89
2024-06-12 05:35:00,2375.88
2024-06-12 06:35:00,3309.27
2024-06-12 07:35:00,3654.02
2024-06-12 08:35:00,3788.54
2024-06-12 09:35:00,4042.86
2024-06-12 10:35:00,4058.3
2024-06-12 11:35:00,4048.45
2024-06-12 12:35:00,3871.45
2024-06-12 13:35:00,3411.79
2024-06-12 14:35:00,3422.37
2024-06-12 15:35:00,3143.11
2024-06-12 16:35:00,3149.46
2024-06-12 17:35:00,3620.13
2024-06-12 18:35:00,3677.3
2024-06-12 19:35:00,3483.03
2024-06-12 20:35:00,3140.26
2024-06-12 21:35:00,2861.13
2024-06-12 22:35:00,2499.95
2024-06-12 23:35:00,2269.5
2024-06-13 00:35:00,7549.77
2024-06-13 01:35:00,7232.81
2024-06-13 02:35:00,6945.17
2024-06-13 03:35:00,6580.13
2024-06-13 04:35:00,6245.65
2024-06-13 05:35:00,5851.21
2024-06-13 06:35:00,5501.85
2024-06-13 07:35:00,5409.63
2024-06-13 08:35:00,5453.3
2024-06-13 09:35:00,5946.85
2024-06-13 10:35:00,6067.400666666667
2024-06-13 11:35:00,6187.951333333333
2024-06-13 12:35:00,6308.502
2024-06-13 13:35:00,6429.0526666666665
2024-06-13 14:35:00,6549.6033333333335
2024-06-13 15:35:00,6670.154
2024-06-13 16:35:00,6790.7046666666665
2024-06-13 17:35:00,6911.2553333333335
2024-06-13 18:35:00,7031.806
2024-06-13 19:35:00,7152.356666666667
2024-06-13 20:35:00,7272.907333333333
2024-06-13 21:35:00,7393.458
2024-06-13 22:35:00,7514.008666666667
2024-06-13 23:35:00,7634.559333333333
2024-06-14 00:35:00,7755.11
2024-06-14 01:35:00,7402.5
2024-06-14 02:35:00,7089.41
2024-06-14 03:35:00,6755.05
2024-06-14 04:35:00,6446.78
2024-06-14 05:35:00,6007.51
2024-06-14 06:35:00,5664.77
2024-06-14 07:35:00,5488.57
2024-06-14 08:35:00,5552.9
2024-06-14 09:35:00,5994.9
2024-06-14 10:35:00,6525.14
2024-06-14 11:35:00,6908.96
2024-06-14 12:35:00,7310.75
2024-06-14 13:35:00,7508.56
2024-06-14 14:35:00,8005.69
2024-06-14 15:35:00,8065.86
2024-06-14 16:35:00,7938.16
2024-06-14 17:35:00,7338.78
2024-06-14 18:35:00,6566.81
2024-06-14 19:35:00,6129.29
2024-06-14 20:35:00,6146.74
2024-06-14 21:35:00,6459.33
2024-06-14 22:35:00,7242.28
2024-06-14 23:35:00,7650.56
2024-06-15 00:35:00,7544.05
2024-06-15 01:35:00,7237.25
2024-06-15 02:35:00,6903.65
2024-06-15 03:35:00,6584.76
2024-06-15 04:35:00,6222.33
2024-06-15 05:35:00,5784.07
2024-06-15 06:35:00,5419.85
2024-06-15 07:35:00,5221.92
2024-06-15 08:35:00,5124.15
2024-06-15 09:35:00,5464.84
2024-06-15 10:35:00,5949.06
2024-06-15 11:35:00,6372.45
2024-06-15 12:35:00,6742.29
2024-06-15 13:35:00,6939.25
2024-06-15 14:35:00,7459.37
2024-06-15 15:35:00,7715.51
2024-06-15 16:35:00,7412.92
2024-06-15 17:35:00,6903.93
2024-06-15 18:35:00,6307.65
2024-06-15 19:35:00,6033.2
2024-06-15 20:35:00,6289.75
2024-06-15 21:35:00,6786.64
2024-06-15 22:35:00,7442.68
2024-06-15 23:35:00,7711.37
2024-06-16 00:35:00,7653.47
2024-06-16 01:35:00,7388.63
2024-06-16 02:35:00,7074.84
2024-06-16 03:35:00,6739.58
2024-06-16 04:35:00,6449.16
2024-06-16 05:35:00,5992.64
2024-06-16 06:35:00,5628.91
2024-06-16 07:35:00,5379.06
2024-06-16 08:35:00,5037.12
2024-06-16 09:35:00,5389.74
2024-06-16 10:35:00,5712.43
2024-06-16 11:35:00,6051.35
2024-06-16 12:35:00,6442.94
2024-06-16 13:35:00,6703.23
2024-06-16 14:35:00,7156.58
2024-06-16 15:35:00,7301.73
2024-06-16 16:35:00,7071.8
2024-06-16 17:35:00,6461.48
2024-06-16 18:35:00,5895.78
2024-06-16 19:35:00,5877.31
2024-06-16 20:35:00,6098.02
2024-06-16 21:35:00,6732.58
2024-06-16 22:35:00,7403.25
2024-06-16 23:35:00,7731.26
2024-06-17 00:35:00,7671.55
2024-06-17 01:35:00,7392.69
2024-06-17 02:35:00,7146.17
2024-06-17 03:35:00,6837.07
2024-06-17 04:35:00,6543.36
2024-06-17 05:35:00,6055.92
2024-06-17 06:35:00,5651.33
2024-06-17 07:35:00,5401.95
2024-06-17 08:35:00,5367.98
2024-06-17 09:35:00,5754.22
2024-06-17 10:35:00,6234.77
2024-06-17 11:35:00,6653.82
2024-06-17 12:35:00,7074.81
2024-06-17 13:35:00,7331.83
2024-06-17 14:35:00,7481.43
2024-06-17 15:35:00,7975.02
2024-06-17 16:35:00,7738.54
2024-06-17 17:35:00,7179.96
2024-06-17 18:35:00,6649.49
2024-06-17 19:35:00,6486.44
2024-06-17 20:35:00,6862.27
2024-06-17 21:35:00,7537.13
2024-06-17 22:35:00,8045.96
2024-06-17 23:35:00,8172.29
2024-06-18 00:35:00,8067.33
2024-06-18 01:35:00,7857.09
2024-06-18 02:35:00,7613.74
2024-06-18 03:35:00,7362.63
2024-06-18 04:35:00,7057.32
2024-06-18 05:35:00,6642.83
2024-06-18 06:35:00,6252.55
2024-06-18 07:35:00,6030.68
2024-06-18 08:35:00,5846.41
2024-06-18 09:35:00,6350.52
2024-06-18 10:35:00,6841.62
2024-06-18 11:35:00,7367.6
2024-06-18 12:35:00,7740.56
2024-06-18 13:35:00,8010.48
2024-06-18 14:35:00,8499.23
2024-06-18 15:35:00,8445.73
2024-06-18 16:35:00,8290.55
2024-06-18 17:35:00,7608.25
2024-06-18 18:35:00,6969.55
2024-06-18 19:35:00,6657.42
2024-06-18 20:35:00,7019.86
2024-06-18 21:35:00,7682.04
2024-06-18 22:35:00,8120.21
2024-06-18 23:35:00,8271.98
2024-06-19 00:35:00,8110.94
2024-06-19 01:35:00,7827.59
2024-06-19 02:35:00,7597.61
2024-06-19 03:35:00,7340.85
2024-06-19 04:35:00,7052.11
2024-06-19 05:35:00,6606.77
2024-06-19 06:35:00,6251.55
2024-06-19 07:35:00,5988.28
2024-06-19 08:35:00,6014.86
2024-06-19 09:35:00,6524.78
2024-06-19 10:35:00,7079.59
2024-06-19 11:35:00,7441.76
2024-06-19 12:35:00,7779.49
2024-06-19 13:35:00,7951.55
2024-06-19 14:35:00,8409.13
2024-06-19 15:35:00,8563.84
2024-06-19 16:35:00,8352.06
2024-06-19 17:35:00,7630.03
2024-06-19 18:35:00,6963.75
2024-06-19 19:35:00,6805.14
2024-06-19 20:35:00,7064.47
2024-06-19 21:35:00,7460.01
2024-06-19 22:35:00,7829.06
2024-06-19 23:35:00,7398.59
2024-06-20 00:35:00,7279.41
2024-06-20 01:35:00,7132.19
2024-06-20 02:35:00,6904.61
2024-06-20 03:35:00,6657.95
2024-06-20 04:35:00,6343.96
2024-06-20 05:35:00,5875.52
2024-06-20 06:35:00,5565.18
2024-06-20 07:35:00,5312.22
2024-06-20 08:35:00,5130.59
2024-06-20 09:35:00,5495.77
2024-06-20 10:35:00,6017.37
2024-06-20 11:35:00,6401.52
2024-06-20 12:35:00,6560.05
2024-06-20 13:35:00,6813.62
2024-06-20 14:35:00,7351.22
2024-06-20 15:35:00,7669.04
2024-06-20 16:35:00,7565.76
2024-06-20 17:35:00,7074.51
2024-06-20 18:35:00,6485.64
2024-06-20 19:35:00,6353.76
2024-06-20 20:35:00,6607.9
2024-06-20 21:35:00,7020.73
2024-06-20 22:35:00,7565.47
2024-06-20 23:35:00,7733.4
2024-06-21 00:35:00,7467.01
2024-06-21 01:35:00,6962.72
2024-06-21 02:35:00,6751.67
2024-06-21 03:35:00,6428.33
2024-06-21 04:35:00,6124.75
2024-06-21 05:35:00,5619.62
2024-06-21 06:35:00,5228.69
2024-06-21 07:35:00,5029.03
2024-06-21 08:35:00,5048.56
2024-06-21 09:35:00,5683.2
2024-06-21 10:35:00,6310.5
2024-06-21 11:35:00,6703.13
2024-06-21 12:35:00,7000.33
2024-06-21 13:35:00,6947.94
2024-06-21 14:35:00,6677.3
2024-06-21 15:35:00,6104.31
2024-06-21 16:35:00,6294.45
2024-06-21 17:35:00,6264.28
2024-06-21 18:35:00,5940.37
2024-06-21 19:35:00,5780.24
2024-06-21 20:35:00,5900.87
2024-06-21 21:35:00,6155.39
2024-06-21 22:35:00,6614.35
2024-06-21 23:35:00,6841.07
2024-06-22 00:35:00,6581.33
2024-06-22 01:35:00,6278.52
2024-06-22 02:35:00,5990.51
2024-06-22 03:35:00,5710.84
2024-06-22 04:35:00,5438.93
2024-06-22 05:35:00,5093.54
2024-06-22 06:35:00,4904.92
2024-06-22 07:35:00,4778.02
2024-06-22 08:35:00,4714.15
2024-06-22 09:35:00,5123.66
2024-06-22 10:35:00,5580.69
2024-06-22 11:35:00,5951.84
2024-06-22 12:35:00,6194.27
2024-06-22 13:35:00,6181.95
2024-06-22 14:35:00,6721.67
2024-06-22 15:35:00,6952.66
2024-06-22 16:35:00,6605.59
2024-06-22 17:35:00,6098.69
2024-06-22 18:35:00,5763.13
2024-06-22 19:35:00,5717.74
2024-06-22 20:35:00,5913.28
2024-06-22 21:35:00,6275.79
2024-06-22 22:35:00,6702.2
2024-06-22 23:35:00,6917.18
2024-06-23 00:35:00,6643.8
2024-06-23 01:35:00,6304.24
2024-06-23 02:35:00,5999.69
2024-06-23 03:35:00,5718.36
2024-06-23 04:35:00,5445.91
2024-06-23 05:35:00,5096.98
2024-06-23 06:35:00,4904.07
2024-06-23 07:35:00,4753.93
2024-06-23 08:35:00,4675.06
2024-06-23 09:35:00,4930.41
2024-06-23 10:35:00,5262.81
2024-06-23 11:35:00,5715.36
2024-06-23 12:35:00,6054.65
2024-06-23 13:35:00,6279.25
2024-06-23 14:35:00,6583.06
2024-06-23 15:35:00,6566.42
2024-06-23 16:35:00,6253.78
2024-06-23 17:35:00,6020.25
2024-06-23 18:35:00,5715.43
2024-06-23 19:35:00,5760.2
2024-06-23 20:35:00,6137.31
2024-06-23 21:35:00,6659.5
2024-06-23 22:35:00,7100.86
2024-06-23 23:35:00,7292.08
2024-06-24 00:35:00,7056.59
2024-06-24 01:35:00,6730.82
2024-06-24 02:35:00,6428.62
2024-06-24 03:35:00,6116.84
2024-06-24 04:35:00,5832.54
2024-06-24 05:35:00,5512.86
2024-06-24 06:35:00,5284.41
2024-06-24 07:35:00,5193.66
2024-06-24 08:35:00,5340.65
2024-06-24 09:35:00,5960.56
2024-06-24 10:35:00,6466.22
2024-06-24 11:35:00,6793.47
2024-06-24 12:35:00,6997.72
2024-06-24 13:35:00,6857.01
2024-06-24 14:35:00,7348.22
2024-06-24 15:35:00,7367.66
2024-06-24 16:35:00,6912.41
2024-06-24 17:35:00,6412.41
2024-06-24 18:35:00,6079.19
2024-06-24 19:35:00,6065.31
2024-06-24 20:35:00,6320.38
2024-06-24 21:35:00,6698.93
2024-06-24 22:35:00,7042.86
2024-06-24 23:35:00,7041.47
2024-06-25 00:35:00,6721.45
2024-06-25 01:35:00,6367.15
2024-06-25 02:35:00,6043.18
2024-06-25 03:35:00,5731.66
2024-06-25 04:35:00,5459.56
2024-06-25 05:35:00,5147.53
2024-06-25 06:35:00,5060.98
2024-06-25 07:35:00,5029.89
2024-06-25 08:35:00,5122.12
2024-06-25 09:35:00,5677.14
2024-06-25 10:35:00,6225.04
2024-06-25 11:35:00,6559.7
2024-06-25 12:35:00,6816.96
2024-06-25 13:35:00,6976.35
2024-06-25 14:35:00,7041.99
2024-06-25 15:35:00,7661.21
2024-06-25 16:35:00,7357.6
2024-06-25 17:35:00,6630.13
2024-06-25 18:35:00,6542.71
2024-06-25 19:35:00,6468.18
2024-06-25 20:35:00,6827.68
2024-06-25 21:35:00,7192.99
2024-06-25 22:35:00,7490.92
2024-06-25 23:35:00,7539.21
2024-06-26 00:35:00,7197.71
2024-06-26 01:35:00,6799.69
2024-06-26 02:35:00,6481.79
2024-06-26 03:35:00,6203.21
2024-06-26 04:35:00,5931.38
2024-06-26 05:35:00,5635.21
2024-06-26 06:35:00,5414.2
2024-06-26 07:35:00,5316.42
2024-06-26 08:35:00,5472.28
2024-06-26 09:35:00,6033.07
2024-06-26 10:35:00,6408.01
2024-06-26 11:35:00,6504.16
2024-06-26 12:35:00,6806.18
2024-06-26 13:35:00,6943.7
2024-06-26 14:35:00,7599.92
2024-06-26 15:35:00,7560.4
2024-06-26 16:35:00,7270.6
2024-06-26 17:35:00,6693.42
2024-06-26 18:35:00,6204.77
2024-06-26 19:35:00,6187.18
2024-06-26 20:35:00,6438.39
2024-06-26 21:35:00,6790.58
2024-06-26 22:35:00,7135.59
2024-06-26 23:35:00,7272.75
2024-06-27 00:35:00,6854.0
2024-06-27 01:35:00,6548.72
2024-06-27 02:35:00,6224.9
2024-06-27 03:35:00,5927.69
2024-06-27 04:35:00,5701.13
2024-06-27 05:35:00,5454.54
2024-06-27 06:35:00,5317.1
2024-06-27 07:35:00,5116.64
2024-06-27 08:35:00,4859.05
2024-06-27 09:35:00,5050.85
2024-06-27 10:35:00,5524.08
2024-06-27 11:35:00,5901.58
2024-06-27 12:35:00,6188.14
2024-06-27 13:35:00,6136.51
2024-06-27 14:35:00,6621.97
2024-06-27 15:35:00,6819.04
2024-06-27 16:35:00,6492.88
2024-06-27 17:35:00,6189.82
2024-06-27 18:35:00,5870.59
2024-06-27 19:35:00,5701.81
2024-06-27 20:35:00,5921.97
2024-06-27 21:35:00,6241.56
2024-06-27 22:35:00,6680.35
2024-06-27 23:35:00,6791.86
2024-06-28 00:35:00,6495.95
2024-06-28 01:35:00,6148.56
2024-06-28 02:35:00,5790.08
2024-06-28 03:35:00,5303.71
2024-06-28 04:35:00,4620.95
2024-06-28 05:35:00,4110.85
2024-06-28 06:35:00,3814.05
2024-06-28 07:35:00,3862.11
2024-06-28 08:35:00,3908.05
2024-06-28 09:35:00,4224.22
2024-06-28 10:35:00,4789.62
2024-06-28 11:35:00,5246.31
2024-06-28 12:35:00,5375.42
2024-06-28 13:35:00,5441.43
2024-06-28 14:35:00,5791.97
2024-06-28 15:35:00,5944.37
2024-06-28 16:35:00,5834.05
2024-06-28 17:35:00,5712.87
2024-06-28 18:35:00,5537.74
2024-06-28 19:35:00,5513.06
2024-06-28 20:35:00,5572.92
2024-06-28 21:35:00,5736.89
2024-06-28 22:35:00,6100.31
2024-06-28 23:35:00,6189.6
2024-06-29 00:35:00,5856.92
2024-06-29 01:35:00,5544.6
2024-06-29 02:35:00,5283.47
2024-06-29 03:35:00,5045.29
2024-06-29 04:35:00,4833.55
2024-06-29 05:35:00,4650.91
2024-06-29 06:35:00,4558.72
2024-06-29 07:35:00,4515.95
2024-06-29 08:35:00,4421.41
2024-06-29 09:35:00,4816.15
2024-06-29 10:35:00,5335.05
2024-06-29 11:35:00,5616.63
2024-06-29 12:35:00,5804.38
2024-06-29 13:35:00,5878.69
2024-06-29 14:35:00,6200.84
2024-06-29 15:35:00,5781.62
2024-06-29 16:35:00,5600.73
2024-06-29 17:35:00,5370.15
2024-06-29 18:35:00,5237.32
2024-06-29 19:35:00,5344.74
2024-06-29 20:35:00,5562.48
2024-06-29 21:35:00,5777.3
2024-06-29 22:35:00,6076.89
2024-06-29 23:35:00,6034.11
2024-06-30 00:35:00,5936.39
2024-06-30 01:35:00,5636.61
2024-06-30 02:35:00,5312.37
2024-06-30 03:35:00,5072.06
2024-06-30 04:35:00,4831.7
2024-06-30 05:35:00,4601.87
2024-06-30 06:35:00,4453.36
2024-06-30 07:35:00,4388.46
2024-06-30 08:35:00,4304.82
2024-06-30 09:35:00,4588.84
2024-06-30 10:35:00,4933.18
2024-06-30 11:35:00,5277.01
2024-06-30 12:35:00,5612.06
2024-06-30 13:35:00,5806.12
2024-06-30 14:35:00,6123.77
2024-06-30 15:35:00,6207.46
2024-06-30 16:35:00,5961.79
2024-06-30 17:35:00,5733.69
2024-06-30 18:35:00,5504.17
2024-06-30 19:35:00,5670.65
2024-06-30 20:35:00,6071.66
2024-06-30 21:35:00,6499.84
2024-06-30 22:35:00,6722.24
2024-06-30 23:35:00,6659.17
2024-07-01 00:35:00,2248.02
2024-07-01 01:35:00,1960.62
2024-07-01 02:35:00,1804.22
2024-07-01 03:35:00,1741.28
2024-07-01 04:35:00,1816.17
2024-07-01 05:35:00,2075.87
2024-07-01 06:35:00,2631.39
2024-07-01 07:35:00,3398.26
2024-07-01 08:35:00,4005.38
2024-07-01 09:35:00,4627.94
2024-07-01 10:35:00,5014.37
2024-07-01 11:35:00,5027.35
2024-07-01 12:35:00,4738.09
2024-07-01 13:35:00,4201.33
2024-07-01 14:35:00,3935.12
2024-07-01 15:35:00,3682.66
2024-07-01 16:35:00,3617.75
2024-07-01 17:35:00,3804.82
2024-07-01 18:35:00,4015.09
2024-07-01 19:35:00,3936.59
2024-07-01 20:35:00,3792.09
2024-07-01 21:35:00,3590.51
2024-07-01 22:35:00,3140.25
2024-07-01 23:35:00,2619.1549999999997
2024-07-02 00:35:00,2098.06
2024-07-02 01:35:00,1872.94
2024-07-02 02:35:00,1758.76
2024-07-02 03:35:00,1715.7
2024-07-02 04:35:00,1837.4
2024-07-02 05:35:00,2386.58
2024-07-02 06:35:00,3585.03
2024-07-02 07:35:00,4276.5
2024-07-02 08:35:00,4496.32
2024-07-02 09:35:00,4694.53
2024-07-02 10:35:00,4679.53
2024-07-02 11:35:00,4443.08
2024-07-02 12:35:00,4106.91
2024-07-02 13:35:00,3734.02
2024-07-02 14:35:00,3762.3
2024-07-02 15:35:00,3854.38
2024-07-02 16:35:00,3663.19
2024-07-02 17:35:00,3851.57
2024-07-02 18:35:00,4119.28
2024-07-02 19:35:00,3969.45
2024-07-02 20:35:00,3733.94
2024-07-02 21:35:00,3490.0
2024-07-02 22:35:00,3079.15
2024-07-02 23:35:00,2480.8450000000003
2024-07-03 00:35:00,1882.54
2024-07-03 01:35:00,1724.7
2024-07-03 02:35:00,1662.23
2024-07-03 03:35:00,1607.64
2024-07-03 04:35:00,1706.45
2024-07-03 05:35:00,2147.6
2024-07-03 06:35:00,3019.62
2024-07-03 07:35:00,3706.76
2024-07-03 08:35:00,3789.43
2024-07-03 09:35:00,3913.12
2024-07-03 10:35:00,3948.14
2024-07-03 11:35:00,3620.64
2024-07-03 12:35:00,3506.16
2024-07-03 13:35:00,3116.99
2024-07-03 14:35:00,3060.25
2024-07-03 15:35:00,3033.62
2024-07-03 16:35:00,3021.44
2024-07-03 17:35:00,3313.79
2024-07-03 18:35:00,3527.07
2024-07-03 19:35:00,3389.33
2024-07-03 20:35:00,3075.81
2024-07-03 21:35:00,2769.53
2024-07-03 22:35:00,2505.18
2024-07-03 23:35:00,2897.745
2024-07-04 00:35:00,3290.31
2024-07-04 01:35:00,3130.94
2024-07-04 02:35:00,3003.07
2024-07-04 03:35:00,2883.61
2024-07-04 04:35:00,2880.56
2024-07-04 05:35:00,2947.28
2024-07-04 06:35:00,3056.68
2024-07-04 07:35:00,3173.31
2024-07-04 08:35:00,3148.36
2024-07-04 09:35:00,3385.53
2024-07-04 10:35:00,3594.41
2024-07-04 11:35:00,3658.18
2024-07-04 12:35:00,3736.0
2024-07-04 13:35:00,3576.94
2024-07-04 14:35:00,3620.89
2024-07-04 15:35:00,3658.62
2024-07-04 16:35:00,3663.19
2024-07-04 17:35:00,3674.6
2024-07-04 18:35:00,3726.08
2024-07-04 19:35:00,3784.87
2024-07-04 20:35:00,3649.58
2024-07-04 21:35:00,3604.88
2024-07-04 22:35:00,3577.93
2024-07-04 23:35:00,3508.31
2024-07-05 00:35:00,5665.7
2024-07-05 01:35:00,5288.4
2024-07-05 02:35:00,4937.0
2024-07-05 03:35:00,4654.5
2024-07-05 04:35:00,4429.86
2024-07-05 05:35:00,4290.73
2024-07-05 06:35:00,4246.97
2024-07-05 07:35:00,4111.45
2024-07-05 08:35:00,4301.4
2024-07-05 09:35:00,4761.09
2024-07-05 10:35:00,5186.07
2024-07-05 11:35:00,5340.41
2024-07-05 12:35:00,5396.37
2024-07-05 13:35:00,5385.31
2024-07-05 14:35:00,5951.29
2024-07-05 15:35:00,6114.01
2024-07-05 16:35:00,5913.61
2024-07-05 17:35:00,5666.79
2024-07-05 18:35:00,5392.13
2024-07-05 19:35:00,5430.9
2024-07-05 20:35:00,5561.89
2024-07-05 21:35:00,5967.71
2024-07-05 22:35:00,6357.4
2024-07-05 23:35:00,6541.27
2024-07-06 00:35:00,6725.14
2024-07-06 01:35:00,6436.9
2024-07-06 02:35:00,6097.56
2024-07-06 03:35:00,5745.77
2024-07-06 04:35:00,5421.03
2024-07-06 05:35:00,5042.19
2024-07-06 06:35:00,4814.42
2024-07-06 07:35:00,4717.0
2024-07-06 08:35:00,4832.78
2024-07-06 09:35:00,5409.68
2024-07-06 10:35:00,5931.52
2024-07-06 11:35:00,6223.16
2024-07-06 12:35:00,6472.13
2024-07-06 13:35:00,6587.29
2024-07-06 14:35:00,7207.88
2024-07-06 15:35:00,7139.18
2024-07-06 16:35:00,7247.98
2024-07-06 17:35:00,6754.65
2024-07-06 18:35:00,6118.66
2024-07-06 19:35:00,5916.32
2024-07-06 20:35:00,6046.95
2024-07-06 21:35:00,6399.18
2024-07-06 22:35:00,7060.36
2024-07-06 23:35:00,7403.58
2024-07-07 00:35:00,5330.67
2024-07-07 01:35:00,5072.66
2024-07-07 02:35:00,4794.13
2024-07-07 03:35:00,4553.5
2024-07-07 04:35:00,4375.1
2024-07-07 05:35:00,4179.4
2024-07-07 06:35:00,4045.56
2024-07-07 07:35:00,4002.22
2024-07-07 08:35:00,3963.81
2024-07-07 09:35:00,4239.38
2024-07-07 10:35:00,4458.11
2024-07-07 11:35:00,4725.49
2024-07-07 12:35:00,4964.56
2024-07-07 13:35:00,4988.43
2024-07-07 14:35:00,5230.16
2024-07-07 15:35:00,5247.63
2024-07-07 16:35:00,5127.23
2024-07-07 17:35:00,4860.0
2024-07-07 18:35:00,4668.67
2024-07-07 19:35:00,4705.51
2024-07-07 20:35:00,4907.94
2024-07-07 21:35:00,5196.78
2024-07-07 22:35:00,5490.87
2024-07-07 23:35:00,5585.66
2024-07-08 00:35:00,5942.73
2024-07-08 01:35:00,5600.12
2024-07-08 02:35:00,5285.68
2024-07-08 03:35:00,5006.8
2024-07-08 04:35:00,4780.06
2024-07-08 05:35:00,4645.0
2024-07-08 06:35:00,4677.41
2024-07-08 07:35:00,4630.36
2024-07-08 08:35:00,4756.32
2024-07-08 09:35:00,5182.6
2024-07-08 10:35:00,5599.75
2024-07-08 11:35:00,5700.76
2024-07-08 12:35:00,5805.49
2024-07-08 13:35:00,5706.63
2024-07-08 14:35:00,6056.01
2024-07-08 15:35:00,6154.79
2024-07-08 16:35:00,5843.06
2024-07-08 17:35:00,5533.25
2024-07-08 18:35:00,5422.47
2024-07-08 19:35:00,5489.89
2024-07-08 20:35:00,5472.17
2024-07-08 21:35:00,5557.77
2024-07-08 22:35:00,5797.01
2024-07-08 23:35:00,5735.22
2024-07-09 00:35:00,4933.83
2024-07-09 01:35:00,4646.68
2024-07-09 02:35:00,4403.54
2024-07-09 03:35:00,4225.11
2024-07-09 04:35:00,4087.5
2024-07-09 05:35:00,4034.99
2024-07-09 06:35:00,4089.65
2024-07-09 07:35:00,4080.53
2024-07-09 08:35:00,4159.58
2024-07-09 09:35:00,4454.39
2024-07-09 10:35:00,4791.68
2024-07-09 11:35:00,4993.17
2024-07-09 12:35:00,5089.76
2024-07-09 13:35:00,5057.11
2024-07-09 14:35:00,5326.42
2024-07-09 15:35:00,5402.92
2024-07-09 16:35:00,5187.1
2024-07-09 17:35:00,5116.35
2024-07-09 18:35:00,5110.84
2024-07-09 19:35:00,5074.26
2024-07-09 20:35:00,4864.93
2024-07-09 21:35:00,4997.82
2024-07-09 22:35:00,5090.62
2024-07-09 23:35:00,5098.43
2024-07-10 00:35:00,5234.11
2024-07-10 01:35:00,4929.32
2024-07-10 02:35:00,4679.08
2024-07-10 03:35:00,4458.29
2024-07-10 04:35:00,4306.58
2024-07-10 05:35:00,4270.89
2024-07-10 06:35:00,4320.95
2024-07-10 07:35:00,4273.65
2024-07-10 08:35:00,4355.4
2024-07-10 09:35:00,4830.33
2024-07-10 10:35:00,5110.76
2024-07-10 11:35:00,5193.67
2024-07-10 12:35:00,5348.66
2024-07-10 13:35:00,5185.29
2024-07-10 14:35:00,5528.9
2024-07-10 15:35:00,5654.99
2024-07-10 16:35:00,5544.39
2024-07-10 17:35:00,5390.9
2024-07-10 18:35:00,5445.41
2024-07-10 19:35:00,5339.06
2024-07-10 20:35:00,5114.0
2024-07-10 21:35:00,5229.41
2024-07-10 22:35:00,4427.0199999999995
2024-07-10 23:35:00,3624.63
2024-07-11 00:35:00,2822.24
2024-07-11 01:35:00,2687.88
2024-07-11 02:35:00,2573.12
2024-07-11 03:35:00,2515.32
2024-07-11 04:35:00,2585.89
2024-07-11 05:35:00,2711.85
2024-07-11 06:35:00,2951.12
2024-07-11 07:35:00,3178.88
2024-07-11 08:35:00,3434.55
2024-07-11 09:35:00,3757.99
2024-07-11 10:35:00,4025.02
2024-07-11 11:35:00,4084.38
2024-07-11 12:35:00,4090.52
2024-07-11 13:35:00,3824.84
2024-07-11 14:35:00,3886.69
2024-07-11 15:35:00,3851.39
2024-07-11 16:35:00,3748.26
2024-07-11 17:35:00,3837.5
2024-07-11 18:35:00,3937.3
2024-07-11 19:35:00,3705.54
2024-07-11 20:35:00,3484.19
2024-07-11 21:35:00,3324.94
2024-07-11 22:35:00,3111.8
2024-07-11 23:35:00,2551.955
2024-07-12 00:35:00,1992.11
2024-07-12 01:35:00,1847.45
2024-07-12 02:35:00,1760.6
2024-07-12 03:35:00,1718.88
2024-07-12 04:35:00,1822.77
2024-07-12 05:35:00,2216.41
2024-07-12 06:35:00,2964.42
2024-07-12 07:35:00,3261.01
2024-07-12 08:35:00,3545.37
2024-07-12 09:35:00,3753.07
2024-07-12 10:35:00,3805.63
2024-07-12 11:35:00,3530.96
2024-07-12 12:35:00,3371.81
2024-07-12 13:35:00,3081.51
2024-07-12 14:35:00,3070.85
2024-07-12 15:35:00,3149.55
2024-07-12 16:35:00,3112.99
2024-07-12 17:35:00,3408.85
2024-07-12 18:35:00,3445.09
2024-07-12 19:35:00,3274.07
2024-07-12 20:35:00,3046.24
2024-07-12 21:35:00,2784.97
2024-07-12 22:35:00,2521.1
2024-07-12 23:35:00,4385.0
2024-07-13 00:35:00,6248.9
2024-07-13 01:35:00,5889.11
2024-07-13 02:35:00,5542.46
2024-07-13 03:35:00,5279.42
2024-07-13 04:35:00,5039.3
2024-07-13 05:35:00,4777.89
2024-07-13 06:35:00,4555.73
2024-07-13 07:35:00,4404.76
2024-07-13 08:35:00,4392.91
2024-07-13 09:35:00,4812.75
2024-07-13 10:35:00,5223.67
2024-07-13 11:35:00,5538.3
2024-07-13 12:35:00,5714.43
2024-07-13 13:35:00,5701.07
2024-07-13 14:35:00,5862.18
2024-07-13 15:35:00,5611.57
2024-07-13 16:35:00,5610.07
2024-07-13 17:35:00,5628.52
2024-07-13 18:35:00,5400.89
2024-07-13 19:35:00,5402.82
2024-07-13 20:35:00,5577.32
2024-07-13 21:35:00,5879.25
2024-07-13 22:35:00,6182.78
2024-07-13 23:35:00,6291.53
2024-07-14 00:35:00,5934.04
2024-07-14 01:35:00,5605.72
2024-07-14 02:35:00,5316.91
2024-07-14 03:35:00,5104.84
2024-07-14 04:35:00,4887.81
2024-07-14 05:35:00,4672.66
2024-07-14 06:35:00,4565.01
2024-07-14 07:35:00,4459.37
2024-07-14 08:35:00,4420.49
2024-07-14 09:35:00,4657.09
2024-07-14 10:35:00,5082.4
2024-07-14 11:35:00,5324.16
2024-07-14 12:35:00,5525.25
2024-07-14 13:35:00,5600.7
2024-07-14 14:35:00,5998.69
2024-07-14 15:35:00,5958.86
2024-07-14 16:35:00,5779.17
2024-07-14 17:35:00,5629.64
2024-07-14 18:35:00,5417.16
2024-07-14 19:35:00,5561.82
2024-07-14 20:35:00,5898.74
2024-07-14 21:35:00,6306.62
2024-07-14 22:35:00,6663.7
2024-07-14 23:35:00,6812.89
2024-07-15 00:35:00,6438.65
2024-07-15 01:35:00,6098.99
2024-07-15 02:35:00,5785.98
2024-07-15 03:35:00,5484.56
2024-07-15 04:35:00,5285.8
2024-07-15 05:35:00,5024.58
2024-07-15 06:35:00,4984.52
2024-07-15 07:35:00,4996.61
2024-07-15 08:35:00,5051.86
2024-07-15 09:35:00,5207.56
2024-07-15 10:35:00,5272.54
2024-07-15 11:35:00,5463.48
2024-07-15 12:35:00,5911.26
2024-07-15 13:35:00,6050.1
2024-07-15 14:35:00,6647.08
2024-07-15 15:35:00,6837.56
2024-07-15 16:35:00,6543.95
2024-07-15 17:35:00,6288.0
2024-07-15 18:35:00,5934.73
2024-07-15 19:35:00,5987.35
2024-07-15 20:35:00,6225.82
2024-07-15 21:35:00,6490.79
2024-07-15 22:35:00,6858.79
2024-07-15 23:35:00,6821.89
2024-07-16 00:35:00,6435.97
2024-07-16 01:35:00,6054.24
2024-07-16 02:35:00,5740.16
2024-07-16 03:35:00,5470.86
2024-07-16 04:35:00,5244.74
2024-07-16 05:35:00,5026.45
2024-07-16 06:35:00,4972.39
2024-07-16 07:35:00,4949.64
2024-07-16 08:35:00,5168.16
2024-07-16 09:35:00,5770.36
2024-07-16 10:35:00,6126.42
2024-07-16 11:35:00,6425.59
2024-07-16 12:35:00,6569.34
2024-07-16 13:35:00,6658.89
2024-07-16 14:35:00,7199.86
2024-07-16 15:35:00,7385.13
2024-07-16 16:35:00,7081.77
2024-07-16 17:35:00,6755.24
2024-07-16 18:35:00,6357.67
2024-07-16 19:35:00,6401.37
2024-07-16 20:35:00,6656.6
2024-07-16 21:35:00,6929.44
2024-07-16 22:35:00,7189.46
2024-07-16 23:35:00,7245.45
2024-07-17 00:35:00,6949.9
2024-07-17 01:35:00,6578.79
2024-07-17 02:35:00,6229.82
2024-07-17 03:35:00,5908.22
2024-07-17 04:35:00,5633.74
2024-07-17 05:35:00,5324.75
2024-07-17 06:35:00,5049.38
2024-07-17 07:35:00,5024.91
2024-07-17 08:35:00,5090.3
2024-07-17 09:35:00,5596.56
2024-07-17 10:35:00,6132.03
2024-07-17 11:35:00,6423.24
2024-07-17 12:35:00,6722.8
2024-07-17 13:35:00,6747.94
2024-07-17 14:35:00,7046.87
2024-07-17 15:35:00,6797.85
2024-07-17 16:35:00,6673.56
2024-07-17 17:35:00,6461.0
2024-07-17 18:35:00,6177.97
2024-07-17 19:35:00,6236.86
2024-07-17 20:35:00,6531.15
2024-07-17 21:35:00,6900.52
2024-07-17 22:35:00,7270.99
2024-07-17 23:35:00,7190.69
2024-07-18 00:35:00,6783.58
2024-07-18 01:35:00,6396.54
2024-07-18 02:35:00,6107.11
2024-07-18 03:35:00,5800.22
2024-07-18 04:35:00,5558.27
2024-07-18 05:35:00,5363.41
2024-07-18 06:35:00,5242.52
2024-07-18 07:35:00,5197.89
2024-07-18 08:35:00,5364.22
2024-07-18 09:35:00,5978.98
2024-07-18 10:35:00,6458.11
2024-07-18 11:35:00,6681.94
2024-07-18 12:35:00,6662.65
2024-07-18 13:35:00,6226.74
2024-07-18 14:35:00,6653.31
2024-07-18 15:35:00,6677.65
2024-07-18 16:35:00,6402.29
2024-07-18 17:35:00,6137.39
2024-07-18 18:35:00,6099.1
2024-07-18 19:35:00,6180.99
2024-07-18 20:35:00,6326.83
2024-07-18 21:35:00,6565.83
2024-07-18 22:35:00,6861.37
2024-07-18 23:35:00,6782.7
2024-07-19 00:35:00,6363.28
2024-07-19 01:35:00,6022.78
2024-07-19 02:35:00,5747.78
2024-07-19 03:35:00,5485.1
2024-07-19 04:35:00,5270.44
2024-07-19 05:35:00,5103.46
2024-07-19 06:35:00,5079.6
2024-07-19 07:35:00,5012.92
2024-07-19 08:35:00,5258.58
2024-07-19 09:35:00,5762.25
2024-07-19 10:35:00,6215.5
2024-07-19 11:35:00,6502.48
2024-07-19 12:35:00,6706.81
2024-07-19 13:35:00,6709.69
2024-07-19 14:35:00,7191.54
2024-07-19 15:35:00,7293.31
2024-07-19 16:35:00,6985.14
2024-07-19 17:35:00,6635.29
2024-07-19 18:35:00,6332.59
2024-07-19 19:35:00,6335.47
2024-07-19 20:35:00,6444.23
2024-07-19 21:35:00,6586.13
2024-07-19 22:35:00,6912.0
2024-07-19 23:35:00,6803.77
2024-07-20 00:35:00,6422.76
2024-07-20 01:35:00,6067.88
2024-07-20 02:35:00,5775.4
2024-07-20 03:35:00,5449.96
2024-07-20 04:35:00,5210.44
2024-07-20 05:35:00,4974.73
2024-07-20 06:35:00,4897.32
2024-07-20 07:35:00,4854.92
2024-07-20 08:35:00,4903.06
2024-07-20 09:35:00,5278.14
2024-07-20 10:35:00,5770.26
2024-07-20 11:35:00,5987.7
2024-07-20 12:35:00,6235.38
2024-07-20 13:35:00,6370.31
2024-07-20 14:35:00,6771.39
2024-07-20 15:35:00,6917.13
2024-07-20 16:35:00,6679.71
2024-07-20 17:35:00,6402.4
2024-07-20 18:35:00,6087.22
2024-07-20 19:35:00,6200.67
2024-07-20 20:35:00,6390.2
2024-07-20 21:35:00,6722.48
2024-07-20 22:35:00,7132.12
2024-07-20 23:35:00,7144.81
2024-07-21 00:35:00,6861.55
2024-07-21 01:35:00,6506.6
2024-07-21 02:35:00,6213.5
2024-07-21 03:35:00,5906.54
2024-07-21 04:35:00,5653.3
2024-07-21 05:35:00,5360.08
2024-07-21 06:35:00,5071.61
2024-07-21 07:35:00,4924.95
2024-07-21 08:35:00,4824.81
2024-07-21 09:35:00,5126.45
2024-07-21 10:35:00,5574.06
2024-07-21 11:35:00,6005.88
2024-07-21 12:35:00,6261.71
2024-07-21 13:35:00,6297.85
2024-07-21 14:35:00,6679.44
2024-07-21 15:35:00,6703.41
2024-07-21 16:35:00,6340.25
2024-07-21 17:35:00,5964.71
2024-07-21 18:35:00,5866.65
2024-07-21 19:35:00,5995.32
2024-07-21 20:35:00,6260.36
2024-07-21 21:35:00,6678.81
2024-07-21 22:35:00,7044.38
2024-07-21 23:35:00,7056.17
2024-07-22 00:35:00,6728.0
2024-07-22 01:35:00,6365.64
2024-07-22 02:35:00,6046.11
2024-07-22 03:35:00,5753.8
2024-07-22 04:35:00,5540.87
2024-07-22 05:35:00,5316.37
2024-07-22 06:35:00,5212.96
2024-07-22 07:35:00,5186.6
2024-07-22 08:35:00,5384.47
2024-07-22 09:35:00,5946.44
2024-07-22 10:35:00,6425.09
2024-07-22 11:35:00,6850.02
2024-07-22 12:35:00,7011.72
2024-07-22 13:35:00,6366.72
2024-07-22 14:35:00,6343.71
2024-07-22 15:35:00,6589.32
2024-07-22 16:35:00,6504.24
2024-07-22 17:35:00,6230.95
2024-07-22 18:35:00,5953.82
2024-07-22 19:35:00,6015.41
2024-07-22 20:35:00,6208.14
2024-07-22 21:35:00,6436.03
2024-07-22 22:35:00,6753.88
2024-07-22 23:35:00,6686.63
2024-07-23 00:35:00,6293.74
2024-07-23 01:35:00,5904.47
2024-07-23 02:35:00,5626.71
2024-07-23 03:35:00,5399.86
2024-07-23 04:35:00,5169.52
2024-07-23 05:35:00,4989.09
2024-07-23 06:35:00,4946.53
2024-07-23 07:35:00,4977.64
2024-07-23 08:35:00,5241.55
2024-07-23 09:35:00,5824.4
2024-07-23 10:35:00,6264.67
2024-07-23 11:35:00,6495.22
2024-07-23 12:35:00,6586.78
2024-07-23 13:35:00,6478.0
2024-07-23 14:35:00,6757.25
2024-07-23 15:35:00,6951.22
2024-07-23 16:35:00,6814.74
2024-07-23 17:35:00,6629.24
2024-07-23 18:35:00,6314.2
2024-07-23 19:35:00,6399.21
2024-07-23 20:35:00,6551.9
2024-07-23 21:35:00,6841.57
2024-07-23 22:35:00,7034.1
2024-07-23 23:35:00,6977.6
2024-07-24 00:35:00,6583.87
2024-07-24 01:35:00,6196.03
2024-07-24 02:35:00,5878.31
2024-07-24 03:35:00,5568.5
2024-07-24 04:35:00,5264.07
2024-07-24 05:35:00,5053.02
2024-07-24 06:35:00,4921.48
2024-07-24 07:35:00,4472.03
2024-07-24 08:35:00,4620.37
2024-07-24 09:35:00,5160.69
2024-07-24 10:35:00,5554.94
2024-07-24 11:35:00,5827.23
2024-07-24 12:35:00,6033.66
2024-07-24 13:35:00,5987.97
2024-07-24 14:35:00,6585.92
2024-07-24 15:35:00,6685.37
2024-07-24 16:35:00,6527.05
2024-07-24 17:35:00,6349.99
2024-07-24 18:35:00,6187.67
2024-07-24 19:35:00,6289.35
2024-07-24 20:35:00,6407.95
2024-07-24 21:35:00,6647.25
2024-07-24 22:35:00,6939.98
2024-07-24 23:35:00,6676.995
2024-07-25 00:35:00,6414.01
2024-07-25 01:35:00,5986.88
2024-07-25 02:35:00,5691.79
2024-07-25 03:35:00,5403.07
2024-07-25 04:35:00,5179.03
2024-07-25 05:35:00,4985.8
2024-07-25 06:35:00,4970.36
2024-07-25 07:35:00,4861.14
2024-07-25 08:35:00,4865.04
2024-07-25 09:35:00,5312.68
2024-07-25 10:35:00,5768.52
2024-07-25 11:35:00,5995.86
2024-07-25 12:35:00,6202.4
2024-07-25 13:35:00,6278.71
2024-07-25 14:35:00,6890.55
2024-07-25 15:35:00,7019.18
2024-07-25 16:35:00,6802.21
2024-07-25 17:35:00,6520.57
2024-07-25 18:35:00,6267.08
2024-07-25 19:35:00,6359.99
2024-07-25 20:35:00,6454.46
2024-07-25 21:35:00,6722.03
2024-07-25 22:35:00,7011.98
2024-07-25 23:35:00,6942.1
2024-07-26 00:35:00,6522.37
2024-07-26 01:35:00,6147.46
2024-07-26 02:35:00,5841.98
2024-07-26 03:35:00,5548.8
2024-07-26 04:35:00,5286.69
2024-07-26 05:35:00,4974.7
2024-07-26 06:35:00,4728.99
2024-07-26 07:35:00,4660.99
2024-07-26 08:35:00,4858.32
2024-07-26 09:35:00,5370.57
2024-07-26 10:35:00,5911.12
2024-07-26 11:35:00,6235.81
2024-07-26 12:35:00,6368.17
2024-07-26 13:35:00,6227.2
2024-07-26 14:35:00,6757.45
2024-07-26 15:35:00,6842.56
2024-07-26 16:35:00,6637.74
2024-07-26 17:35:00,6458.22
2024-07-26 18:35:00,6190.82
2024-07-26 19:35:00,6315.63
2024-07-26 20:35:00,6481.23
2024-07-26 21:35:00,6658.06
2024-07-26 22:35:00,6928.79
2024-07-26 23:35:00,6686.505
2024-07-27 00:35:00,6444.22
2024-07-27 01:35:00,6022.59
2024-07-27 02:35:00,5735.95
2024-07-27 03:35:00,5460.48
2024-07-27 04:35:00,5192.01
2024-07-27 05:35:00,5029.47
2024-07-27 06:35:00,4884.6
2024-07-27 07:35:00,4874.77
2024-07-27 08:35:00,4938.18
2024-07-27 09:35:00,5329.66
2024-07-27 10:35:00,5792.65
2024-07-27 11:35:00,6107.18
2024-07-27 12:35:00,6442.18
2024-07-27 13:35:00,6586.87
2024-07-27 14:35:00,6922.92
2024-07-27 15:35:00,6682.81
2024-07-27 16:35:00,6468.71
2024-07-27 17:35:00,6298.04
2024-07-27 18:35:00,5865.95
2024-07-27 19:35:00,5869.14
2024-07-27 20:35:00,6146.23
2024-07-27 21:35:00,6381.42
2024-07-27 22:35:00,6727.21
2024-07-27 23:35:00,6727.51
2024-07-28 00:35:00,6345.47
2024-07-28 01:35:00,5930.2
2024-07-28 02:35:00,5642.7
2024-07-28 03:35:00,5403.92
2024-07-28 04:35:00,5204.99
2024-07-28 05:35:00,5009.21
2024-07-28 06:35:00,4863.06
2024-07-28 07:35:00,4736.85
2024-07-28 08:35:00,4754.22
2024-07-28 09:35:00,5109.13
2024-07-28 10:35:00,5580.26
2024-07-28 11:35:00,5897.04
2024-07-28 12:35:00,6000.8
2024-07-28 13:35:00,6326.48
2024-07-28 14:35:00,6659.02
2024-07-28 15:35:00,6668.24
2024-07-28 16:35:00,6392.77
2024-07-28 17:35:00,6090.47
2024-07-28 18:35:00,5745.87
2024-07-28 19:35:00,5942.21
2024-07-28 20:35:00,6340.19
2024-07-28 21:35:00,6812.9
2024-07-28 22:35:00,7103.53
2024-07-28 23:35:00,7073.62
2024-07-29 00:35:00,6673.76
2024-07-29 01:35:00,6268.9
2024-07-29 02:35:00,5945.65
2024-07-29 03:35:00,5657.7
2024-07-29 04:35:00,5441.79
2024-07-29 05:35:00,5246.04
2024-07-29 06:35:00,5127.57
2024-07-29 07:35:00,5138.66
2024-07-29 08:35:00,5311.11
2024-07-29 09:35:00,5863.11
2024-07-29 10:35:00,6292.41
2024-07-29 11:35:00,6502.82
2024-07-29 12:35:00,6641.79
2024-07-29 13:35:00,6793.43
2024-07-29 14:35:00,7455.89
2024-07-29 15:35:00,7641.24
2024-07-29 16:35:00,7348.91
2024-07-29 17:35:00,6916.02
2024-07-29 18:35:00,6499.4
2024-07-29 19:35:00,6587.84
2024-07-29 20:35:00,6937.27
2024-07-29 21:35:00,7310.6
2024-07-29 22:35:00,7688.64
2024-07-29 23:35:00,7403.83
2024-07-30 00:35:00,7119.02
2024-07-30 01:35:00,6755.54
2024-07-30 02:35:00,6453.41
2024-07-30 03:35:00,6167.13
2024-07-30 04:35:00,5877.52
2024-07-30 05:35:00,5614.48
2024-07-30 06:35:00,5504.11
2024-07-30 07:35:00,5493.12
2024-07-30 08:35:00,5626.63
2024-07-30 09:35:00,6123.09
2024-07-30 10:35:00,6651.27
2024-07-30 11:35:00,6856.86
2024-07-30 12:35:00,7070.71
2024-07-30 13:35:00,7197.58
2024-07-30 14:35:00,7827.94
2024-07-30 15:35:00,7994.41
2024-07-30 16:35:00,7690.49
2024-07-30 17:35:00,7291.58
2024-07-30 18:35:00,6910.56
2024-07-30 19:35:00,6983.74
2024-07-30 20:35:00,7176.44
2024-07-30 21:35:00,7514.58
2024-07-30 22:35:00,7774.3
2024-07-30 23:35:00,7737.47
2024-07-31 00:35:00,7340.84
2024-07-31 01:35:00,6952.41
2024-07-31 02:35:00,6616.46
2024-07-31 03:35:00,6300.77
2024-07-31 04:35:00,6061.18
2024-07-31 05:35:00,5797.33
2024-07-31 06:35:00,5615.14
2024-07-31 07:35:00,5558.9
2024-07-31 08:35:00,5640.52
2024-07-31 09:35:00,6160.96
2024-07-31 10:35:00,6678.58
2024-07-31 11:35:00,6985.05
2024-07-31 12:35:00,7195.62
2024-07-31 13:35:00,7354.22
2024-07-31 14:35:00,7910.38
2024-07-31 15:35:00,8111.24
2024-07-31 16:35:00,7834.7
2024-07-31 17:35:00,7364.0
2024-07-31 18:35:00,6751.78
2024-07-31 19:35:00,5430.59
2024-07-31 20:35:00,5294.25
2024-07-31 21:35:00,5484.91
2024-07-31 22:35:00,5666.27
2024-07-31 23:35:00,5793.74
2024-08-01 00:35:00,2155.73
2024-08-01 01:35:00,1901.45
2024-08-01 02:35:00,1771.49
2024-08-01 03:35:00,1733.28
2024-08-01 04:35:00,1853.13
2024-08-01 05:35:00,2332.16
2024-08-01 06:35:00,3339.22
2024-08-01 07:35:00,4145.47
2024-08-01 08:35:00,4607.6
2024-08-01 09:35:00,4969.93
2024-08-01 10:35:00,5238.48
2024-08-01 11:35:00,5132.08
2024-08-01 12:35:00,4934.89
2024-08-01 13:35:00,4555.28
2024-08-01 14:35:00,4430.76
2024-08-01 15:35:00,4157.18
2024-08-01 16:35:00,4067.84
2024-08-01 17:35:00,4281.36
2024-08-01 18:35:00,4397.6
2024-08-01 19:35:00,4305.6
2024-08-01 20:35:00,4072.11
2024-08-01 21:35:00,3877.91
2024-08-01 22:35:00,3454.67
2024-08-01 23:35:00,2795.8
2024-08-02 00:35:00,2136.93
2024-08-02 01:35:00,1879.25
2024-08-02 02:35:00,1787.72
2024-08-02 03:35:00,1736.23
2024-08-02 04:35:00,1867.6
2024-08-02 05:35:00,2400.52
2024-08-02 06:35:00,3552.5
2024-08-02 07:35:00,4311.42
2024-08-02 08:35:00,4453.8
2024-08-02 09:35:00,4615.04
2024-08-02 10:35:00,4619.05
2024-08-02 11:35:00,4408.58
2024-08-02 12:35:00,4172.0
2024-08-02 13:35:00,3704.28
2024-08-02 14:35:00,3694.72
2024-08-02 15:35:00,3610.97
2024-08-02 16:35:00,3570.0
2024-08-02 17:35:00,3770.5
2024-08-02 18:35:00,4010.99
2024-08-02 19:35:00,3887.76
2024-08-02 20:35:00,3683.76
2024-08-02 21:35:00,3422.22
2024-08-02 22:35:00,3003.7
2024-08-02 23:35:00,2510.86
2024-08-03 00:35:00,1917.47
2024-08-03 01:35:00,1755.53
2024-08-03 02:35:00,1663.35
2024-08-03 03:35:00,1651.76
2024-08-03 04:35:00,1828.1
2024-08-03 05:35:00,2337.34
2024-08-03 06:35:00,3082.49
2024-08-03 07:35:00,3973.0
2024-08-03 08:35:00,4213.27
2024-08-03 09:35:00,4422.67
2024-08-03 10:35:00,4226.3
2024-08-03 11:35:00,3987.01
2024-08-03 12:35:00,3670.81
2024-08-03 13:35:00,3136.47
2024-08-03 14:35:00,3028.44
2024-08-03 15:35:00,2936.72
2024-08-03 16:35:00,2972.3
2024-08-03 17:35:00,3099.46
2024-08-03 18:35:00,3293.52
2024-08-03 19:35:00,3201.66
2024-08-03 20:35:00,2926.75
2024-08-03 21:35:00,2662.33
2024-08-03 22:35:00,2368.58
2024-08-03 23:35:00,2851.775
2024-08-04 00:35:00,3334.97
2024-08-04 01:35:00,3142.95
2024-08-04 02:35:00,3029.86
2024-08-04 03:35:00,2952.63
2024-08-04 04:35:00,2975.96
2024-08-04 05:35:00,3155.08
2024-08-04 06:35:00,3481.45
2024-08-04 07:35:00,3428.7
2024-08-04 08:35:00,3463.65
2024-08-04 09:35:00,3835.24
2024-08-04 10:35:00,4055.56
2024-08-04 11:35:00,4147.75
2024-08-04 12:35:00,4176.24
2024-08-04 13:35:00,4024.61
2024-08-04 14:35:00,4222.65
2024-08-04 15:35:00,4320.88
2024-08-04 16:35:00,4271.21
2024-08-04 17:35:00,4222.2
2024-08-04 18:35:00,4121.36
2024-08-04 19:35:00,4103.0
2024-08-04 20:35:00,3896.21
2024-08-04 21:35:00,3808.95
2024-08-04 22:35:00,3790.42
2024-08-04 23:35:00,3712.75
2024-08-05 00:35:00,6054.74
2024-08-05 01:35:00,5708.56
2024-08-05 02:35:00,5407.01
2024-08-05 03:35:00,5109.45
2024-08-05 04:35:00,4825.37
2024-08-05 05:35:00,4593.89
2024-08-05 06:35:00,4474.84
2024-08-05 07:35:00,4302.71
2024-08-05 08:35:00,4372.35
2024-08-05 09:35:00,4809.77
2024-08-05 10:35:00,5243.17
2024-08-05 11:35:00,5478.9
2024-08-05 12:35:00,5570.22
2024-08-05 13:35:00,5616.51
2024-08-05 14:35:00,6142.19
2024-08-05 15:35:00,6335.06
2024-08-05 16:35:00,6126.6
2024-08-05 17:35:00,5848.98
2024-08-05 18:35:00,5497.48
2024-08-05 19:35:00,5556.32
2024-08-05 20:35:00,5596.56
2024-08-05 21:35:00,5757.43
2024-08-05 22:35:00,6247.31
2024-08-05 23:35:00,6287.43
2024-08-06 00:35:00,7204.3
2024-08-06 01:35:00,6826.36
2024-08-06 02:35:00,6465.91
2024-08-06 03:35:00,6075.52
2024-08-06 04:35:00,5768.11
2024-08-06 05:35:00,5354.55
2024-08-06 06:35:00,5056.32
2024-08-06 07:35:00,4694.48
2024-08-06 08:35:00,4675.9
2024-08-06 09:35:00,4929.77
2024-08-06 10:35:00,5523.7
2024-08-06 11:35:00,5904.59
2024-08-06 12:35:00,6114.2
2024-08-06 13:35:00,6234.79
2024-08-06 14:35:00,6694.27
2024-08-06 15:35:00,6922.32
2024-08-06 16:35:00,6707.68
2024-08-06 17:35:00,6224.58
2024-08-06 18:35:00,5714.17
2024-08-06 19:35:00,5548.7
2024-08-06 20:35:00,5661.41
2024-08-06 21:35:00,6054.18
2024-08-06 22:35:00,6651.54
2024-08-06 23:35:00,7031.57
2024-08-07 00:35:00,5257.7
2024-08-07 01:35:00,4907.75
2024-08-07 02:35:00,4685.75
2024-08-07 03:35:00,4428.17
2024-08-07 04:35:00,4262.53
2024-08-07 05:35:00,4139.63
2024-08-07 06:35:00,4176.49
2024-08-07 07:35:00,4106.85
2024-08-07 08:35:00,4282.78
2024-08-07 09:35:00,4727.0
2024-08-07 10:35:00,5075.52
2024-08-07 11:35:00,5181.31
2024-08-07 12:35:00,5271.53
2024-08-07 13:35:00,5135.62
2024-08-07 14:35:00,5439.38
2024-08-07 15:35:00,5502.8
2024-08-07 16:35:00,5373.37
2024-08-07 17:35:00,5313.8
2024-08-07 18:35:00,5063.1
2024-08-07 19:35:00,5135.72
2024-08-07 20:35:00,5166.55
2024-08-07 21:35:00,5361.49
2024-08-07 22:35:00,5688.46
2024-08-07 23:35:00,5705.94
2024-08-08 00:35:00,5357.54
2024-08-08 01:35:00,5025.84
2024-08-08 02:35:00,4781.8
2024-08-08 03:35:00,4587.46
2024-08-08 04:35:00,4424.28
2024-08-08 05:35:00,4359.45
2024-08-08 06:35:00,4382.46
2024-08-08 07:35:00,4413.95
2024-08-08 08:35:00,4572.17
2024-08-08 09:35:00,5046.42
2024-08-08 10:35:00,5455.52
2024-08-08 11:35:00,5631.44
2024-08-08 12:35:00,5818.02
2024-08-08 13:35:00,5739.47
2024-08-08 14:35:00,6169.52
2024-08-08 15:35:00,6085.23
2024-08-08 16:35:00,6009.88
2024-08-08 17:35:00,5854.69
2024-08-08 18:35:00,5664.86
2024-08-08 19:35:00,5697.88
2024-08-08 20:35:00,5598.68
2024-08-08 21:35:00,5709.47
2024-08-08 22:35:00,5964.22
2024-08-08 23:35:00,5908.39
2024-08-09 00:35:00,4854.23
2024-08-09 01:35:00,4603.34
2024-08-09 02:35:00,4377.86
2024-08-09 03:35:00,4216.93
2024-08-09 04:35:00,4096.14
2024-08-09 05:35:00,4053.17
2024-08-09 06:35:00,3995.02
2024-08-09 07:35:00,3998.64
2024-08-09 08:35:00,4046.76
2024-08-09 09:35:00,4309.94
2024-08-09 10:35:00,4610.33
2024-08-09 11:35:00,4757.88
2024-08-09 12:35:00,4836.25
2024-08-09 13:35:00,4712.69
2024-08-09 14:35:00,4740.44
2024-08-09 15:35:00,4729.66
2024-08-09 16:35:00,4652.3
2024-08-09 17:35:00,4667.53
2024-08-09 18:35:00,4714.83
2024-08-09 19:35:00,4856.56
2024-08-09 20:35:00,4888.85
2024-08-09 21:35:00,4964.35
2024-08-09 22:35:00,5099.89
2024-08-09 23:35:00,5081.89
2024-08-10 00:35:00,5165.58
2024-08-10 01:35:00,4869.5
2024-08-10 02:35:00,4604.92
2024-08-10 03:35:00,4374.29
2024-08-10 04:35:00,4226.54
2024-08-10 05:35:00,4173.77
2024-08-10 06:35:00,4292.22
2024-08-10 07:35:00,4183.33
2024-08-10 08:35:00,4295.22
2024-08-10 09:35:00,4774.25
2024-08-10 10:35:00,5185.4
2024-08-10 11:35:00,5283.78
2024-08-10 12:35:00,5318.06
2024-08-10 13:35:00,5121.75
2024-08-10 14:35:00,5475.7
2024-08-10 15:35:00,5606.55
2024-08-10 16:35:00,5311.81
2024-08-10 17:35:00,5143.44
2024-08-10 18:35:00,5322.69
2024-08-10 19:35:00,5228.08
2024-08-10 20:35:00,4992.53
2024-08-10 21:35:00,5012.01
2024-08-10 22:35:00,5149.19
2024-08-10 23:35:00,3957.33
2024-08-11 00:35:00,2765.47
2024-08-11 01:35:00,2629.2
2024-08-11 02:35:00,2538.52
2024-08-11 03:35:00,2527.04
2024-08-11 04:35:00,2619.83
2024-08-11 05:35:00,2806.32
2024-08-11 06:35:00,3223.58
2024-08-11 07:35:00,3274.72
2024-08-11 08:35:00,3369.16
2024-08-11 09:35:00,3722.23
2024-08-11 10:35:00,4026.36
2024-08-11 11:35:00,4102.41
2024-08-11 12:35:00,4083.07
2024-08-11 13:35:00,3819.55
2024-08-11 14:35:00,3943.92
2024-08-11 15:35:00,3965.66
2024-08-11 16:35:00,3929.45
2024-08-11 17:35:00,4084.01
2024-08-11 18:35:00,4197.21
2024-08-11 19:35:00,3906.63
2024-08-11 20:35:00,3638.23
2024-08-11 21:35:00,3385.72
2024-08-11 22:35:00,3261.41
2024-08-11 23:35:00,2636.39
2024-08-12 00:35:00,2011.37
2024-08-12 01:35:00,1872.81
2024-08-12 02:35:00,1776.07
2024-08-12 03:35:00,1691.1
2024-08-12 04:35:00,1779.68
2024-08-12 05:35:00,2060.09
2024-08-12 06:35:00,2428.39
2024-08-12 07:35:00,2945.93
2024-08-12 08:35:00,3312.69
2024-08-12 09:35:00,3524.9
2024-08-12 10:35:00,3754.56
2024-08-12 11:35:00,3833.96
2024-08-12 12:35:00,3611.34
2024-08-12 13:35:00,3275.19
2024-08-12 14:35:00,3230.35
2024-08-12 15:35:00,3013.15
2024-08-12 16:35:00,2962.31
2024-08-12 17:35:00,3273.13
2024-08-12 18:35:00,3246.76
2024-08-12 19:35:00,3156.43
2024-08-12 20:35:00,2892.75
2024-08-12 21:35:00,2704.74
2024-08-12 22:35:00,2410.08
2024-08-12 23:35:00,3637.725
2024-08-13 00:35:00,4865.37
2024-08-13 01:35:00,4570.8
2024-08-13 02:35:00,4379.51
2024-08-13 03:35:00,4204.31
2024-08-13 04:35:00,4100.83
2024-08-13 05:35:00,4073.2
2024-08-13 06:35:00,4243.35
2024-08-13 07:35:00,4257.56
2024-08-13 08:35:00,4425.34
2024-08-13 09:35:00,4921.72
2024-08-13 10:35:00,5377.27
2024-08-13 11:35:00,5516.95
2024-08-13 12:35:00,5585.23
2024-08-13 13:35:00,5520.95
2024-08-13 14:35:00,5837.9
2024-08-13 15:35:00,5868.09
2024-08-13 16:35:00,5788.15
2024-08-13 17:35:00,5513.18
2024-08-13 18:35:00,5389.68
2024-08-13 19:35:00,5489.18
2024-08-13 20:35:00,5398.97
2024-08-13 21:35:00,5514.9
2024-08-13 22:35:00,5716.54
2024-08-13 23:35:00,5459.6849999999995
2024-08-14 00:35:00,5202.83
2024-08-14 01:35:00,4876.56
2024-08-14 02:35:00,4620.5
2024-08-14 03:35:00,4412.76
2024-08-14 04:35:00,4272.61
2024-08-14 05:35:00,4226.1
2024-08-14 06:35:00,4388.38
2024-08-14 07:35:00,4435.18
2024-08-14 08:35:00,4573.48
2024-08-14 09:35:00,5129.8
2024-08-14 10:35:00,5542.02
2024-08-14 11:35:00,5720.64
2024-08-14 12:35:00,5713.03
2024-08-14 13:35:00,5809.04
2024-08-14 14:35:00,6205.76
2024-08-14 15:35:00,6256.75
2024-08-14 16:35:00,6086.02
2024-08-14 17:35:00,5842.58
2024-08-14 18:35:00,5618.43
2024-08-14 19:35:00,5765.13
2024-08-14 20:35:00,5727.0
2024-08-14 21:35:00,5709.275
2024-08-14 22:35:00,5691.55
2024-08-14 23:35:00,5673.825000000001
2024-08-15 00:35:00,5656.1
2024-08-15 01:35:00,5323.92
2024-08-15 02:35:00,5039.87
2024-08-15 03:35:00,4817.4
2024-08-15 04:35:00,4641.78
2024-08-15 05:35:00,4489.27
2024-08-15 06:35:00,4371.93
2024-08-15 07:35:00,4195.75
2024-08-15 08:35:00,4036.3
2024-08-15 09:35:00,3940.77
2024-08-15 10:35:00,4123.43
2024-08-15 11:35:00,4261.92
2024-08-15 12:35:00,4416.76
2024-08-15 13:35:00,4582.51
2024-08-15 14:35:00,4669.47
2024-08-15 15:35:00,4654.15
2024-08-15 16:35:00,4503.54
2024-08-15 17:35:00,4340.69
2024-08-15 18:35:00,4444.45
2024-08-15 19:35:00,4922.12
2024-08-15 20:35:00,5186.13
2024-08-15 21:35:00,5179.57
2024-08-15 22:35:00,5348.96
2024-08-15 23:35:00,5333.85
2024-08-16 00:35:00,5048.87
2024-08-16 01:35:00,4751.25
2024-08-16 02:35:00,4534.1
2024-08-16 03:35:00,4346.84
2024-08-16 04:35:00,4238.88
2024-08-16 05:35:00,4186.42
2024-08-16 06:35:00,4266.38
2024-08-16 07:35:00,4312.25
2024-08-16 08:35:00,4510.2
2024-08-16 09:35:00,5102.74
2024-08-16 10:35:00,5584.7
2024-08-16 11:35:00,5908.38
2024-08-16 12:35:00,6040.56
2024-08-16 13:35:00,5939.13
2024-08-16 14:35:00,6436.69
2024-08-16 15:35:00,6492.52
2024-08-16 16:35:00,6280.84
2024-08-16 17:35:00,5987.28
2024-08-16 18:35:00,5781.75
2024-08-16 19:35:00,5937.93
2024-08-16 20:35:00,5867.83
2024-08-16 21:35:00,6002.88
2024-08-16 22:35:00,6251.62
2024-08-16 23:35:00,6233.61
2024-08-17 00:35:00,5874.28
2024-08-17 01:35:00,5545.61
2024-08-17 02:35:00,5236.17
2024-08-17 03:35:00,4974.76
2024-08-17 04:35:00,4813.33
2024-08-17 05:35:00,4697.51
2024-08-17 06:35:00,4685.69
2024-08-17 07:35:00,4644.7
2024-08-17 08:35:00,4683.83
2024-08-17 09:35:00,5118.1
2024-08-17 10:35:00,5567.19
2024-08-17 11:35:00,5821.58
2024-08-17 12:35:00,5996.35
2024-08-17 13:35:00,5900.41
2024-08-17 14:35:00,6085.46
2024-08-17 15:35:00,5917.64
2024-08-17 16:35:00,5780.34
2024-08-17 17:35:00,5692.85
2024-08-17 18:35:00,5670.34
2024-08-17 19:35:00,5735.88
2024-08-17 20:35:00,5739.62
2024-08-17 21:35:00,5944.48
2024-08-17 22:35:00,6145.37
2024-08-17 23:35:00,6194.45
2024-08-18 00:35:00,5838.35
2024-08-18 01:35:00,5554.87
2024-08-18 02:35:00,5277.47
2024-08-18 03:35:00,5075.96
2024-08-18 04:35:00,4885.04
2024-08-18 05:35:00,4617.24
2024-08-18 06:35:00,4643.44
2024-08-18 07:35:00,4600.75
2024-08-18 08:35:00,4582.67
2024-08-18 09:35:00,4888.48
2024-08-18 10:35:00,5333.34
2024-08-18 11:35:00,5562.38
2024-08-18 12:35:00,5700.96
2024-08-18 13:35:00,5533.74
2024-08-18 14:35:00,5819.93
2024-08-18 15:35:00,5854.68
2024-08-18 16:35:00,5657.85
2024-08-18 17:35:00,5452.38
2024-08-18 18:35:00,5367.83
2024-08-18 19:35:00,5616.19
2024-08-18 20:35:00,5765.46
2024-08-18 21:35:00,6037.78
2024-08-18 22:35:00,6270.89
2024-08-18 23:35:00,6325.59
2024-08-19 00:35:00,6020.06
2024-08-19 01:35:00,5723.25
2024-08-19 02:35:00,5440.04
2024-08-19 03:35:00,5210.68
2024-08-19 04:35:00,5005.99
2024-08-19 05:35:00,4882.69
2024-08-19 06:35:00,4790.91
2024-08-19 07:35:00,4779.66
2024-08-19 08:35:00,4806.26
2024-08-19 09:35:00,4964.21
2024-08-19 10:35:00,5180.46
2024-08-19 11:35:00,5381.76
2024-08-19 12:35:00,5533.61
2024-08-19 13:35:00,5558.61
2024-08-19 14:35:00,5752.57
2024-08-19 15:35:00,5682.89
2024-08-19 16:35:00,5460.22
2024-08-19 17:35:00,5147.49
2024-08-19 18:35:00,4966.13
2024-08-19 19:35:00,5245.61
2024-08-19 20:35:00,5469.06
2024-08-19 21:35:00,5759.6
2024-08-19 22:35:00,5985.33
2024-08-19 23:35:00,5973.81
2024-08-20 00:35:00,5706.11
2024-08-20 01:35:00,5426.2
2024-08-20 02:35:00,5110.5
2024-08-20 03:35:00,4873.75
2024-08-20 04:35:00,4701.88
2024-08-20 05:35:00,4581.72
2024-08-20 06:35:00,4469.45
2024-08-20 07:35:00,4246.75
2024-08-20 08:35:00,4353.3
2024-08-20 09:35:00,4761.16
2024-08-20 10:35:00,5117.05
2024-08-20 11:35:00,5303.84
2024-08-20 12:35:00,5455.95
2024-08-20 13:35:00,5412.74
2024-08-20 14:35:00,5739.71
2024-08-20 15:35:00,5897.02
2024-08-20 16:35:00,5711.02
2024-08-20 17:35:00,5646.53
2024-08-20 18:35:00,5386.8
2024-08-20 19:35:00,5557.71
2024-08-20 20:35:00,5513.69
2024-08-20 21:35:00,5618.22
2024-08-20 22:35:00,5865.56
2024-08-20 23:35:00,5804.17
2024-08-21 00:35:00,5457.21
2024-08-21 01:35:00,5115.23
2024-08-21 02:35:00,4849.09
2024-08-21 03:35:00,4616.73
2024-08-21 04:35:00,4456.52
2024-08-21 05:35:00,4383.4
2024-08-21 06:35:00,4405.88
2024-08-21 07:35:00,4421.81
2024-08-21 08:35:00,4496.63
2024-08-21 09:35:00,5020.04
2024-08-21 10:35:00,5476.88
2024-08-21 11:35:00,5699.56
2024-08-21 12:35:00,5751.93
2024-08-21 13:35:00,5823.67
2024-08-21 14:35:00,6312.43
2024-08-21 15:35:00,6480.89
2024-08-21 16:35:00,6246.66
2024-08-21 17:35:00,6050.14
2024-08-21 18:35:00,5802.48
2024-08-21 19:35:00,5869.1
2024-08-21 20:35:00,5876.41
2024-08-21 21:35:00,5879.48
2024-08-21 22:35:00,6039.21
2024-08-21 23:35:00,5955.05
2024-08-22 00:35:00,5870.89
2024-08-22 01:35:00,5534.78
2024-08-22 02:35:00,5244.12
2024-08-22 03:35:00,4940.85
2024-08-22 04:35:00,4795.59
2024-08-22 05:35:00,4689.42
2024-08-22 06:35:00,4702.43
2024-08-22 07:35:00,4649.24
2024-08-22 08:35:00,4765.44
2024-08-22 09:35:00,5244.21
2024-08-22 10:35:00,5735.72
2024-08-22 11:35:00,5983.29
2024-08-22 12:35:00,6130.92
2024-08-22 13:35:00,6169.87
2024-08-22 14:35:00,6649.0
2024-08-22 15:35:00,6830.22
2024-08-22 16:35:00,6607.49
2024-08-22 17:35:00,6340.23
2024-08-22 18:35:00,6025.36
2024-08-22 19:35:00,6191.53
2024-08-22 20:35:00,6159.27
2024-08-22 21:35:00,6286.09
2024-08-22 22:35:00,6454.42
2024-08-22 23:35:00,6228.47
2024-08-23 00:35:00,6002.52
2024-08-23 01:35:00,5641.92
2024-08-23 02:35:00,5370.06
2024-08-23 03:35:00,5095.32
2024-08-23 04:35:00,4908.42
2024-08-23 05:35:00,4772.37
2024-08-23 06:35:00,4778.93
2024-08-23 07:35:00,4748.5
2024-08-23 08:35:00,4843.44
2024-08-23 09:35:00,5334.06
2024-08-23 10:35:00,5531.89
2024-08-23 11:35:00,5434.14
2024-08-23 12:35:00,5515.41
2024-08-23 13:35:00,5355.1
2024-08-23 14:35:00,5714.99
2024-08-23 15:35:00,5783.38
2024-08-23 16:35:00,5723.74
2024-08-23 17:35:00,5608.92
2024-08-23 18:35:00,5446.31
2024-08-23 19:35:00,5504.73
2024-08-23 20:35:00,5402.04
2024-08-23 21:35:00,5479.25
2024-08-23 22:35:00,5690.56
2024-08-23 23:35:00,5540.56
2024-08-24 00:35:00,5390.56
2024-08-24 01:35:00,5092.67
2024-08-24 02:35:00,4828.93
2024-08-24 03:35:00,4634.99
2024-08-24 04:35:00,4467.56
2024-08-24 05:35:00,4390.62
2024-08-24 06:35:00,4356.28
2024-08-24 07:35:00,4350.33
2024-08-24 08:35:00,4485.96
2024-08-24 09:35:00,4820.18
2024-08-24 10:35:00,5266.68
2024-08-24 11:35:00,5536.81
2024-08-24 12:35:00,5610.52
2024-08-24 13:35:00,5611.29
2024-08-24 14:35:00,5899.5
2024-08-24 15:35:00,5938.85
2024-08-24 16:35:00,5861.94
2024-08-24 17:35:00,5702.4
2024-08-24 18:35:00,5494.89
2024-08-24 19:35:00,5655.5
2024-08-24 20:35:00,5683.09
2024-08-24 21:35:00,5823.38
2024-08-24 22:35:00,5792.776666666667
2024-08-24 23:35:00,5762.173333333333
2024-08-25 00:35:00,5731.57
2024-08-25 01:35:00,5216.25
2024-08-25 02:35:00,4851.21
2024-08-25 03:35:00,4645.4
2024-08-25 04:35:00,4479.64
2024-08-25 05:35:00,4398.17
2024-08-25 06:35:00,4281.42
2024-08-25 07:35:00,4231.78
2024-08-25 08:35:00,4226.26
2024-08-25 09:35:00,4470.45
2024-08-25 10:35:00,4816.39
2024-08-25 11:35:00,5062.62
2024-08-25 12:35:00,5211.6
2024-08-25 13:35:00,5212.3
2024-08-25 14:35:00,5450.63
2024-08-25 15:35:00,5522.73
2024-08-25 16:35:00,5348.91
2024-08-25 17:35:00,5209.09
2024-08-25 18:35:00,5041.38
2024-08-25 19:35:00,5245.63
2024-08-25 20:35:00,5388.39
2024-08-25 21:35:00,5636.5
2024-08-25 22:35:00,5970.47
2024-08-25 23:35:00,5872.35
2024-08-26 00:35:00,5774.23
2024-08-26 01:35:00,5466.13
2024-08-26 02:35:00,5148.37
2024-08-26 03:35:00,4918.2
2024-08-26 04:35:00,4723.96
2024-08-26 05:35:00,4545.92
2024-08-26 06:35:00,4449.32
2024-08-26 07:35:00,4413.85
2024-08-26 08:35:00,4360.21
2024-08-26 09:35:00,4669.76
2024-08-26 10:35:00,5063.8
2024-08-26 11:35:00,5243.37
2024-08-26 12:35:00,5434.13
2024-08-26 13:35:00,5519.1
2024-08-26 14:35:00,5740.81
2024-08-26 15:35:00,5693.41
2024-08-26 16:35:00,5367.79
2024-08-26 17:35:00,5192.08
2024-08-26 18:35:00,5091.24
2024-08-26 19:35:00,5274.74
2024-08-26 20:35:00,5346.65
2024-08-26 21:35:00,5458.17
2024-08-26 22:35:00,5590.93
2024-08-26 23:35:00,5637.37
2024-08-27 00:35:00,5154.81
2024-08-27 01:35:00,5149.57
2024-08-27 02:35:00,4881.93
2024-08-27 03:35:00,4685.47
2024-08-27 04:35:00,4519.2
2024-08-27 05:35:00,4448.8
2024-08-27 06:35:00,4487.03
2024-08-27 07:35:00,4474.42
2024-08-27 08:35:00,4609.64
2024-08-27 09:35:00,5122.93
2024-08-27 10:35:00,5510.52
2024-08-27 11:35:00,5634.11
2024-08-27 12:35:00,5753.82
2024-08-27 13:35:00,5587.14
2024-08-27 14:35:00,5942.08
2024-08-27 15:35:00,6072.57
2024-08-27 16:35:00,5950.08
2024-08-27 17:35:00,5601.0
2024-08-27 18:35:00,5465.19
2024-08-27 19:35:00,5535.84
2024-08-27 20:35:00,5462.59
2024-08-27 21:35:00,5613.5
2024-08-27 22:35:00,5903.28
2024-08-27 23:35:00,5721.665
2024-08-28 00:35:00,5540.05
2024-08-28 01:35:00,5180.24
2024-08-28 02:35:00,4922.58
2024-08-28 03:35:00,4447.68
2024-08-28 04:35:00,4283.11
2024-08-28 05:35:00,4242.71
2024-08-28 06:35:00,4324.38
2024-08-28 07:35:00,4327.88
2024-08-28 08:35:00,4441.14
2024-08-28 09:35:00,4962.0
2024-08-28 10:35:00,5388.15
2024-08-28 11:35:00,5512.3
2024-08-28 12:35:00,5578.8
2024-08-28 13:35:00,5509.7
2024-08-28 14:35:00,5942.96
2024-08-28 15:35:00,6074.33
2024-08-28 16:35:00,5849.13
2024-08-28 17:35:00,5606.79
2024-08-28 18:35:00,5375.27
2024-08-28 19:35:00,5483.26
2024-08-28 20:35:00,5367.05
2024-08-28 21:35:00,5484.97
2024-08-28 22:35:00,5695.08
2024-08-28 23:35:00,5697.95
2024-08-29 00:35:00,5354.64
2024-08-29 01:35:00,4996.83
2024-08-29 02:35:00,4671.44
2024-08-29 03:35:00,4380.37
2024-08-29 04:35:00,4177.33
2024-08-29 05:35:00,4118.17
2024-08-29 06:35:00,4201.01
2024-08-29 07:35:00,4201.98
2024-08-29 08:35:00,4321.76
2024-08-29 09:35:00,4695.83
2024-08-29 10:35:00,5006.38
2024-08-29 11:35:00,5212.42
2024-08-29 12:35:00,5311.96
2024-08-29 13:35:00,5165.5
2024-08-29 14:35:00,5474.14
2024-08-29 15:35:00,5449.61
2024-08-29 16:35:00,5312.21
2024-08-29 17:35:00,5270.31
2024-08-29 18:35:00,5233.67
2024-08-29 19:35:00,5290.18
2024-08-29 20:35:00,5129.98
2024-08-29 21:35:00,5145.23
2024-08-29 22:35:00,5290.75
2024-08-29 23:35:00,5072.81
2024-08-30 00:35:00,4854.87
2024-08-30 01:35:00,4636.93
2024-08-30 02:35:00,4409.72
2024-08-30 03:35:00,4208.15
2024-08-30 04:35:00,4112.15
2024-08-30 05:35:00,4084.09
2024-08-30 06:35:00,4215.23
2024-08-30 07:35:00,4297.97
2024-08-30 08:35:00,4483.06
2024-08-30 09:35:00,5026.0
2024-08-30 10:35:00,5443.48
2024-08-30 11:35:00,5653.74
2024-08-30 12:35:00,5685.56
2024-08-30 13:35:00,5536.19
2024-08-30 14:35:00,6087.23
2024-08-30 15:35:00,6155.16
2024-08-30 16:35:00,5911.68
2024-08-30 17:35:00,5351.07
2024-08-30 18:35:00,5570.64
2024-08-30 19:35:00,5659.33
2024-08-30 20:35:00,5604.66
2024-08-30 21:35:00,5669.57
2024-08-30 22:35:00,5923.81
2024-08-30 23:35:00,5730.43
2024-08-31 00:35:00,5537.05
2024-08-31 01:35:00,5190.08
2024-08-31 02:35:00,4901.13
2024-08-31 03:35:00,4667.07
2024-08-31 04:35:00,4504.86
2024-08-31 05:35:00,4437.34
2024-08-31 06:35:00,4414.02
2024-08-31 07:35:00,4443.92
2024-08-31 08:35:00,4561.26
2024-08-31 09:35:00,4909.98
2024-08-31 10:35:00,5420.63
2024-08-31 11:35:00,5497.89
2024-08-31 12:35:00,5707.28
2024-08-31 13:35:00,5598.71
2024-08-31 14:35:00,5928.67
2024-08-31 15:35:00,6021.06
2024-08-31 16:35:00,5936.86
2024-08-31 17:35:00,5731.1
2024-08-31 18:35:00,5621.06
2024-08-31 19:35:00,5717.99
2024-08-31 20:35:00,5815.31
2024-08-31 21:35:00,5983.98
2024-08-31 22:35:00,6220.38
2024-08-31 23:35:00,4267.405
2024-09-01 00:35:00,2314.43
2024-09-01 01:35:00,2022.97
2024-09-01 02:35:00,1894.67
2024-09-01 03:35:00,1839.53
2024-09-01 04:35:00,1936.78
2024-09-01 05:35:00,2404.93
2024-09-01 06:35:00,3411.66
2024-09-01 07:35:00,4200.24
2024-09-01 08:35:00,4752.14
2024-09-01 09:35:00,5090.46
2024-09-01 10:35:00,5335.14
2024-09-01 11:35:00,5233.28
2024-09-01 12:35:00,5019.71
2024-09-01 13:35:00,4586.3
2024-09-01 14:35:00,4558.51
2024-09-01 15:35:00,4436.08
2024-09-01 16:35:00,4263.21
2024-09-01 17:35:00,4428.23
2024-09-01 18:35:00,4483.98
2024-09-01 19:35:00,4402.06
2024-09-01 20:35:00,4172.89
2024-09-01 21:35:00,4018.9
2024-09-01 22:35:00,3522.15
2024-09-01 23:35:00,2878.48
2024-09-02 00:35:00,2127.9
2024-09-02 01:35:00,1885.89
2024-09-02 02:35:00,1765.7
2024-09-02 03:35:00,1746.43
2024-09-02 04:35:00,1879.16
2024-09-02 05:35:00,2450.89
2024-09-02 06:35:00,3629.98
2024-09-02 07:35:00,4433.46
2024-09-02 08:35:00,4640.78
2024-09-02 09:35:00,4775.11
2024-09-02 10:35:00,4748.44
2024-09-02 11:35:00,4608.6
2024-09-02 12:35:00,4403.93
2024-09-02 13:35:00,3763.85
2024-09-02 14:35:00,3730.64
2024-09-02 15:35:00,3564.59
2024-09-02 16:35:00,3503.68
2024-09-02 17:35:00,3686.67
2024-09-02 18:35:00,3970.71
2024-09-02 19:35:00,3826.83
2024-09-02 20:35:00,3529.02
2024-09-02 21:35:00,3292.6
2024-09-02 22:35:00,2953.65
2024-09-02 23:35:00,2403.81
2024-09-03 00:35:00,1853.97
2024-09-03 01:35:00,1706.21
2024-09-03 02:35:00,1627.11
2024-09-03 03:35:00,1586.38
2024-09-03 04:35:00,1724.66
2024-09-03 05:35:00,2081.86
2024-09-03 06:35:00,2742.39
2024-09-03 07:35:00,3373.74
2024-09-03 08:35:00,3484.86
2024-09-03 09:35:00,3638.49
2024-09-03 10:35:00,3681.37
2024-09-03 11:35:00,3545.52
2024-09-03 12:35:00,3324.2
2024-09-03 13:35:00,2973.1
2024-09-03 14:35:00,2941.11
2024-09-03 15:35:00,2882.59
2024-09-03 16:35:00,2895.05
2024-09-03 17:35:00,3070.9
2024-09-03 18:35:00,3246.36
2024-09-03 19:35:00,3195.34
2024-09-03 20:35:00,2887.52
2024-09-03 21:35:00,2629.1
2024-09-03 22:35:00,2356.38
2024-09-03 23:35:00,2920.77
2024-09-04 00:35:00,3485.16
2024-09-04 01:35:00,3292.3
2024-09-04 02:35:00,3152.47
2024-09-04 03:35:00,3070.48
2024-09-04 04:35:00,3068.91
2024-09-04 05:35:00,3249.05
2024-09-04 06:35:00,3617.8
2024-09-04 07:35:00,3576.11
2024-09-04 08:35:00,3629.34
2024-09-04 09:35:00,3905.12
2024-09-04 10:35:00,4112.62
2024-09-04 11:35:00,4164.15
2024-09-04 12:35:00,4212.36
2024-09-04 13:35:00,4045.12
2024-09-04 14:35:00,4217.66
2024-09-04 15:35:00,4284.78
2024-09-04 16:35:00,4245.48
2024-09-04 17:35:00,4199.66
2024-09-04 18:35:00,4148.11
2024-09-04 19:35:00,4109.95
2024-09-04 20:35:00,3921.09
2024-09-04 21:35:00,3850.41
2024-09-04 22:35:00,3825.31
2024-09-04 23:35:00,4871.99
2024-09-05 00:35:00,5918.67
2024-09-05 01:35:00,5515.9
2024-09-05 02:35:00,5132.78
2024-09-05 03:35:00,4820.31
2024-09-05 04:35:00,4559.4
2024-09-05 05:35:00,4340.37
2024-09-05 06:35:00,4240.45
2024-09-05 07:35:00,4060.86
2024-09-05 08:35:00,4129.73
2024-09-05 09:35:00,4659.32
2024-09-05 10:35:00,5080.14
2024-09-05 11:35:00,5310.03
2024-09-05 12:35:00,5462.19
2024-09-05 13:35:00,5420.14
2024-09-05 14:35:00,6010.25
2024-09-05 15:35:00,6255.0
2024-09-05 16:35:00,6052.47
2024-09-05 17:35:00,5814.74
2024-09-05 18:35:00,5425.06
2024-09-05 19:35:00,5474.6
2024-09-05 20:35:00,5457.56
2024-09-05 21:35:00,5675.19
2024-09-05 22:35:00,6117.83
2024-09-05 23:35:00,6480.33
2024-09-06 00:35:00,6842.83
2024-09-06 01:35:00,6554.24
2024-09-06 02:35:00,6185.37
2024-09-06 03:35:00,5864.12
2024-09-06 04:35:00,5513.83
2024-09-06 05:35:00,5118.26
2024-09-06 06:35:00,4799.84
2024-09-06 07:35:00,4604.81
2024-09-06 08:35:00,4459.05
2024-09-06 09:35:00,4664.92
2024-09-06 10:35:00,4920.31
2024-09-06 11:35:00,5175.43
2024-09-06 12:35:00,5510.48
2024-09-06 13:35:00,5708.1
2024-09-06 14:35:00,6210.99
2024-09-06 15:35:00,6397.32
2024-09-06 16:35:00,6211.21
2024-09-06 17:35:00,5736.9
2024-09-06 18:35:00,5370.59
2024-09-06 19:35:00,5328.71
2024-09-06 20:35:00,5608.72
2024-09-06 21:35:00,6070.11
2024-09-06 22:35:00,6692.76
2024-09-06 23:35:00,7074.26
2024-09-07 00:35:00,5380.78
2024-09-07 01:35:00,5025.07
2024-09-07 02:35:00,4768.34
2024-09-07 03:35:00,4535.33
2024-09-07 04:35:00,4379.36
2024-09-07 05:35:00,4251.59
2024-09-07 06:35:00,4319.63
2024-09-07 07:35:00,4346.86
2024-09-07 08:35:00,4564.86
2024-09-07 09:35:00,5207.61
2024-09-07 10:35:00,5683.07
2024-09-07 11:35:00,5592.27
2024-09-07 12:35:00,5429.68
2024-09-07 13:35:00,5286.99
2024-09-07 14:35:00,5685.79
2024-09-07 15:35:00,5831.39
2024-09-07 16:35:00,5712.85
2024-09-07 17:35:00,5591.67
2024-09-07 18:35:00,5399.27
2024-09-07 19:35:00,5418.93
2024-09-07 20:35:00,5518.65
2024-09-07 21:35:00,5662.02
2024-09-07 22:35:00,5948.79
2024-09-07 23:35:00,5891.3
2024-09-08 00:35:00,5534.49
2024-09-08 01:35:00,5261.48
2024-09-08 02:35:00,4997.38
2024-09-08 03:35:00,4756.79
2024-09-08 04:35:00,4606.05
2024-09-08 05:35:00,4527.48
2024-09-08 06:35:00,4567.08
2024-09-08 07:35:00,4562.65
2024-09-08 08:35:00,4739.44
2024-09-08 09:35:00,5227.41
2024-09-08 10:35:00,5607.0
2024-09-08 11:35:00,5816.37
2024-09-08 12:35:00,5976.1
2024-09-08 13:35:00,5888.57
2024-09-08 14:35:00,6344.53
2024-09-08 15:35:00,6328.58
2024-09-08 16:35:00,6077.02
2024-09-08 17:35:00,5776.44
2024-09-08 18:35:00,5493.16
2024-09-08 19:35:00,5545.59
2024-09-08 20:35:00,5500.75
2024-09-08 21:35:00,5602.05
2024-09-08 22:35:00,5836.04
2024-09-08 23:35:00,5814.25
2024-09-09 00:35:00,4810.69
2024-09-09 01:35:00,4530.05
2024-09-09 02:35:00,4321.49
2024-09-09 03:35:00,4162.97
2024-09-09 04:35:00,4048.13
2024-09-09 05:35:00,4069.12
2024-09-09 06:35:00,4268.97
2024-09-09 07:35:00,4285.32
2024-09-09 08:35:00,4479.21
2024-09-09 09:35:00,4906.16
2024-09-09 10:35:00,5355.14
2024-09-09 11:35:00,5523.86
2024-09-09 12:35:00,5677.62
2024-09-09 13:35:00,5608.98
2024-09-09 14:35:00,5724.03
2024-09-09 15:35:00,5649.81
2024-09-09 16:35:00,5548.6
2024-09-09 17:35:00,5467.43
2024-09-09 18:35:00,5363.87
2024-09-09 19:35:00,5419.04
2024-09-09 20:35:00,5312.92
2024-09-09 21:35:00,5340.9
2024-09-09 22:35:00,5477.82
2024-09-09 23:35:00,5445.52
2024-09-10 00:35:00,4962.49
2024-09-10 01:35:00,4665.39
2024-09-10 02:35:00,4386.17
2024-09-10 03:35:00,4164.26
2024-09-10 04:35:00,4024.11
2024-09-10 05:35:00,3974.82
2024-09-10 06:35:00,4105.61
2024-09-10 07:35:00,4057.29
2024-09-10 08:35:00,4167.44
2024-09-10 09:35:00,4620.0
2024-09-10 10:35:00,5009.94
2024-09-10 11:35:00,5098.81
2024-09-10 12:35:00,5170.44
2024-09-10 13:35:00,4975.77
2024-09-10 14:35:00,5298.73
2024-09-10 15:35:00,5408.91
2024-09-10 16:35:00,5328.73
2024-09-10 17:35:00,5241.7
2024-09-10 18:35:00,5287.1
2024-09-10 19:35:00,5147.99
2024-09-10 20:35:00,4873.71
2024-09-10 21:35:00,4873.44
2024-09-10 22:35:00,4223.176666666666
2024-09-10 23:35:00,3572.9133333333334
2024-09-11 00:35:00,2922.65
2024-09-11 01:35:00,2790.03
2024-09-11 02:35:00,2610.65
2024-09-11 03:35:00,2541.32
2024-09-11 04:35:00,2578.03
2024-09-11 05:35:00,2732.36
2024-09-11 06:35:00,3014.08
2024-09-11 07:35:00,3199.97
2024-09-11 08:35:00,3276.08
2024-09-11 09:35:00,3621.97
2024-09-11 10:35:00,3838.43
2024-09-11 11:35:00,3884.46
2024-09-11 12:35:00,3896.73
2024-09-11 13:35:00,3669.87
2024-09-11 14:35:00,3716.8
2024-09-11 15:35:00,3721.52
2024-09-11 16:35:00,3716.32
2024-09-11 17:35:00,3927.11
2024-09-11 18:35:00,4037.11
2024-09-11 19:35:00,3857.1
2024-09-11 20:35:00,3586.45
2024-09-11 21:35:00,3325.13
2024-09-11 22:35:00,2810.2766666666666
2024-09-11 23:35:00,2295.423333333333
2024-09-12 00:35:00,1780.57
2024-09-12 01:35:00,1635.77
2024-09-12 02:35:00,1560.26
2024-09-12 03:35:00,1548.15
2024-09-12 04:35:00,1662.18
2024-09-12 05:35:00,2146.37
2024-09-12 06:35:00,3125.82
2024-09-12 07:35:00,3514.91
2024-09-12 08:35:00,3723.5
2024-09-12 09:35:00,3952.16
2024-09-12 10:35:00,4015.36
2024-09-12 11:35:00,3882.21
2024-09-12 12:35:00,3754.39
2024-09-12 13:35:00,3396.58
2024-09-12 14:35:00,3424.63
2024-09-12 15:35:00,3291.13
2024-09-12 16:35:00,3168.0
2024-09-12 17:35:00,3418.45
2024-09-12 18:35:00,3482.11
2024-09-12 19:35:00,3470.37
2024-09-12 20:35:00,3190.55
2024-09-12 21:35:00,2933.55
2024-09-12 22:35:00,2613.68
2024-09-12 23:35:00,2334.64
2024-09-13 00:35:00,3968.96
2024-09-13 01:35:00,3769.2
2024-09-13 02:35:00,3583.65
2024-09-13 03:35:00,3420.08
2024-09-13 04:35:00,3338.46
2024-09-13 05:35:00,3412.81
2024-09-13 06:35:00,3667.96
2024-09-13 07:35:00,3727.47
2024-09-13 08:35:00,3896.81
2024-09-13 09:35:00,4394.83
2024-09-13 10:35:00,4729.76
2024-09-13 11:35:00,4803.88
2024-09-13 12:35:00,4900.73
2024-09-13 13:35:00,4646.33
2024-09-13 14:35:00,4744.68
2024-09-13 15:35:00,4678.89
2024-09-13 16:35:00,4518.23
2024-09-13 17:35:00,4551.99
2024-09-13 18:35:00,4467.83
2024-09-13 19:35:00,4322.56
2024-09-13 20:35:00,4111.45
2024-09-13 21:35:00,3906.09
2024-09-13 22:35:00,3788.7133333333336
2024-09-13 23:35:00,3671.3366666666666
2024-09-14 00:35:00,3553.96
2024-09-14 01:35:00,3410.98
2024-09-14 02:35:00,3297.25
2024-09-14 03:35:00,3187.55
2024-09-14 04:35:00,3187.56
2024-09-14 05:35:00,3275.57
2024-09-14 06:35:00,3462.89
2024-09-14 07:35:00,3595.03
2024-09-14 08:35:00,3692.2
2024-09-14 09:35:00,3948.22
2024-09-14 10:35:00,4285.92
2024-09-14 11:35:00,4459.74
2024-09-14 12:35:00,4535.33
2024-09-14 13:35:00,4458.58
2024-09-14 14:35:00,4577.14
2024-09-14 15:35:00,4599.23
2024-09-14 16:35:00,4575.71
2024-09-14 17:35:00,4635.18
2024-09-14 18:35:00,4611.78
2024-09-14 19:35:00,4589.98
2024-09-14 20:35:00,4401.03
2024-09-14 21:35:00,4281.19
2024-09-14 22:35:00,4187.356666666667
2024-09-14 23:35:00,4093.523333333333
2024-09-15 00:35:00,3999.69
2024-09-15 01:35:00,3860.05
2024-09-15 02:35:00,3735.29
2024-09-15 03:35:00,3648.5
2024-09-15 04:35:00,3624.43
2024-09-15 05:35:00,3611.98
2024-09-15 06:35:00,3692.04
2024-09-15 07:35:00,3762.33
2024-09-15 08:35:00,3825.8
2024-09-15 09:35:00,3886.15
2024-09-15 10:35:00,4179.89
2024-09-15 11:35:00,4319.5
2024-09-15 12:35:00,4394.83
2024-09-15 13:35:00,4312.13
2024-09-15 14:35:00,4451.01
2024-09-15 15:35:00,4484.43
2024-09-15 16:35:00,4396.61
2024-09-15 17:35:00,4404.61
2024-09-15 18:35:00,4543.5
2024-09-15 19:35:00,4552.18
2024-09-15 20:35:00,4520.68
2024-09-15 21:35:00,4490.33
2024-09-15 22:35:00,4486.21
2024-09-15 23:35:00,4375.295
2024-09-16 00:35:00,4264.38
2024-09-16 01:35:00,4050.25
2024-09-16 02:35:00,3856.03
2024-09-16 03:35:00,3733.53
2024-09-16 04:35:00,3659.45
2024-09-16 05:35:00,3686.26
2024-09-16 06:35:00,3771.04
2024-09-16 07:35:00,3894.53
2024-09-16 08:35:00,3937.58
2024-09-16 09:35:00,4286.94
2024-09-16 10:35:00,4641.27
2024-09-16 11:35:00,4793.16
2024-09-16 12:35:00,4885.83
2024-09-16 13:35:00,4738.09
2024-09-16 14:35:00,4955.41
2024-09-16 15:35:00,4967.67
2024-09-16 16:35:00,4901.45
2024-09-16 17:35:00,4922.94
2024-09-16 18:35:00,4949.36
2024-09-16 19:35:00,5029.51
2024-09-16 20:35:00,4864.33
2024-09-16 21:35:00,4915.17
2024-09-16 22:35:00,4961.48
2024-09-16 23:35:00,4808.69
2024-09-17 00:35:00,4655.9
2024-09-17 01:35:00,4377.59
2024-09-17 02:35:00,4170.66
2024-09-17 03:35:00,4015.78
2024-09-17 04:35:00,3933.88
2024-09-17 05:35:00,3967.84
2024-09-17 06:35:00,4176.12
2024-09-17 07:35:00,4173.16
2024-09-17 08:35:00,4289.03
2024-09-17 09:35:00,4589.16
2024-09-17 10:35:00,4960.05
2024-09-17 11:35:00,5118.04
2024-09-17 12:35:00,5271.94
2024-09-17 13:35:00,5188.8
2024-09-17 14:35:00,5433.62
2024-09-17 15:35:00,5512.58
2024-09-17 16:35:00,5355.64
2024-09-17 17:35:00,5289.34
2024-09-17 18:35:00,5142.78
2024-09-17 19:35:00,4994.43
2024-09-17 20:35:00,4778.43
2024-09-17 21:35:00,4833.94
2024-09-17 22:35:00,5018.25
2024-09-17 23:35:00,4845.93
2024-09-18 00:35:00,4673.61
2024-09-18 01:35:00,4389.17
2024-09-18 02:35:00,4160.48
2024-09-18 03:35:00,3994.54
2024-09-18 04:35:00,3900.86
2024-09-18 05:35:00,3930.5
2024-09-18 06:35:00,4108.26
2024-09-18 07:35:00,4013.95
2024-09-18 08:35:00,4297.58
2024-09-18 09:35:00,4786.05
2024-09-18 10:35:00,5048.71
2024-09-18 11:35:00,5119.14
2024-09-18 12:35:00,5046.96
2024-09-18 13:35:00,4724.64
2024-09-18 14:35:00,4791.24
2024-09-18 15:35:00,4781.64
2024-09-18 16:35:00,4685.76
2024-09-18 17:35:00,4789.5
2024-09-18 18:35:00,4720.78
2024-09-18 19:35:00,4576.51
2024-09-18 20:35:00,4258.72
2024-09-18 21:35:00,4081.25
2024-09-18 22:35:00,4023.46
2024-09-18 23:35:00,3854.2799999999997
2024-09-19 00:35:00,3685.1
2024-09-19 01:35:00,3545.33
2024-09-19 02:35:00,3419.51
2024-09-19 03:35:00,3317.24
2024-09-19 04:35:00,3302.0
2024-09-19 05:35:00,3439.6
2024-09-19 06:35:00,3724.8
2024-09-19 07:35:00,3793.66
2024-09-19 08:35:00,3933.6
2024-09-19 09:35:00,4343.25
2024-09-19 10:35:00,4603.24
2024-09-19 11:35:00,4744.6
2024-09-19 12:35:00,4848.98
2024-09-19 13:35:00,4679.62
2024-09-19 14:35:00,4892.49
2024-09-19 15:35:00,4970.79
2024-09-19 16:35:00,4960.73
2024-09-19 17:35:00,4974.87
2024-09-19 18:35:00,4984.81
2024-09-19 19:35:00,4891.47
2024-09-19 20:35:00,4665.74
2024-09-19 21:35:00,4560.22
2024-09-19 22:35:00,4423.1033333333335
2024-09-19 23:35:00,4285.986666666667
2024-09-20 00:35:00,4148.87
2024-09-20 01:35:00,3913.52
2024-09-20 02:35:00,3737.96
2024-09-20 03:35:00,3633.75
2024-09-20 04:35:00,3593.29
2024-09-20 05:35:00,3665.68
2024-09-20 06:35:00,3935.32
2024-09-20 07:35:00,4016.61
2024-09-20 08:35:00,4189.36
2024-09-20 09:35:00,4594.58
2024-09-20 10:35:00,4990.86
2024-09-20 11:35:00,5076.16
2024-09-20 12:35:00,5055.71
2024-09-20 13:35:00,5013.87
2024-09-20 14:35:00,5319.75
2024-09-20 15:35:00,5401.55
2024-09-20 16:35:00,5315.68
2024-09-20 17:35:00,5181.01
2024-09-20 18:35:00,5219.15
2024-09-20 19:35:00,5251.3
2024-09-20 20:35:00,4991.13
2024-09-20 21:35:00,4949.47
2024-09-20 22:35:00,5011.45
2024-09-20 23:35:00,4841.085
2024-09-21 00:35:00,4670.72
2024-09-21 01:35:00,4381.91
2024-09-21 02:35:00,4202.1
2024-09-21 03:35:00,4031.71
2024-09-21 04:35:00,3948.84
2024-09-21 05:35:00,4008.47
2024-09-21 06:35:00,4161.45
2024-09-21 07:35:00,4119.62
2024-09-21 08:35:00,4250.03
2024-09-21 09:35:00,4467.03
2024-09-21 10:35:00,4873.46
2024-09-21 11:35:00,5079.96
2024-09-21 12:35:00,5145.9
2024-09-21 13:35:00,5126.74
2024-09-21 14:35:00,5314.3
2024-09-21 15:35:00,5368.09
2024-09-21 16:35:00,5278.45
2024-09-21 17:35:00,5201.89
2024-09-21 18:35:00,5240.86
2024-09-21 19:35:00,5268.08
2024-09-21 20:35:00,5150.91
2024-09-21 21:35:00,5220.98
2024-09-21 22:35:00,5377.48
2024-09-21 23:35:00,5165.2675
2024-09-22 00:35:00,4953.055
2024-09-22 01:35:00,4740.8425
2024-09-22 02:35:00,4528.63
2024-09-22 03:35:00,4348.0
2024-09-22 04:35:00,4237.68
2024-09-22 05:35:00,4184.85
2024-09-22 06:35:00,4159.73
2024-09-22 07:35:00,4144.09
2024-09-22 08:35:00,4127.27
2024-09-22 09:35:00,4401.13
2024-09-22 10:35:00,4757.36
2024-09-22 11:35:00,4983.74
2024-09-22 12:35:00,5082.57
2024-09-22 13:35:00,5064.91
2024-09-22 14:35:00,5302.41
2024-09-22 15:35:00,5307.91
2024-09-22 16:35:00,5220.3
2024-09-22 17:35:00,5120.1
2024-09-22 18:35:00,5197.79
2024-09-22 19:35:00,5290.87
2024-09-22 20:35:00,5374.14
2024-09-22 21:35:00,5518.5
2024-09-22 22:35:00,5390.4875
2024-09-22 23:35:00,5262.475
2024-09-23 00:35:00,5134.4625
2024-09-23 01:35:00,5006.45
2024-09-23 02:35:00,4780.860000000001
2024-09-23 03:35:00,4555.27
2024-09-23 04:35:00,4440.5
2024-09-23 05:35:00,4281.29
2024-09-23 06:35:00,4366.23
2024-09-23 07:35:00,4510.09
2024-09-23 08:35:00,4692.57
2024-09-23 09:35:00,5115.52
2024-09-23 10:35:00,5483.28
2024-09-23 11:35:00,5652.98
2024-09-23 12:35:00,5819.04
2024-09-23 13:35:00,5801.3
2024-09-23 14:35:00,6297.77
2024-09-23 15:35:00,6337.6
2024-09-23 16:35:00,6132.18
2024-09-23 17:35:00,5971.31
2024-09-23 18:35:00,5875.89
2024-09-23 19:35:00,5943.48
2024-09-23 20:35:00,5853.71
2024-09-23 21:35:00,6116.15
2024-09-23 22:35:00,6333.74
2024-09-23 23:35:00,6236.77
2024-09-24 00:35:00,5867.07
2024-09-24 01:35:00,5506.69
2024-09-24 02:35:00,5239.54
2024-09-24 03:35:00,4968.51
2024-09-24 04:35:00,4827.6
2024-09-24 05:35:00,4768.67
2024-09-24 06:35:00,4822.22
2024-09-24 07:35:00,4845.57
2024-09-24 08:35:00,4956.13
2024-09-24 09:35:00,5467.92
2024-09-24 10:35:00,5914.42
2024-09-24 11:35:00,6018.57
2024-09-24 12:35:00,6131.94
2024-09-24 13:35:00,6045.55
2024-09-24 14:35:00,6424.59
2024-09-24 15:35:00,6717.0
2024-09-24 16:35:00,6447.05
2024-09-24 17:35:00,6156.22
2024-09-24 18:35:00,6116.52
2024-09-24 19:35:00,6244.62
2024-09-24 20:35:00,6203.26
2024-09-24 21:35:00,6439.42
2024-09-24 22:35:00,6669.34
2024-09-24 23:35:00,6397.514999999999
2024-09-25 00:35:00,6125.69
2024-09-25 01:35:00,5794.5
2024-09-25 02:35:00,5516.95
2024-09-25 03:35:00,5282.98
2024-09-25 04:35:00,5093.08
2024-09-25 05:35:00,4963.35
2024-09-25 06:35:00,4934.19
2024-09-25 07:35:00,4925.0
2024-09-25 08:35:00,5102.61
2024-09-25 09:35:00,5556.26
2024-09-25 10:35:00,5929.62
2024-09-25 11:35:00,6045.13
2024-09-25 12:35:00,6186.94
2024-09-25 13:35:00,6360.62
2024-09-25 14:35:00,6650.67
2024-09-25 15:35:00,6629.39
2024-09-25 16:35:00,6350.14
2024-09-25 17:35:00,6029.09
2024-09-25 18:35:00,5929.44
2024-09-25 19:35:00,6044.28
2024-09-25 20:35:00,5941.73
2024-09-25 21:35:00,6055.71
2024-09-25 22:35:00,5950.626666666667
2024-09-25 23:35:00,5845.543333333333
2024-09-26 00:35:00,5740.46
2024-09-26 01:35:00,5422.15
2024-09-26 02:35:00,5203.34
2024-09-26 03:35:00,4980.12
2024-09-26 04:35:00,4816.69
2024-09-26 05:35:00,4775.88
2024-09-26 06:35:00,4649.5
2024-09-26 07:35:00,4600.17
2024-09-26 08:35:00,4775.53
2024-09-26 09:35:00,5210.69
2024-09-26 10:35:00,5687.27
2024-09-26 11:35:00,5856.08
2024-09-26 12:35:00,5947.47
2024-09-26 13:35:00,5777.72
2024-09-26 14:35:00,6185.93
2024-09-26 15:35:00,6240.64
2024-09-26 16:35:00,6112.41
2024-09-26 17:35:00,5853.46
2024-09-26 18:35:00,5841.23
2024-09-26 19:35:00,5872.86
2024-09-26 20:35:00,5747.98
2024-09-26 21:35:00,5891.77
2024-09-26 22:35:00,6091.83
2024-09-26 23:35:00,5904.465
2024-09-27 00:35:00,5717.1
2024-09-27 01:35:00,5430.43
2024-09-27 02:35:00,5160.21
2024-09-27 03:35:00,4932.18
2024-09-27 04:35:00,4783.1
2024-09-27 05:35:00,4740.47
2024-09-27 06:35:00,4792.28
2024-09-27 07:35:00,4725.86
2024-09-27 08:35:00,4641.57
2024-09-27 09:35:00,5058.58
2024-09-27 10:35:00,5421.61
2024-09-27 11:35:00,5538.81
2024-09-27 12:35:00,5732.72
2024-09-27 13:35:00,5639.14
2024-09-27 14:35:00,5906.61
2024-09-27 15:35:00,5996.4
2024-09-27 16:35:00,5863.06
2024-09-27 17:35:00,5738.05
2024-09-27 18:35:00,5692.04
2024-09-27 19:35:00,5634.77
2024-09-27 20:35:00,5416.67
2024-09-27 21:35:00,5436.15
2024-09-27 22:35:00,5437.33
2024-09-27 23:35:00,5285.0650000000005
2024-09-28 00:35:00,5132.8
2024-09-28 01:35:00,4857.92
2024-09-28 02:35:00,4644.31
2024-09-28 03:35:00,4434.91
2024-09-28 04:35:00,4321.79
2024-09-28 05:35:00,4271.14
2024-09-28 06:35:00,4217.2
2024-09-28 07:35:00,4238.82
2024-09-28 08:35:00,4248.03
2024-09-28 09:35:00,4480.44
2024-09-28 10:35:00,4739.41
2024-09-28 11:35:00,4945.27
2024-09-28 12:35:00,5090.35
2024-09-28 13:35:00,5013.17
2024-09-28 14:35:00,5219.63
2024-09-28 15:35:00,5305.42
2024-09-28 16:35:00,5216.93
2024-09-28 17:35:00,5163.64
2024-09-28 18:35:00,5232.65
2024-09-28 19:35:00,5175.97
2024-09-28 20:35:00,5092.25
2024-09-28 21:35:00,5127.68
2024-09-28 22:35:00,5095.9766666666665
2024-09-28 23:35:00,5064.2733333333335
2024-09-29 00:35:00,5032.57
2024-09-29 01:35:00,4765.1
2024-09-29 02:35:00,4586.34
2024-09-29 03:35:00,4370.77
2024-09-29 04:35:00,4246.62
2024-09-29 05:35:00,4185.39
2024-09-29 06:35:00,4206.36
2024-09-29 07:35:00,4131.88
2024-09-29 08:35:00,4127.59
2024-09-29 09:35:00,4187.52
2024-09-29 10:35:00,4475.56
2024-09-29 11:35:00,4636.0
2024-09-29 12:35:00,4781.87
2024-09-29 13:35:00,4659.64
2024-09-29 14:35:00,4938.65
2024-09-29 15:35:00,4938.76
2024-09-29 16:35:00,4892.47
2024-09-29 17:35:00,4833.25
2024-09-29 18:35:00,4957.87
2024-09-29 19:35:00,5011.76
2024-09-29 20:35:00,5031.55
2024-09-29 21:35:00,5143.7
2024-09-29 22:35:00,5439.37
2024-09-29 23:35:00,5294.25
2024-09-30 00:35:00,5149.13
2024-09-30 01:35:00,4875.63
2024-09-30 02:35:00,4659.28
2024-09-30 03:35:00,4488.93
2024-09-30 04:35:00,4382.02
2024-09-30 05:35:00,4354.75
2024-09-30 06:35:00,4478.28
2024-09-30 07:35:00,4480.67
2024-09-30 08:35:00,4611.71
2024-09-30 09:35:00,5050.36
2024-09-30 10:35:00,5364.75
2024-09-30 11:35:00,5526.51
2024-09-30 12:35:00,5737.32
2024-09-30 13:35:00,5532.26
2024-09-30 14:35:00,5754.36
2024-09-30 15:35:00,5841.18
2024-09-30 16:35:00,5724.01
2024-09-30 17:35:00,5580.89
2024-09-30 18:35:00,5553.05
2024-09-30 19:35:00,5531.84
2024-09-30 20:35:00,5424.04
2024-09-30 21:35:00,5486.11
2024-09-30 22:35:00,4436.493333333333
2024-09-30 23:35:00,3386.8766666666666
2024-10-01 00:35:00,2337.26
2024-10-01 01:35:00,2051.52
2024-10-01 02:35:00,1921.49
2024-10-01 03:35:00,1865.06
2024-10-01 04:35:00,1968.63
2024-10-01 05:35:00,2439.68
2024-10-01 06:35:00,3467.45
2024-10-01 07:35:00,4298.0
2024-10-01 08:35:00,4851.22
2024-10-01 09:35:00,5314.03
2024-10-01 10:35:00,5544.52
2024-10-01 11:35:00,5433.94
2024-10-01 12:35:00,5117.53
2024-10-01 13:35:00,4652.22
2024-10-01 14:35:00,4534.24
2024-10-01 15:35:00,4373.13
2024-10-01 16:35:00,4246.44
2024-10-01 17:35:00,4427.02
2024-10-01 18:35:00,4615.75
2024-10-01 19:35:00,4441.85
2024-10-01 20:35:00,4264.29
2024-10-01 21:35:00,4139.82
2024-10-01 22:35:00,3670.04
2024-10-01 23:35:00,2881.505
2024-10-02 00:35:00,2092.97
2024-10-02 01:35:00,1866.84
2024-10-02 02:35:00,1748.04
2024-10-02 03:35:00,1711.55
2024-10-02 04:35:00,1817.91
2024-10-02 05:35:00,2206.7
2024-10-02 06:35:00,2923.95
2024-10-02 07:35:00,3803.21
2024-10-02 08:35:00,4123.91
2024-10-02 09:35:00,4422.87
2024-10-02 10:35:00,4546.83
2024-10-02 11:35:00,4291.63
2024-10-02 12:35:00,3986.22
2024-10-02 13:35:00,3504.19
2024-10-02 14:35:00,3406.11
2024-10-02 15:35:00,3274.39
2024-10-02 16:35:00,3232.79
2024-10-02 17:35:00,3394.93
2024-10-02 18:35:00,3616.88
2024-10-02 19:35:00,3567.47
2024-10-02 20:35:00,3291.35
2024-10-02 21:35:00,3061.85
2024-10-02 22:35:00,2737.51
2024-10-02 23:35:00,2289.37
2024-10-03 00:35:00,1841.23
2024-10-03 01:35:00,1689.4
2024-10-03 02:35:00,1592.59
2024-10-03 03:35:00,1560.8
2024-10-03 04:35:00,1655.68
2024-10-03 05:35:00,1950.07
2024-10-03 06:35:00,2465.25
2024-10-03 07:35:00,3100.16
2024-10-03 08:35:00,3340.77
2024-10-03 09:35:00,3590.14
2024-10-03 10:35:00,3736.28
2024-10-03 11:35:00,3620.19
2024-10-03 12:35:00,3419.79
2024-10-03 13:35:00,3048.71
2024-10-03 14:35:00,2890.45
2024-10-03 15:35:00,2832.4
2024-10-03 16:35:00,2762.83
2024-10-03 17:35:00,2904.23
2024-10-03 18:35:00,3112.32
2024-10-03 19:35:00,3029.56
2024-10-03 20:35:00,2866.98
2024-10-03 21:35:00,2580.31
2024-10-03 22:35:00,2339.91
2024-10-03 23:35:00,2923.5299999999997
2024-10-04 00:35:00,3507.15
2024-10-04 01:35:00,3301.38
2024-10-04 02:35:00,3174.89
2024-10-04 03:35:00,3074.93
2024-10-04 04:35:00,3106.62
2024-10-04 05:35:00,3242.08
2024-10-04 06:35:00,3582.44
2024-10-04 07:35:00,3532.6
2024-10-04 08:35:00,3544.2
2024-10-04 09:35:00,3870.52
2024-10-04 10:35:00,4181.31
2024-10-04 11:35:00,4145.74
2024-10-04 12:35:00,4179.98
2024-10-04 13:35:00,4052.65
2024-10-04 14:35:00,4256.38
2024-10-04 15:35:00,4351.9
2024-10-04 16:35:00,4341.95
2024-10-04 17:35:00,4328.44
2024-10-04 18:35:00,4236.57
2024-10-04 19:35:00,4220.49
2024-10-04 20:35:00,3962.17
2024-10-04 21:35:00,3916.9
2024-10-04 22:35:00,3961.18
2024-10-04 23:35:00,4901.715
2024-10-05 00:35:00,5842.25
2024-10-05 01:35:00,5528.33
2024-10-05 02:35:00,5192.97
2024-10-05 03:35:00,4891.5
2024-10-05 04:35:00,4658.69
2024-10-05 05:35:00,4445.35
2024-10-05 06:35:00,4395.76
2024-10-05 07:35:00,4292.75
2024-10-05 08:35:00,4357.66
2024-10-05 09:35:00,4887.13
2024-10-05 10:35:00,5291.08
2024-10-05 11:35:00,5564.49
2024-10-05 12:35:00,5760.86
2024-10-05 13:35:00,5743.36
2024-10-05 14:35:00,6258.11
2024-10-05 15:35:00,6433.82
2024-10-05 16:35:00,6281.36
2024-10-05 17:35:00,5953.55
2024-10-05 18:35:00,5642.9
2024-10-05 19:35:00,5699.36
2024-10-05 20:35:00,5647.34
2024-10-05 21:35:00,5798.0
2024-10-05 22:35:00,4029.98
2024-10-05 23:35:00,4807.46
2024-10-06 00:35:00,6936.53
2024-10-06 01:35:00,6642.84
2024-10-06 02:35:00,6315.18
2024-10-06 03:35:00,5951.17
2024-10-06 04:35:00,5620.79
2024-10-06 05:35:00,5220.75
2024-10-06 06:35:00,4998.94
2024-10-06 07:35:00,4864.86
2024-10-06 08:35:00,4877.01
2024-10-06 09:35:00,5543.94
2024-10-06 10:35:00,5888.95
2024-10-06 11:35:00,6258.42
2024-10-06 12:35:00,6576.93
2024-10-06 13:35:00,6668.9
2024-10-06 14:35:00,7244.3
2024-10-06 15:35:00,7356.95
2024-10-06 16:35:00,7197.27
2024-10-06 17:35:00,6717.37
2024-10-06 18:35:00,6091.42
2024-10-06 19:35:00,5925.1
2024-10-06 20:35:00,6041.24
2024-10-06 21:35:00,6606.69
2024-10-06 22:35:00,6249.86
2024-10-06 23:35:00,5893.03
2024-10-07 00:35:00,5536.2
2024-10-07 01:35:00,5184.18
2024-10-07 02:35:00,4913.39
2024-10-07 03:35:00,4704.93
2024-10-07 04:35:00,4532.91
2024-10-07 05:35:00,4372.6
2024-10-07 06:35:00,4450.95
2024-10-07 07:35:00,4481.54
2024-10-07 08:35:00,4746.82
2024-10-07 09:35:00,5351.43
2024-10-07 10:35:00,5847.3
2024-10-07 11:35:00,6044.04
2024-10-07 12:35:00,6116.16
2024-10-07 13:35:00,6197.45
2024-10-07 14:35:00,6302.74
2024-10-07 15:35:00,6156.46
2024-10-07 16:35:00,5998.57
2024-10-07 17:35:00,5876.23
2024-10-07 18:35:00,5633.81
2024-10-07 19:35:00,5593.9
2024-10-07 20:35:00,5571.585999999999
2024-10-07 21:35:00,5549.272
2024-10-07 22:35:00,5526.958
2024-10-07 23:35:00,5504.644
2024-10-08 00:35:00,5482.33
2024-10-08 01:35:00,5183.84
2024-10-08 02:35:00,4935.4
2024-10-08 03:35:00,4715.37
2024-10-08 04:35:00,4568.18
2024-10-08 05:35:00,4465.85
2024-10-08 06:35:00,4439.3
2024-10-08 07:35:00,4398.99
2024-10-08 08:35:00,4489.5
2024-10-08 09:35:00,4820.0
2024-10-08 10:35:00,5224.85
2024-10-08 11:35:00,5512.59
2024-10-08 12:35:00,5623.88
2024-10-08 13:35:00,5493.06
2024-10-08 14:35:00,5571.87
2024-10-08 15:35:00,5558.64
2024-10-08 16:35:00,5456.82
2024-10-08 17:35:00,5394.04
2024-10-08 18:35:00,5245.01
2024-10-08 19:35:00,5384.56
2024-10-08 20:35:00,5428.48
2024-10-08 21:35:00,5547.5
2024-10-08 22:35:00,5701.47
2024-10-08 23:35:00,5433.295
2024-10-09 00:35:00,5165.12
2024-10-09 01:35:00,4884.53
2024-10-09 02:35:00,4643.964999999999
2024-10-09 03:35:00,4403.4
2024-10-09 04:35:00,4401.02
2024-10-09 05:35:00,4386.35
2024-10-09 06:35:00,4510.72
2024-10-09 07:35:00,4556.82
2024-10-09 08:35:00,4663.45
2024-10-09 09:35:00,5025.31
2024-10-09 10:35:00,5489.82
2024-10-09 11:35:00,5651.58
2024-10-09 12:35:00,5702.57
2024-10-09 13:35:00,5702.57
2024-10-09 14:35:00,6119.47
2024-10-09 15:35:00,5875.56
2024-10-09 16:35:00,5463.11
2024-10-09 17:35:00,5358.1
2024-10-09 18:35:00,5239.28
2024-10-09 19:35:00,5215.33
2024-10-09 20:35:00,5094.81
2024-10-09 21:35:00,5132.81
2024-10-09 22:35:00,5275.26
2024-10-09 23:35:00,5217.87
2024-10-10 00:35:00,4856.6
2024-10-10 01:35:00,4545.72
2024-10-10 02:35:00,4300.1
2024-10-10 03:35:00,4078.24
2024-10-10 04:35:00,3945.93
2024-10-10 05:35:00,3908.4
2024-10-10 06:35:00,3984.41
2024-10-10 07:35:00,3971.63
2024-10-10 08:35:00,4052.86
2024-10-10 09:35:00,4640.7
2024-10-10 10:35:00,4958.65
2024-10-10 11:35:00,5087.68
2024-10-10 12:35:00,5113.32
2024-10-10 13:35:00,4954.53
2024-10-10 14:35:00,5154.07
2024-10-10 15:35:00,5291.38
2024-10-10 16:35:00,5210.83
2024-10-10 17:35:00,5158.4
2024-10-10 18:35:00,5096.9
2024-10-10 19:35:00,4871.69
2024-10-10 20:35:00,4579.51
2024-10-10 21:35:00,4575.59
2024-10-10 22:35:00,3997.1833333333334
2024-10-10 23:35:00,3418.7766666666666
2024-10-11 00:35:00,2840.37
2024-10-11 01:35:00,2722.81
2024-10-11 02:35:00,2615.23
2024-10-11 03:35:00,2565.68
2024-10-11 04:35:00,2611.09
2024-10-11 05:35:00,2727.82
2024-10-11 06:35:00,2860.48
2024-10-11 07:35:00,3039.85
2024-10-11 08:35:00,3215.11
2024-10-11 09:35:00,3435.69
2024-10-11 10:35:00,3728.29
2024-10-11 11:35:00,3755.38
2024-10-11 12:35:00,3794.8
2024-10-11 13:35:00,3566.54
2024-10-11 14:35:00,3361.71
2024-10-11 15:35:00,3531.81
2024-10-11 16:35:00,3517.76
2024-10-11 17:35:00,3727.74
2024-10-11 18:35:00,3832.95
2024-10-11 19:35:00,3669.78
2024-10-11 20:35:00,3466.64
2024-10-11 21:35:00,3324.15
2024-10-11 22:35:00,3121.37
2024-10-11 23:35:00,2590.63
2024-10-12 00:35:00,2059.89
2024-10-12 01:35:00,1893.95
2024-10-12 02:35:00,1805.93
2024-10-12 03:35:00,1771.15
2024-10-12 04:35:00,1893.88
2024-10-12 05:35:00,2376.0
2024-10-12 06:35:00,3347.64
2024-10-12 07:35:00,3778.14
2024-10-12 08:35:00,3838.98
2024-10-12 09:35:00,4074.71
2024-10-12 10:35:00,4087.79
2024-10-12 11:35:00,3955.31
2024-10-12 12:35:00,3769.45
2024-10-12 13:35:00,3421.74
2024-10-12 14:35:00,3470.77
2024-10-12 15:35:00,3439.08
2024-10-12 16:35:00,3389.56
2024-10-12 17:35:00,3720.48
2024-10-12 18:35:00,3793.67
2024-10-12 19:35:00,3596.63
2024-10-12 20:35:00,3291.23
2024-10-12 21:35:00,3043.64
2024-10-12 22:35:00,2685.55
2024-10-12 23:35:00,3237.715
2024-10-13 00:35:00,3789.88
2024-10-13 01:35:00,3597.15
2024-10-13 02:35:00,3422.93
2024-10-13 03:35:00,3279.21
2024-10-13 04:35:00,3195.92
2024-10-13 05:35:00,3177.64
2024-10-13 06:35:00,3220.63
2024-10-13 07:35:00,3215.46
2024-10-13 08:35:00,3247.81
2024-10-13 09:35:00,3582.83
2024-10-13 10:35:00,3936.03
2024-10-13 11:35:00,4053.33
2024-10-13 12:35:00,4128.61
2024-10-13 13:35:00,3942.82
2024-10-13 14:35:00,4087.25
2024-10-13 15:35:00,4090.67
2024-10-13 16:35:00,4000.23
2024-10-13 17:35:00,4041.78
2024-10-13 18:35:00,4307.77
2024-10-13 19:35:00,4162.01
2024-10-13 20:35:00,3994.15
2024-10-13 21:35:00,3986.21
2024-10-13 22:35:00,3882.86
2024-10-13 23:35:00,3779.51
2024-10-14 00:35:00,3676.16
2024-10-14 01:35:00,3572.81
2024-10-14 02:35:00,3469.46
2024-10-14 03:35:00,3331.13
2024-10-14 04:35:00,3251.7
2024-10-14 05:35:00,3352.16
2024-10-14 06:35:00,3640.01
2024-10-14 07:35:00,3629.07
2024-10-14 08:35:00,3713.1
2024-10-14 09:35:00,4153.61
2024-10-14 10:35:00,4513.88
2024-10-14 11:35:00,4623.08
2024-10-14 12:35:00,4672.27
2024-10-14 13:35:00,4393.24
2024-10-14 14:35:00,4635.07
2024-10-14 15:35:00,4638.93
2024-10-14 16:35:00,4568.05
2024-10-14 17:35:00,4536.44
2024-10-14 18:35:00,4616.88
2024-10-14 19:35:00,4457.19
2024-10-14 20:35:00,4166.35
2024-10-14 21:35:00,4063.59
2024-10-14 22:35:00,3957.11
2024-10-14 23:35:00,3850.63
2024-10-15 00:35:00,3744.15
2024-10-15 01:35:00,3530.33
2024-10-15 02:35:00,3352.44
2024-10-15 03:35:00,3225.0
2024-10-15 04:35:00,3155.41
2024-10-15 05:35:00,3265.47
2024-10-15 06:35:00,3590.19
2024-10-15 07:35:00,3583.66
2024-10-15 08:35:00,3588.43
2024-10-15 09:35:00,4046.08
2024-10-15 10:35:00,4383.03
2024-10-15 11:35:00,4496.68
2024-10-15 12:35:00,4510.8
2024-10-15 13:35:00,4276.55
2024-10-15 14:35:00,4570.55
2024-10-15 15:35:00,4646.69
2024-10-15 16:35:00,4579.05
2024-10-15 17:35:00,4602.53
2024-10-15 18:35:00,4661.92
2024-10-15 19:35:00,4514.42
2024-10-15 20:35:00,4217.69
2024-10-15 21:35:00,4090.65
2024-10-15 22:35:00,3981.6766666666667
2024-10-15 23:35:00,3872.7033333333334
2024-10-16 00:35:00,3763.73
2024-10-16 01:35:00,3526.71
2024-10-16 02:35:00,3359.87
2024-10-16 03:35:00,3238.18
2024-10-16 04:35:00,3165.81
2024-10-16 05:35:00,3313.19
2024-10-16 06:35:00,3605.44
2024-10-16 07:35:00,3604.37
2024-10-16 08:35:00,3669.37
2024-10-16 09:35:00,4161.68
2024-10-16 10:35:00,4493.78
2024-10-16 11:35:00,4599.34
2024-10-16 12:35:00,4629.93
2024-10-16 13:35:00,4374.49
2024-10-16 14:35:00,4600.3
2024-10-16 15:35:00,4706.09
2024-10-16 16:35:00,4623.24
2024-10-16 17:35:00,4687.03
2024-10-16 18:35:00,4713.91
2024-10-16 19:35:00,4534.46
2024-10-16 20:35:00,4223.29
2024-10-16 21:35:00,4086.78
2024-10-16 22:35:00,4102.12
2024-10-16 23:35:00,4046.06
2024-10-17 00:35:00,3823.29
2024-10-17 01:35:00,3608.91
2024-10-17 02:35:00,3599.46
2024-10-17 03:35:00,3515.41
2024-10-17 04:35:00,3498.27
2024-10-17 05:35:00,3546.08
2024-10-17 06:35:00,3666.97
2024-10-17 07:35:00,3767.75
2024-10-17 08:35:00,3769.24
2024-10-17 09:35:00,4067.56
2024-10-17 10:35:00,4653.48
2024-10-17 11:35:00,4699.25
2024-10-17 12:35:00,4732.26
2024-10-17 13:35:00,4488.07
2024-10-17 14:35:00,4696.63
2024-10-17 15:35:00,4748.33
2024-10-17 16:35:00,4673.62
2024-10-17 17:35:00,4720.43
2024-10-17 18:35:00,4796.6
2024-10-17 19:35:00,4583.37
2024-10-17 20:35:00,4312.77
2024-10-17 21:35:00,4193.01
2024-10-17 22:35:00,4163.15
2024-10-17 23:35:00,4019.2799999999997
2024-10-18 00:35:00,3875.41
2024-10-18 01:35:00,3639.29
2024-10-18 02:35:00,3451.77
2024-10-18 03:35:00,3322.29
2024-10-18 04:35:00,3294.98
2024-10-18 05:35:00,3425.27
2024-10-18 06:35:00,3744.48
2024-10-18 07:35:00,3733.49
2024-10-18 08:35:00,3826.5
2024-10-18 09:35:00,4280.81
2024-10-18 10:35:00,4645.05
2024-10-18 11:35:00,4736.46
2024-10-18 12:35:00,4770.47
2024-10-18 13:35:00,4486.82
2024-10-18 14:35:00,4760.32
2024-10-18 15:35:00,4850.38
2024-10-18 16:35:00,4776.27
2024-10-18 17:35:00,4788.95
2024-10-18 18:35:00,4886.03
2024-10-18 19:35:00,4663.53
2024-10-18 20:35:00,4395.5
2024-10-18 21:35:00,4216.6
2024-10-18 22:35:00,4221.59
2024-10-18 23:35:00,4081.74
2024-10-19 00:35:00,3941.89
2024-10-19 01:35:00,3726.73
2024-10-19 02:35:00,3534.11
2024-10-19 03:35:00,3413.25
2024-10-19 04:35:00,3361.98
2024-10-19 05:35:00,3425.12
2024-10-19 06:35:00,3623.32
2024-10-19 07:35:00,3631.69
2024-10-19 08:35:00,3716.31
2024-10-19 09:35:00,4122.59
2024-10-19 10:35:00,4427.78
2024-10-19 11:35:00,4549.83
2024-10-19 12:35:00,4529.21
2024-10-19 13:35:00,4360.3
2024-10-19 14:35:00,4514.75
2024-10-19 15:35:00,4543.67
2024-10-19 16:35:00,4487.85
2024-10-19 17:35:00,4544.63
2024-10-19 18:35:00,4621.18
2024-10-19 19:35:00,4539.27
2024-10-19 20:35:00,4247.17
2024-10-19 21:35:00,4155.12
2024-10-19 22:35:00,4137.26
2024-10-19 23:35:00,4272.91
2024-10-20 00:35:00,4088.68
2024-10-20 01:35:00,3869.29
2024-10-20 02:35:00,3658.76
2024-10-20 03:35:00,3562.47
2024-10-20 04:35:00,3569.66
2024-10-20 05:35:00,3542.36
2024-10-20 06:35:00,3558.84
2024-10-20 07:35:00,3501.0
2024-10-20 08:35:00,3534.96
2024-10-20 09:35:00,3793.79
2024-10-20 10:35:00,4130.23
2024-10-20 11:35:00,4279.65
2024-10-20 12:35:00,4391.43
2024-10-20 13:35:00,4214.19
2024-10-20 14:35:00,4361.8
2024-10-20 15:35:00,4475.89
2024-10-20 16:35:00,4418.98
2024-10-20 17:35:00,4476.65
2024-10-20 18:35:00,4646.34
2024-10-20 19:35:00,4527.89
2024-10-20 20:35:00,4238.47
2024-10-20 21:35:00,4374.41
2024-10-20 22:35:00,4338.45
2024-10-20 23:35:00,4255.8
2024-10-21 00:35:00,3982.89
2024-10-21 01:35:00,3757.75
2024-10-21 02:35:00,3684.96
2024-10-21 03:35:00,3577.31
2024-10-21 04:35:00,3503.8
2024-10-21 05:35:00,3599.84
2024-10-21 06:35:00,3906.46
2024-10-21 07:35:00,3874.44
2024-10-21 08:35:00,3952.52
2024-10-21 09:35:00,4372.07
2024-10-21 10:35:00,4712.74
2024-10-21 11:35:00,4788.05
2024-10-21 12:35:00,4925.19
2024-10-21 13:35:00,4596.32
2024-10-21 14:35:00,4868.87
2024-10-21 15:35:00,4945.27
2024-10-21 16:35:00,4848.16
2024-10-21 17:35:00,4840.75
2024-10-21 18:35:00,4984.51
2024-10-21 19:35:00,4845.49
2024-10-21 20:35:00,4581.9
2024-10-21 21:35:00,4488.71
2024-10-21 22:35:00,4489.4
2024-10-21 23:35:00,4327.28
2024-10-22 00:35:00,4165.16
2024-10-22 01:35:00,3928.08
2024-10-22 02:35:00,3769.94
2024-10-22 03:35:00,3655.49
2024-10-22 04:35:00,3597.91
2024-10-22 05:35:00,3741.88
2024-10-22 06:35:00,4044.02
2024-10-22 07:35:00,3981.61
2024-10-22 08:35:00,3957.6
2024-10-22 09:35:00,4358.58
2024-10-22 10:35:00,4703.72
2024-10-22 11:35:00,4832.68
2024-10-22 12:35:00,4787.79
2024-10-22 13:35:00,4585.71
2024-10-22 14:35:00,4762.48
2024-10-22 15:35:00,4875.62
2024-10-22 16:35:00,4790.77
2024-10-22 17:35:00,4835.1
2024-10-22 18:35:00,4870.56
2024-10-22 19:35:00,4635.18
2024-10-22 20:35:00,4330.45
2024-10-22 21:35:00,4216.94
2024-10-22 22:35:00,4105.076666666666
2024-10-22 23:35:00,3993.213333333333
2024-10-23 00:35:00,3881.35
2024-10-23 01:35:00,3674.45
2024-10-23 02:35:00,3467.55
2024-10-23 03:35:00,3334.33
2024-10-23 04:35:00,3286.45
2024-10-23 05:35:00,3433.96
2024-10-23 06:35:00,3760.15
2024-10-23 07:35:00,3699.22
2024-10-23 08:35:00,3802.37
2024-10-23 09:35:00,4319.12
2024-10-23 10:35:00,4635.03
2024-10-23 11:35:00,4645.63
2024-10-23 12:35:00,4623.65
2024-10-23 13:35:00,4376.17
2024-10-23 14:35:00,4584.74
2024-10-23 15:35:00,4856.19
2024-10-23 16:35:00,4689.08
2024-10-23 17:35:00,4792.77
2024-10-23 18:35:00,4853.31
2024-10-23 19:35:00,4660.93
2024-10-23 20:35:00,4329.16
2024-10-23 21:35:00,4200.97
2024-10-23 22:35:00,4174.23
2024-10-23 23:35:00,4022.0999999999995
2024-10-24 00:35:00,3869.97
2024-10-24 01:35:00,3638.44
2024-10-24 02:35:00,3474.78
2024-10-24 03:35:00,3362.94
2024-10-24 04:35:00,3340.64
2024-10-24 05:35:00,3433.58
2024-10-24 06:35:00,3801.27
2024-10-24 07:35:00,3683.88
2024-10-24 08:35:00,3834.08
2024-10-24 09:35:00,4165.53
2024-10-24 10:35:00,4474.81
2024-10-24 11:35:00,4645.7
2024-10-24 12:35:00,4692.23
2024-10-24 13:35:00,4352.86
2024-10-24 14:35:00,4614.44
2024-10-24 15:35:00,4680.93
2024-10-24 16:35:00,4639.9
2024-10-24 17:35:00,4706.02
2024-10-24 18:35:00,4848.09
2024-10-24 19:35:00,4575.99
2024-10-24 20:35:00,4250.83
2024-10-24 21:35:00,4163.21
2024-10-24 22:35:00,4063.07
2024-10-24 23:35:00,3902.87
2024-10-25 00:35:00,3742.67
2024-10-25 01:35:00,3543.09
2024-10-25 02:35:00,3364.13
2024-10-25 03:35:00,3244.3
2024-10-25 04:35:00,3246.52
2024-10-25 05:35:00,3334.77
2024-10-25 06:35:00,3656.86
2024-10-25 07:35:00,3657.19
2024-10-25 08:35:00,3715.42
2024-10-25 09:35:00,4181.69
2024-10-25 10:35:00,4477.32
2024-10-25 11:35:00,4527.53
2024-10-25 12:35:00,4585.15
2024-10-25 13:35:00,4291.87
2024-10-25 14:35:00,4477.45
2024-10-25 15:35:00,4554.4
2024-10-25 16:35:00,4516.39
2024-10-25 17:35:00,4611.77
2024-10-25 18:35:00,4718.24
2024-10-25 19:35:00,4470.14
2024-10-25 20:35:00,4101.17
2024-10-25 21:35:00,3924.75
2024-10-25 22:35:00,3875.28
2024-10-25 23:35:00,3732.2
2024-10-26 00:35:00,3589.12
2024-10-26 01:35:00,3412.52
2024-10-26 02:35:00,3215.77
2024-10-26 03:35:00,3086.76
2024-10-26 04:35:00,3092.03
2024-10-26 05:35:00,3196.42
2024-10-26 06:35:00,3423.49
2024-10-26 07:35:00,3475.67
2024-10-26 08:35:00,3462.44
2024-10-26 09:35:00,3756.68
2024-10-26 10:35:00,4127.38
2024-10-26 11:35:00,4067.79
2024-10-26 12:35:00,4307.96
2024-10-26 13:35:00,4120.24
2024-10-26 14:35:00,4251.35
2024-10-26 15:35:00,4227.04
2024-10-26 16:35:00,4183.22
2024-10-26 17:35:00,4324.11
2024-10-26 18:35:00,4374.87
2024-10-26 19:35:00,4275.69
2024-10-26 20:35:00,4028.45
2024-10-26 21:35:00,3769.41
2024-10-26 22:35:00,3686.94
2024-10-26 23:35:00,3555.42
2024-10-27 00:35:00,3423.9
2024-10-27 01:35:00,3288.97
2024-10-27 02:35:00,3135.03
2024-10-27 03:35:00,3063.67
2024-10-27 04:35:00,3086.35
2024-10-27 05:35:00,3132.76
2024-10-27 06:35:00,3251.23
2024-10-27 07:35:00,3332.01
2024-10-27 08:35:00,3369.13
2024-10-27 09:35:00,3629.07
2024-10-27 10:35:00,3934.5
2024-10-27 11:35:00,4002.63
2024-10-27 12:35:00,4091.16
2024-10-27 13:35:00,3915.17
2024-10-27 14:35:00,3988.55
2024-10-27 15:35:00,3993.24
2024-10-27 16:35:00,3920.32
2024-10-27 17:35:00,4043.79
2024-10-27 18:35:00,4216.22
2024-10-27 19:35:00,4093.29
2024-10-27 20:35:00,3950.83
2024-10-27 21:35:00,3816.77
2024-10-27 22:35:00,3788.31
2024-10-27 23:35:00,3686.02
2024-10-28 00:35:00,3500.16
2024-10-28 01:35:00,3308.73
2024-10-28 02:35:00,3148.02
2024-10-28 03:35:00,3058.66
2024-10-28 04:35:00,3068.03
2024-10-28 05:35:00,3148.8
2024-10-28 06:35:00,3512.96
2024-10-28 07:35:00,3454.94
2024-10-28 08:35:00,3613.88
2024-10-28 09:35:00,4066.37
2024-10-28 10:35:00,4410.31
2024-10-28 11:35:00,4658.1
2024-10-28 12:35:00,4636.24
2024-10-28 13:35:00,4413.82
2024-10-28 14:35:00,4636.76
2024-10-28 15:35:00,4647.81
2024-10-28 16:35:00,4648.7
2024-10-28 17:35:00,4677.08
2024-10-28 18:35:00,4753.62
2024-10-28 19:35:00,4410.46
2024-10-28 20:35:00,4397.53
2024-10-28 21:35:00,4109.67
2024-10-28 22:35:00,4018.51
2024-10-28 23:35:00,3895.23
2024-10-29 00:35:00,3682.51
2024-10-29 01:35:00,3463.27
2024-10-29 02:35:00,3393.62
2024-10-29 03:35:00,3213.91
2024-10-29 04:35:00,3213.26
2024-10-29 05:35:00,3354.14
2024-10-29 06:35:00,3694.66
2024-10-29 07:35:00,3731.83
2024-10-29 08:35:00,3780.53
2024-10-29 09:35:00,4249.48
2024-10-29 10:35:00,4592.56
2024-10-29 11:35:00,4710.5
2024-10-29 12:35:00,4696.08
2024-10-29 13:35:00,4510.77
2024-10-29 14:35:00,4713.28
2024-10-29 15:35:00,4686.85
2024-10-29 16:35:00,4633.18
2024-10-29 17:35:00,4697.79
2024-10-29 18:35:00,4735.21
2024-10-29 19:35:00,4558.67
2024-10-29 20:35:00,4246.95
2024-10-29 21:35:00,4170.82
2024-10-29 22:35:00,4122.42
2024-10-29 23:35:00,4056.68
2024-10-30 00:35:00,3854.28
2024-10-30 01:35:00,3640.25
2024-10-30 02:35:00,3472.62
2024-10-30 03:35:00,3284.9
2024-10-30 04:35:00,3284.34
2024-10-30 05:35:00,3331.7
2024-10-30 06:35:00,3540.43
2024-10-30 07:35:00,3601.19
2024-10-30 08:35:00,3791.05
2024-10-30 09:35:00,4161.28
2024-10-30 10:35:00,4568.84
2024-10-30 11:35:00,4707.46
2024-10-30 12:35:00,4731.5
2024-10-30 13:35:00,4514.04
2024-10-30 14:35:00,4606.48
2024-10-30 15:35:00,4544.24
2024-10-30 16:35:00,4414.08
2024-10-30 17:35:00,4465.7
2024-10-30 18:35:00,4497.54
2024-10-30 19:35:00,4278.63
2024-10-30 20:35:00,4094.66
2024-10-30 21:35:00,4013.81
2024-10-30 22:35:00,3945.28
2024-10-30 23:35:00,3935.91
2024-10-31 00:35:00,3710.83
2024-10-31 01:35:00,3511.62
2024-10-31 02:35:00,3338.75
2024-10-31 03:35:00,3225.5
2024-10-31 04:35:00,3198.98
2024-10-31 05:35:00,3211.41
2024-10-31 06:35:00,3263.3
2024-10-31 07:35:00,3242.87
2024-10-31 08:35:00,3240.44
2024-10-31 09:35:00,3385.31
2024-10-31 10:35:00,3521.65
2024-10-31 11:35:00,3589.28
2024-10-31 12:35:00,3578.52
2024-10-31 13:35:00,3477.7
2024-10-31 14:35:00,3434.02
2024-10-31 15:35:00,3357.9
2024-10-31 16:35:00,3338.35
2024-10-31 17:35:00,3558.67
2024-10-31 18:35:00,3823.7
2024-10-31 19:35:00,3642.58
2024-10-31 20:35:00,3453.01
2024-10-31 21:35:00,3441.52
2024-10-31 22:35:00,3467.99
2024-10-31 23:35:00,3452.75
2024-11-01 00:35:00,2403.05
2024-11-01 01:35:00,2093.09
2024-11-01 02:35:00,1940.37
2024-11-01 03:35:00,1884.35
2024-11-01 04:35:00,1991.64
2024-11-01 05:35:00,2466.98
2024-11-01 06:35:00,3547.61
2024-11-01 07:35:00,4378.77
2024-11-01 08:35:00,4828.75
2024-11-01 09:35:00,5216.36
2024-11-01 10:35:00,5392.84
2024-11-01 11:35:00,5167.99
2024-11-01 12:35:00,4902.26
2024-11-01 13:35:00,4411.29
2024-11-01 14:35:00,4389.93
2024-11-01 15:35:00,4236.64
2024-11-01 16:35:00,4214.03
2024-11-01 17:35:00,4397.41
2024-11-01 18:35:00,4598.53
2024-11-01 19:35:00,4536.3
2024-11-01 20:35:00,4337.72
2024-11-01 21:35:00,4164.45
2024-11-01 22:35:00,3434.22
2024-11-01 23:35:00,2703.99
2024-11-02 00:35:00,1973.76
2024-11-02 01:35:00,1761.62
2024-11-02 02:35:00,1653.89
2024-11-02 03:35:00,1663.8850000000002
2024-11-02 04:35:00,1673.88
2024-11-02 05:35:00,1961.38
2024-11-02 06:35:00,2561.55
2024-11-02 07:35:00,3298.75
2024-11-02 08:35:00,3870.98
2024-11-02 09:35:00,4296.66
2024-11-02 10:35:00,4447.63
2024-11-02 11:35:00,4392.32
2024-11-02 12:35:00,4091.32
2024-11-02 13:35:00,3560.96
2024-11-02 14:35:00,3331.83
2024-11-02 15:35:00,3068.67
2024-11-02 16:35:00,3002.6
2024-11-02 17:35:00,3174.76
2024-11-02 18:35:00,3440.34
2024-11-02 19:35:00,3392.3
2024-11-02 20:35:00,3157.22
2024-11-02 21:35:00,2940.14
2024-11-02 22:35:00,2561.523333333333
2024-11-02 23:35:00,2182.9066666666668
2024-11-03 00:35:00,1804.29
2024-11-03 01:35:00,1679.65
2024-11-03 02:35:00,1604.43
2024-11-03 03:35:00,1576.49
2024-11-03 04:35:00,1698.91
2024-11-03 05:35:00,2126.77
2024-11-03 06:35:00,2974.44
2024-11-03 07:35:00,3613.16
2024-11-03 08:35:00,3656.24
2024-11-03 09:35:00,3773.28
2024-11-03 10:35:00,3893.87
2024-11-03 11:35:00,3750.32
2024-11-03 12:35:00,3539.75
2024-11-03 13:35:00,3173.69
2024-11-03 14:35:00,3217.34
2024-11-03 15:35:00,3192.99
2024-11-03 16:35:00,3142.1
2024-11-03 17:35:00,3263.56
2024-11-03 18:35:00,3465.62
2024-11-03 19:35:00,3380.04
2024-11-03 20:35:00,3051.05
2024-11-03 21:35:00,2751.07
2024-11-03 22:35:00,2488.65
2024-11-03 23:35:00,3085.0550000000003
2024-11-04 00:35:00,3681.46
2024-11-04 01:35:00,3495.32
2024-11-04 02:35:00,3334.61
2024-11-04 03:35:00,3219.23
2024-11-04 04:35:00,3201.63
2024-11-04 05:35:00,3258.21
2024-11-04 06:35:00,3500.65
2024-11-04 07:35:00,3475.03
2024-11-04 08:35:00,3485.44
2024-11-04 09:35:00,3738.68
2024-11-04 10:35:00,3937.19
2024-11-04 11:35:00,4049.35
2024-11-04 12:35:00,4133.34
2024-11-04 13:35:00,3974.6
2024-11-04 14:35:00,4174.62
2024-11-04 15:35:00,4197.95
2024-11-04 16:35:00,4167.57
2024-11-04 17:35:00,4100.38
2024-11-04 18:35:00,4065.72
2024-11-04 19:35:00,4149.52
2024-11-04 20:35:00,4007.96
2024-11-04 21:35:00,3927.54
2024-11-04 22:35:00,4028.2
2024-11-04 23:35:00,3949.46
2024-11-05 00:35:00,4846.82
2024-11-05 01:35:00,4860.79
2024-11-05 02:35:00,4909.49
2024-11-05 03:35:00,4516.19
2024-11-05 04:35:00,4358.36
2024-11-05 05:35:00,4222.67
2024-11-05 06:35:00,4092.04
2024-11-05 07:35:00,4042.04
2024-11-05 08:35:00,4002.6
2024-11-05 09:35:00,4291.66
2024-11-05 10:35:00,4683.38
2024-11-05 11:35:00,4785.6
2024-11-05 12:35:00,4989.87
2024-11-05 13:35:00,4963.79
2024-11-05 14:35:00,5267.39
2024-11-05 15:35:00,5404.73
2024-11-05 16:35:00,5277.66
2024-11-05 17:35:00,5118.91
2024-11-05 18:35:00,4948.54
2024-11-05 19:35:00,5060.18
2024-11-05 20:35:00,5064.05
2024-11-05 21:35:00,5242.32
2024-11-05 22:35:00,5537.39
2024-11-05 23:35:00,5741.26
2024-11-06 00:35:00,7322.39
2024-11-06 01:35:00,6997.8
2024-11-06 02:35:00,6662.26
2024-11-06 03:35:00,6276.09
2024-11-06 04:35:00,5936.74
2024-11-06 05:35:00,5461.99
2024-11-06 06:35:00,5085.1
2024-11-06 07:35:00,5034.19
2024-11-06 08:35:00,5130.09
2024-11-06 09:35:00,5590.86
2024-11-06 10:35:00,6118.34
2024-11-06 11:35:00,6501.39
2024-11-06 12:35:00,6747.98
2024-11-06 13:35:00,6910.04
2024-11-06 14:35:00,5869.81
2024-11-06 15:35:00,7028.64
2024-11-06 16:35:00,7262.24
2024-11-06 17:35:00,6795.29
2024-11-06 18:35:00,6203.82
2024-11-06 19:35:00,5988.96
2024-11-06 20:35:00,6159.18
2024-11-06 21:35:00,6682.46
2024-11-06 22:35:00,7347.34
2024-11-06 23:35:00,7630.28
2024-11-07 00:35:00,5872.13
2024-11-07 01:35:00,5452.82
2024-11-07 02:35:00,5205.74
2024-11-07 03:35:00,4941.41
2024-11-07 04:35:00,4755.83
2024-11-07 05:35:00,4614.03
2024-11-07 06:35:00,4649.7
2024-11-07 07:35:00,4666.93
2024-11-07 08:35:00,4863.08
2024-11-07 09:35:00,5434.27
2024-11-07 10:35:00,5899.58
2024-11-07 11:35:00,6179.97
2024-11-07 12:35:00,6428.24
2024-11-07 13:35:00,6514.08
2024-11-07 14:35:00,7123.39
2024-11-07 15:35:00,7261.67
2024-11-07 16:35:00,7015.05
2024-11-07 17:35:00,6742.48
2024-11-07 18:35:00,6341.8
2024-11-07 19:35:00,6424.48
2024-11-07 20:35:00,6694.69
2024-11-07 21:35:00,7026.89
2024-11-07 22:35:00,7373.36
2024-11-07 23:35:00,6409.665
2024-11-08 00:35:00,5445.97
2024-11-08 01:35:00,5158.48
2024-11-08 02:35:00,4921.75
2024-11-08 03:35:00,4696.02
2024-11-08 04:35:00,4541.18
2024-11-08 05:35:00,4363.53
2024-11-08 06:35:00,4261.8
2024-11-08 07:35:00,4211.64
2024-11-08 08:35:00,4187.55
2024-11-08 09:35:00,4461.24
2024-11-08 10:35:00,4695.28
2024-11-08 11:35:00,4856.48
2024-11-08 12:35:00,4847.13
2024-11-08 13:35:00,4811.26
2024-11-08 14:35:00,5019.45
2024-11-08 15:35:00,5051.95
2024-11-08 16:35:00,4776.39
2024-11-08 17:35:00,4690.74
2024-11-08 18:35:00,4714.17
2024-11-08 19:35:00,4809.1
2024-11-08 20:35:00,4880.06
2024-11-08 21:35:00,5023.37
2024-11-08 22:35:00,5178.54
2024-11-08 23:35:00,5070.5650000000005
2024-11-09 00:35:00,4962.59
2024-11-09 01:35:00,4741.35
2024-11-09 02:35:00,4542.54
2024-11-09 03:35:00,4384.47
2024-11-09 04:35:00,4300.68
2024-11-09 05:35:00,4324.36
2024-11-09 06:35:00,4482.52
2024-11-09 07:35:00,4482.38
2024-11-09 08:35:00,4561.01
2024-11-09 09:35:00,4892.47
2024-11-09 10:35:00,5218.47
2024-11-09 11:35:00,5298.48
2024-11-09 12:35:00,5369.66
2024-11-09 13:35:00,5370.06
2024-11-09 14:35:00,5617.65
2024-11-09 15:35:00,5641.88
2024-11-09 16:35:00,5402.34
2024-11-09 17:35:00,5360.83
2024-11-09 18:35:00,5236.308571428572
2024-11-09 19:35:00,5111.7871428571425
2024-11-09 20:35:00,4987.265714285714
2024-11-09 21:35:00,4862.744285714286
2024-11-09 22:35:00,4738.222857142858
2024-11-09 23:35:00,4613.701428571429
2024-11-10 00:35:00,4489.18
2024-11-10 01:35:00,4233.54
2024-11-10 02:35:00,4021.17
2024-11-10 03:35:00,3823.85
2024-11-10 04:35:00,3744.25
2024-11-10 05:35:00,3792.47
2024-11-10 06:35:00,3882.99
2024-11-10 07:35:00,3877.27
2024-11-10 08:35:00,4024.93
2024-11-10 09:35:00,4428.86
2024-11-10 10:35:00,4780.79
2024-11-10 11:35:00,4865.89
2024-11-10 12:35:00,4984.36
2024-11-10 13:35:00,4711.31
2024-11-10 14:35:00,4982.74
2024-11-10 15:35:00,5048.64
2024-11-10 16:35:00,4901.98
2024-11-10 17:35:00,4906.6
2024-11-10 18:35:00,4952.25
2024-11-10 19:35:00,4775.68
2024-11-10 20:35:00,4371.83
2024-11-10 21:35:00,4235.37
2024-11-10 22:35:00,4275.69
2024-11-10 23:35:00,3536.8099999999995
2024-11-11 00:35:00,2797.93
2024-11-11 01:35:00,2644.93
2024-11-11 02:35:00,2563.18
2024-11-11 03:35:00,2449.95
2024-11-11 04:35:00,2533.37
2024-11-11 05:35:00,2784.97
2024-11-11 06:35:00,3291.77
2024-11-11 07:35:00,3334.95
2024-11-11 08:35:00,3469.26
2024-11-11 09:35:00,3702.29
2024-11-11 10:35:00,3999.11
2024-11-11 11:35:00,4012.15
2024-11-11 12:35:00,4047.66
2024-11-11 13:35:00,3802.85
2024-11-11 14:35:00,3936.27
2024-11-11 15:35:00,3921.95
2024-11-11 16:35:00,3876.21
2024-11-11 17:35:00,4046.07
2024-11-11 18:35:00,4069.13
2024-11-11 19:35:00,3842.36
2024-11-11 20:35:00,3591.02
2024-11-11 21:35:00,3376.21
2024-11-11 22:35:00,3169.43
2024-11-11 23:35:00,2620.055
2024-11-12 00:35:00,2070.68
2024-11-12 01:35:00,1920.55
2024-11-12 02:35:00,1844.73
2024-11-12 03:35:00,1803.86
2024-11-12 04:35:00,1928.55
2024-11-12 05:35:00,2395.54
2024-11-12 06:35:00,3394.09
2024-11-12 07:35:00,3889.19
2024-11-12 08:35:00,3963.32
2024-11-12 09:35:00,4194.67
2024-11-12 10:35:00,4205.76
2024-11-12 11:35:00,4108.55
2024-11-12 12:35:00,3878.41
2024-11-12 13:35:00,3511.1
2024-11-12 14:35:00,3507.35
2024-11-12 15:35:00,3438.36
2024-11-12 16:35:00,3404.02
2024-11-12 17:35:00,3711.58
2024-11-12 18:35:00,3764.53
2024-11-12 19:35:00,3626.63
2024-11-12 20:35:00,3305.6
2024-11-12 21:35:00,3043.66
2024-11-12 22:35:00,2694.42
2024-11-12 23:35:00,2369.91
2024-11-13 00:35:00,2799.96
2024-11-13 01:35:00,2678.74
2024-11-13 02:35:00,2533.3
2024-11-13 03:35:00,2366.29
2024-11-13 04:35:00,2488.46
2024-11-13 05:35:00,2743.84
2024-11-13 06:35:00,3371.04
2024-11-13 07:35:00,3413.07
2024-11-13 08:35:00,3464.05
2024-11-13 09:35:00,3783.7
2024-11-13 10:35:00,3891.38
2024-11-13 11:35:00,3894.63
2024-11-13 12:35:00,3808.15
2024-11-13 13:35:00,3585.34
2024-11-13 14:35:00,3710.97
2024-11-13 15:35:00,3723.06
2024-11-13 16:35:00,3704.64
2024-11-13 17:35:00,3911.33
2024-11-13 18:35:00,3926.94
2024-11-13 19:35:00,3708.81
2024-11-13 20:35:00,3366.28
2024-11-13 21:35:00,3149.4
2024-11-13 22:35:00,2898.97
2024-11-13 23:35:00,2702.8149999999996
2024-11-14 00:35:00,2506.66
2024-11-14 01:35:00,2368.99
2024-11-14 02:35:00,2295.82
2024-11-14 03:35:00,2246.49
2024-11-14 04:35:00,2332.77
2024-11-14 05:35:00,2622.99
2024-11-14 06:35:00,3196.42
2024-11-14 07:35:00,3293.68
2024-11-14 08:35:00,3336.78
2024-11-14 09:35:00,3616.54
2024-11-14 10:35:00,3831.74
2024-11-14 11:35:00,3801.99
2024-11-14 12:35:00,3774.63
2024-11-14 13:35:00,3479.69
2024-11-14 14:35:00,3636.43
2024-11-14 15:35:00,3671.62
2024-11-14 16:35:00,3622.57
2024-11-14 17:35:00,3862.01
2024-11-14 18:35:00,3914.48
2024-11-14 19:35:00,3662.96
2024-11-14 20:35:00,3365.42
2024-11-14 21:35:00,3116.83
2024-11-14 22:35:00,2934.2966666666666
2024-11-14 23:35:00,2751.7633333333333
2024-11-15 00:35:00,2569.23
2024-11-15 01:35:00,2436.8
2024-11-15 02:35:00,2364.83
2024-11-15 03:35:00,2344.76
2024-11-15 04:35:00,2282.49
2024-11-15 05:35:00,2477.26
2024-11-15 06:35:00,2781.17
2024-11-15 07:35:00,3097.76
2024-11-15 08:35:00,3334.38
2024-11-15 09:35:00,3663.11
2024-11-15 10:35:00,3875.47
2024-11-15 11:35:00,3948.34
2024-11-15 12:35:00,3887.62
2024-11-15 13:35:00,3458.9
2024-11-15 14:35:00,3458.79
2024-11-15 15:35:00,3418.58
2024-11-15 16:35:00,3396.87
2024-11-15 17:35:00,3667.03
2024-11-15 18:35:00,3665.65
2024-11-15 19:35:00,3557.49
2024-11-15 20:35:00,3228.05
2024-11-15 21:35:00,3018.55
2024-11-15 22:35:00,2804.55
2024-11-15 23:35:00,2500.08
2024-11-16 00:35:00,2264.86
2024-11-16 01:35:00,2296.49
2024-11-16 02:35:00,2071.99
2024-11-16 03:35:00,2146.17
2024-11-16 04:35:00,2205.85
2024-11-16 05:35:00,2435.29
2024-11-16 06:35:00,2854.97
2024-11-16 07:35:00,3119.15
2024-11-16 08:35:00,3255.55
2024-11-16 09:35:00,3440.41
2024-11-16 10:35:00,3680.67
2024-11-16 11:35:00,3668.27
2024-11-16 12:35:00,3578.07
2024-11-16 13:35:00,3295.0
2024-11-16 14:35:00,3333.89
2024-11-16 15:35:00,3323.15
2024-11-16 16:35:00,3313.78
2024-11-16 17:35:00,3592.28
2024-11-16 18:35:00,3613.37
2024-11-16 19:35:00,3380.39
2024-11-16 20:35:00,3097.2
2024-11-16 21:35:00,2849.72
2024-11-16 22:35:00,2637.58
2024-11-16 23:35:00,2503.32
2024-11-17 00:35:00,2303.51
2024-11-17 01:35:00,2164.45
2024-11-17 02:35:00,2084.67
2024-11-17 03:35:00,2034.86
2024-11-17 04:35:00,2095.64
2024-11-17 05:35:00,2255.5
2024-11-17 06:35:00,2513.04
2024-11-17 07:35:00,2854.76
2024-11-17 08:35:00,3025.84
2024-11-17 09:35:00,3352.83
2024-11-17 10:35:00,3561.76
2024-11-17 11:35:00,3608.72
2024-11-17 12:35:00,3550.99
2024-11-17 13:35:00,3270.84
2024-11-17 14:35:00,3243.99
2024-11-17 15:35:00,3098.06
2024-11-17 16:35:00,3050.72
2024-11-17 17:35:00,3273.39
2024-11-17 18:35:00,3304.28
2024-11-17 19:35:00,3105.78
2024-11-17 20:35:00,2891.58
2024-11-17 21:35:00,2678.11
2024-11-17 22:35:00,2487.98
2024-11-17 23:35:00,2322.3
2024-11-18 00:35:00,2120.99
2024-11-18 01:35:00,2034.15
2024-11-18 02:35:00,1954.4
2024-11-18 03:35:00,1876.32
2024-11-18 04:35:00,1952.47
2024-11-18 05:35:00,2260.74
2024-11-18 06:35:00,2791.11
2024-11-18 07:35:00,3242.23
2024-11-18 08:35:00,3412.62
2024-11-18 09:35:00,3637.33
2024-11-18 10:35:00,3784.89
2024-11-18 11:35:00,3739.57
2024-11-18 12:35:00,3708.61
2024-11-18 13:35:00,3342.31
2024-11-18 14:35:00,3368.85
2024-11-18 15:35:00,3340.89
2024-11-18 16:35:00,3279.76
2024-11-18 17:35:00,3573.69
2024-11-18 18:35:00,3602.11
2024-11-18 19:35:00,3423.86
2024-11-18 20:35:00,3045.17
2024-11-18 21:35:00,2771.36
2024-11-18 22:35:00,2529.4
2024-11-18 23:35:00,2340.306666666667
2024-11-19 00:35:00,2151.213333333333
2024-11-19 01:35:00,1962.12
2024-11-19 02:35:00,1875.19
2024-11-19 03:35:00,1843.2
2024-11-19 04:35:00,1909.05
2024-11-19 05:35:00,2207.54
2024-11-19 06:35:00,2739.5
2024-11-19 07:35:00,3305.49
2024-11-19 08:35:00,3508.7
2024-11-19 09:35:00,3686.8
2024-11-19 10:35:00,3821.63
2024-11-19 11:35:00,3675.04
2024-11-19 12:35:00,3494.61
2024-11-19 13:35:00,3198.75
2024-11-19 14:35:00,3225.58
2024-11-19 15:35:00,3322.78
2024-11-19 16:35:00,3338.58
2024-11-19 17:35:00,3588.2
2024-11-19 18:35:00,3601.24
2024-11-19 19:35:00,3393.1
2024-11-19 20:35:00,3077.21
2024-11-19 21:35:00,2847.77
2024-11-19 22:35:00,2599.59
2024-11-19 23:35:00,2388.965
2024-11-20 00:35:00,2178.34
2024-11-20 01:35:00,2053.52
2024-11-20 02:35:00,1965.86
2024-11-20 03:35:00,1940.18
2024-11-20 04:35:00,2005.09
2024-11-20 05:35:00,2293.03
2024-11-20 06:35:00,2818.33
2024-11-20 07:35:00,3358.06
2024-11-20 08:35:00,3585.73
2024-11-20 09:35:00,3735.33
2024-11-20 10:35:00,3823.11
2024-11-20 11:35:00,3843.49
2024-11-20 12:35:00,3745.33
2024-11-20 13:35:00,3476.32
2024-11-20 14:35:00,3454.74
2024-11-20 15:35:00,3355.46
2024-11-20 16:35:00,3360.81
2024-11-20 17:35:00,3625.69
2024-11-20 18:35:00,3678.75
2024-11-20 19:35:00,3468.57
2024-11-20 20:35:00,3147.0
2024-11-20 21:35:00,2874.0866666666666
2024-11-20 22:35:00,2601.1733333333336
2024-11-20 23:35:00,2328.26
2024-11-21 00:35:00,2112.57
2024-11-21 01:35:00,1993.7
2024-11-21 02:35:00,1895.45
2024-11-21 03:35:00,1890.8
2024-11-21 04:35:00,1958.36
2024-11-21 05:35:00,2229.81
2024-11-21 06:35:00,2740.02
2024-11-21 07:35:00,3282.14
2024-11-21 08:35:00,3488.19
2024-11-21 09:35:00,3762.62
2024-11-21 10:35:00,3785.63
2024-11-21 11:35:00,3798.37
2024-11-21 12:35:00,3702.74
2024-11-21 13:35:00,3339.14
2024-11-21 14:35:00,3397.19
2024-11-21 15:35:00,3344.06
2024-11-21 16:35:00,3317.81
2024-11-21 17:35:00,3572.58
2024-11-21 18:35:00,3638.02
2024-11-21 19:35:00,3396.96
2024-11-21 20:35:00,3080.02
2024-11-21 21:35:00,2759.5
2024-11-21 22:35:00,2503.08
2024-11-21 23:35:00,2282.05
2024-11-22 00:35:00,2026.84
2024-11-22 01:35:00,1898.57
2024-11-22 02:35:00,1808.7
2024-11-22 03:35:00,1784.6
2024-11-22 04:35:00,1870.87
2024-11-22 05:35:00,2159.14
2024-11-22 06:35:00,2762.74
2024-11-22 07:35:00,3381.06
2024-11-22 08:35:00,3607.68
2024-11-22 09:35:00,3774.8
2024-11-22 10:35:00,3919.04
2024-11-22 11:35:00,3936.33
2024-11-22 12:35:00,3888.9
2024-11-22 13:35:00,3475.07
2024-11-22 14:35:00,3404.84
2024-11-22 15:35:00,3396.38
2024-11-22 16:35:00,3298.88
2024-11-22 17:35:00,3571.46
2024-11-22 18:35:00,3590.62
2024-11-22 19:35:00,3356.36
2024-11-22 20:35:00,3004.37
2024-11-22 21:35:00,2785.72
2024-11-22 22:35:00,2507.93
2024-11-22 23:35:00,2345.265
2024-11-23 00:35:00,2182.6
2024-11-23 01:35:00,2019.935
2024-11-23 02:35:00,1857.27
2024-11-23 03:35:00,1878.705
2024-11-23 04:35:00,1900.14
2024-11-23 05:35:00,2175.44
2024-11-23 06:35:00,2593.17
2024-11-23 07:35:00,3083.72
2024-11-23 08:35:00,3238.04
2024-11-23 09:35:00,3523.24
2024-11-23 10:35:00,3640.9
2024-11-23 11:35:00,3609.05
2024-11-23 12:35:00,3479.21
2024-11-23 13:35:00,3173.61
2024-11-23 14:35:00,3074.08
2024-11-23 15:35:00,3050.05
2024-11-23 16:35:00,3067.93
2024-11-23 17:35:00,3329.45
2024-11-23 18:35:00,3359.17
2024-11-23 19:35:00,3138.96
2024-11-23 20:35:00,2889.76
2024-11-23 21:35:00,2661.89
2024-11-23 22:35:00,2432.76
2024-11-23 23:35:00,2222.8450000000003
2024-11-24 00:35:00,2012.93
2024-11-24 01:35:00,1875.16
2024-11-24 02:35:00,1792.61
2024-11-24 03:35:00,1767.87
2024-11-24 04:35:00,1830.94
2024-11-24 05:35:00,2039.72
2024-11-24 06:35:00,2393.44
2024-11-24 07:35:00,2829.77
2024-11-24 08:35:00,3140.72
2024-11-24 09:35:00,3435.37
2024-11-24 10:35:00,3625.56
2024-11-24 11:35:00,3591.92
2024-11-24 12:35:00,3458.72
2024-11-24 13:35:00,3152.41
2024-11-24 14:35:00,3073.27
2024-11-24 15:35:00,2951.9
2024-11-24 16:35:00,2809.19
2024-11-24 17:35:00,3199.71
2024-11-24 18:35:00,3062.66
2024-11-24 19:35:00,3059.67
2024-11-24 20:35:00,2830.76
2024-11-24 21:35:00,2635.83
2024-11-24 22:35:00,2404.39
2024-11-24 23:35:00,2181.825
2024-11-25 00:35:00,1959.26
2024-11-25 01:35:00,1846.53
2024-11-25 02:35:00,1766.6
2024-11-25 03:35:00,1756.09
2024-11-25 04:35:00,1845.21
2024-11-25 05:35:00,2112.83
2024-11-25 06:35:00,2619.19
2024-11-25 07:35:00,3195.86
2024-11-25 08:35:00,3483.63
2024-11-25 09:35:00,3707.16
2024-11-25 10:35:00,3800.93
2024-11-25 11:35:00,3753.14
2024-11-25 12:35:00,3679.42
2024-11-25 13:35:00,3338.21
2024-11-25 14:35:00,3294.77
2024-11-25 15:35:00,3225.48
2024-11-25 16:35:00,3260.8
2024-11-25 17:35:00,3476.62
2024-11-25 18:35:00,3528.44
2024-11-25 19:35:00,3304.16
2024-11-25 20:35:00,3041.9
2024-11-25 21:35:00,2741.82
2024-11-25 22:35:00,2495.17
2024-11-25 23:35:00,2277.25
2024-11-26 00:35:00,2059.33
2024-11-26 01:35:00,1904.07
2024-11-26 02:35:00,1807.66
2024-11-26 03:35:00,1797.33
2024-11-26 04:35:00,1859.0
2024-11-26 05:35:00,2146.86
2024-11-26 06:35:00,2689.67
2024-11-26 07:35:00,3226.92
2024-11-26 08:35:00,3523.53
2024-11-26 09:35:00,3741.41
2024-11-26 10:35:00,3790.55
2024-11-26 11:35:00,3720.97
2024-11-26 12:35:00,3639.76
2024-11-26 13:35:00,3291.74
2024-11-26 14:35:00,3253.97
2024-11-26 15:35:00,3240.39
2024-11-26 16:35:00,3239.76
2024-11-26 17:35:00,3466.31
2024-11-26 18:35:00,3515.01
2024-11-26 19:35:00,3306.28
2024-11-26 20:35:00,3038.95
2024-11-26 21:35:00,2757.43
2024-11-26 22:35:00,2503.01
2024-11-26 23:35:00,2254.52
2024-11-27 00:35:00,2043.2
2024-11-27 01:35:00,1913.52
2024-11-27 02:35:00,1825.66
2024-11-27 03:35:00,1808.56
2024-11-27 04:35:00,1893.51
2024-11-27 05:35:00,2295.28
2024-11-27 06:35:00,2987.52
2024-11-27 07:35:00,3439.73
2024-11-27 08:35:00,3451.68
2024-11-27 09:35:00,3679.41
2024-11-27 10:35:00,3812.93
2024-11-27 11:35:00,3623.59
2024-11-27 12:35:00,3707.38
2024-11-27 13:35:00,3313.17
2024-11-27 14:35:00,3376.27
2024-11-27 15:35:00,3263.86
2024-11-27 16:35:00,3292.15
2024-11-27 17:35:00,3550.02
2024-11-27 18:35:00,3543.4
2024-11-27 19:35:00,3158.81
2024-11-27 20:35:00,2888.96
2024-11-27 21:35:00,2567.45
2024-11-27 22:35:00,2549.46
2024-11-27 23:35:00,2382.44
2024-11-28 00:35:00,2215.42
2024-11-28 01:35:00,2048.4
2024-11-28 02:35:00,1949.95
2024-11-28 03:35:00,1919.24
2024-11-28 04:35:00,2009.3
2024-11-28 05:35:00,2372.34
2024-11-28 06:35:00,3119.14
2024-11-28 07:35:00,3230.71
2024-11-28 08:35:00,3550.26
2024-11-28 09:35:00,3707.87
2024-11-28 10:35:00,3803.57
2024-11-28 11:35:00,3729.54
2024-11-28 12:35:00,3607.73
2024-11-28 13:35:00,3322.16
2024-11-28 14:35:00,3342.9
2024-11-28 15:35:00,3309.99
2024-11-28 16:35:00,3341.25
2024-11-28 17:35:00,3527.64
2024-11-28 18:35:00,3638.56
2024-11-28 19:35:00,3459.56
2024-11-28 20:35:00,3034.59
2024-11-28 21:35:00,2579.93
2024-11-28 22:35:00,2522.02
2024-11-28 23:35:00,2249.31
2024-11-29 00:35:00,2071.33
2024-11-29 01:35:00,1893.35
2024-11-29 02:35:00,1827.48
2024-11-29 03:35:00,1967.29
2024-11-29 04:35:00,2107.1
2024-11-29 05:35:00,2246.91
2024-11-29 06:35:00,3084.68
2024-11-29 07:35:00,3474.28
2024-11-29 08:35:00,3678.61
2024-11-29 09:35:00,3864.27
2024-11-29 10:35:00,4032.0
2024-11-29 11:35:00,3789.09
2024-11-29 12:35:00,3733.93
2024-11-29 13:35:00,3393.85
2024-11-29 14:35:00,3339.22
2024-11-29 15:35:00,3213.45
2024-11-29 16:35:00,3220.86
2024-11-29 17:35:00,3625.92
2024-11-29 18:35:00,3618.53
2024-11-29 19:35:00,3438.13
2024-11-29 20:35:00,3114.28
2024-11-29 21:35:00,2878.77
2024-11-29 22:35:00,2577.9
2024-11-29 23:35:00,2345.38
2024-11-30 00:35:00,2090.45
2024-11-30 01:35:00,1946.41
2024-11-30 02:35:00,1864.29
2024-11-30 03:35:00,1832.1
2024-11-30 04:35:00,1929.9
2024-11-30 05:35:00,2274.91
2024-11-30 06:35:00,2917.69
2024-11-30 07:35:00,3315.01
2024-11-30 08:35:00,3462.25
2024-11-30 09:35:00,3693.41
2024-11-30 10:35:00,3831.84
2024-11-30 11:35:00,3732.44
2024-11-30 12:35:00,3636.25
2024-11-30 13:35:00,3197.9
2024-11-30 14:35:00,3211.59
2024-11-30 15:35:00,3125.85
2024-11-30 16:35:00,3144.9
2024-11-30 17:35:00,3459.12
2024-11-30 18:35:00,3455.75
2024-11-30 19:35:00,3282.53
2024-11-30 20:35:00,2994.92
2024-11-30 21:35:00,2732.79
2024-11-30 22:35:00,2488.5
2024-11-30 23:35:00,2269.62
2024-12-01 00:35:00,2636.02
2024-12-01 01:35:00,2327.02
2024-12-01 02:35:00,2194.48
2024-12-01 03:35:00,2145.76
2024-12-01 04:35:00,2243.65
2024-12-01 05:35:00,2686.64
2024-12-01 06:35:00,3666.11
2024-12-01 07:35:00,4479.41
2024-12-01 08:35:00,5084.63
2024-12-01 09:35:00,5524.25
2024-12-01 10:35:00,5590.42
2024-12-01 11:35:00,5568.18
2024-12-01 12:35:00,5259.44
2024-12-01 13:35:00,4586.78
2024-12-01 14:35:00,4467.52
2024-12-01 15:35:00,4201.72
2024-12-01 16:35:00,4130.72
2024-12-01 17:35:00,4346.56
2024-12-01 18:35:00,4525.26
2024-12-01 19:35:00,4404.68
2024-12-01 20:35:00,4240.06
2024-12-01 21:35:00,3972.91
2024-12-01 22:35:00,3623.7
2024-12-01 23:35:00,2768.08
2024-12-02 00:35:00,1912.46
2024-12-02 01:35:00,1704.55
2024-12-02 02:35:00,1614.29
2024-12-02 03:35:00,1582.37
2024-12-02 04:35:00,1717.17
2024-12-02 05:35:00,2261.25
2024-12-02 06:35:00,3401.79
2024-12-02 07:35:00,4071.9
2024-12-02 08:35:00,4178.13
2024-12-02 09:35:00,4439.93
2024-12-02 10:35:00,4453.2
2024-12-02 11:35:00,4243.38
2024-12-02 12:35:00,3933.8
2024-12-02 13:35:00,3581.73
2024-12-02 14:35:00,3575.92
2024-12-02 15:35:00,3499.11
2024-12-02 16:35:00,3421.77
2024-12-02 17:35:00,3625.09
2024-12-02 18:35:00,3832.65
2024-12-02 19:35:00,3634.6
2024-12-02 20:35:00,3403.78
2024-12-02 21:35:00,3102.87
2024-12-02 22:35:00,2756.66
2024-12-02 23:35:00,2309.53
2024-12-03 00:35:00,1972.22
2024-12-03 01:35:00,1845.39
2024-12-03 02:35:00,1759.05
2024-12-03 03:35:00,1742.16
2024-12-03 04:35:00,1894.31
2024-12-03 05:35:00,2255.86
2024-12-03 06:35:00,2967.26
2024-12-03 07:35:00,3500.47
2024-12-03 08:35:00,3555.1
2024-12-03 09:35:00,3728.64
2024-12-03 10:35:00,3804.8
2024-12-03 11:35:00,3701.51
2024-12-03 12:35:00,3523.81
2024-12-03 13:35:00,3165.25
2024-12-03 14:35:00,3199.05
2024-12-03 15:35:00,3103.58
2024-12-03 16:35:00,3172.84
2024-12-03 17:35:00,3338.22
2024-12-03 18:35:00,3444.41
2024-12-03 19:35:00,3368.79
2024-12-03 20:35:00,3055.18
2024-12-03 21:35:00,2770.06
2024-12-03 22:35:00,3093.5333333333333
2024-12-03 23:35:00,3417.0066666666667
2024-12-04 00:35:00,3740.48
2024-12-04 01:35:00,3526.25
2024-12-04 02:35:00,3362.38
2024-12-04 03:35:00,3257.87
2024-12-04 04:35:00,3243.45
2024-12-04 05:35:00,3376.41
2024-12-04 06:35:00,3680.59
2024-12-04 07:35:00,3547.53
2024-12-04 08:35:00,3655.81
2024-12-04 09:35:00,4052.9
2024-12-04 10:35:00,4373.31
2024-12-04 11:35:00,4443.05
2024-12-04 12:35:00,4469.83
2024-12-04 13:35:00,4311.26
2024-12-04 14:35:00,4614.24
2024-12-04 15:35:00,4674.37
2024-12-04 16:35:00,4598.03
2024-12-04 17:35:00,4530.54
2024-12-04 18:35:00,4388.62
2024-12-04 19:35:00,4370.64
2024-12-04 20:35:00,4109.92
2024-12-04 21:35:00,4098.63
2024-12-04 22:35:00,4177.16
2024-12-04 23:35:00,4165.42
2024-12-05 00:35:00,5569.47
2024-12-05 01:35:00,5322.07
2024-12-05 02:35:00,5046.58
2024-12-05 03:35:00,4818.95
2024-12-05 04:35:00,4619.06
2024-12-05 05:35:00,4405.57
2024-12-05 06:35:00,4210.81
2024-12-05 07:35:00,4085.69
2024-12-05 08:35:00,4057.27
2024-12-05 09:35:00,4226.3
2024-12-05 10:35:00,4524.03
2024-12-05 11:35:00,4705.26
2024-12-05 12:35:00,4953.99
2024-12-05 13:35:00,5033.99
2024-12-05 14:35:00,5363.54
2024-12-05 15:35:00,5467.77
2024-12-05 16:35:00,5313.05
2024-12-05 17:35:00,5085.81
2024-12-05 18:35:00,4901.97
2024-12-05 19:35:00,5037.76
2024-12-05 20:35:00,5174.13
2024-12-05 21:35:00,5485.86
2024-12-05 22:35:00,5972.89
2024-12-05 23:35:00,6152.53
2024-12-06 00:35:00,7401.54
2024-12-06 01:35:00,7055.28
2024-12-06 02:35:00,6741.12
2024-12-06 03:35:00,6451.87
2024-12-06 04:35:00,6085.38
2024-12-06 05:35:00,5622.64
2024-12-06 06:35:00,5239.49
2024-12-06 07:35:00,5078.57
2024-12-06 08:35:00,5142.23
2024-12-06 09:35:00,5705.12
2024-12-06 10:35:00,6241.92
2024-12-06 11:35:00,6538.81
2024-12-06 12:35:00,6850.45
2024-12-06 13:35:00,6798.41
2024-12-06 14:35:00,7497.14
2024-12-06 15:35:00,7717.79
2024-12-06 16:35:00,7504.4
2024-12-06 17:35:00,6965.05
2024-12-06 18:35:00,6305.31
2024-12-06 19:35:00,6183.35
2024-12-06 20:35:00,6319.43
2024-12-06 21:35:00,6803.43
2024-12-06 22:35:00,7468.06
2024-12-06 23:35:00,7711.51
2024-12-07 00:35:00,6747.24
2024-12-07 01:35:00,6231.22
2024-12-07 02:35:00,5863.12
2024-12-07 03:35:00,5570.5
2024-12-07 04:35:00,5298.11
2024-12-07 05:35:00,4966.61
2024-12-07 06:35:00,4842.35
2024-12-07 07:35:00,4642.66
2024-12-07 08:35:00,4764.85
2024-12-07 09:35:00,5334.53
2024-12-07 10:35:00,5706.74
2024-12-07 11:35:00,5853.41
2024-12-07 12:35:00,6025.52
2024-12-07 13:35:00,5964.97
2024-12-07 14:35:00,6445.37
2024-12-07 15:35:00,6469.62
2024-12-07 16:35:00,6226.78
2024-12-07 17:35:00,5930.21
2024-12-07 18:35:00,5732.91
2024-12-07 19:35:00,5795.47
2024-12-07 20:35:00,5946.57
2024-12-07 21:35:00,6133.59
2024-12-07 22:35:00,6469.92
2024-12-07 23:35:00,6585.77
2024-12-08 00:35:00,4862.95
2024-12-08 01:35:00,4602.19
2024-12-08 02:35:00,4397.08
2024-12-08 03:35:00,4230.74
2024-12-08 04:35:00,4122.75
2024-12-08 05:35:00,4111.07
2024-12-08 06:35:00,4258.26
2024-12-08 07:35:00,4299.75
2024-12-08 08:35:00,4408.48
2024-12-08 09:35:00,4870.27
2024-12-08 10:35:00,5258.78
2024-12-08 11:35:00,5549.51
2024-12-08 12:35:00,5429.84
2024-12-08 13:35:00,5326.18
2024-12-08 14:35:00,5402.39
2024-12-08 15:35:00,5466.22
2024-12-08 16:35:00,5348.62
2024-12-08 17:35:00,5335.26
2024-12-08 18:35:00,5252.19
2024-12-08 19:35:00,5289.34
2024-12-08 20:35:00,5309.99
2024-12-08 21:35:00,5313.12
2024-12-08 22:35:00,5279.82
2024-12-08 23:35:00,5092.29
2024-12-09 00:35:00,5086.75
2024-12-09 01:35:00,4789.21
2024-12-09 02:35:00,4571.47
2024-12-09 03:35:00,4394.37
2024-12-09 04:35:00,4196.74
2024-12-09 05:35:00,4157.43
2024-12-09 06:35:00,4267.56
2024-12-09 07:35:00,4270.68
2024-12-09 08:35:00,4366.58
2024-12-09 09:35:00,4792.1
2024-12-09 10:35:00,5065.31
2024-12-09 11:35:00,5128.84
2024-12-09 12:35:00,5127.26
2024-12-09 13:35:00,4928.49
2024-12-09 14:35:00,5112.76
2024-12-09 15:35:00,5070.73
2024-12-09 16:35:00,4969.36
2024-12-09 17:35:00,4820.77
2024-12-09 18:35:00,4785.25
2024-12-09 19:35:00,4634.91
2024-12-09 20:35:00,4358.75
2024-12-09 21:35:00,4235.64
2024-12-09 22:35:00,4274.59
2024-12-09 23:35:00,4228.62
2024-12-10 00:35:00,4182.65
2024-12-10 01:35:00,3986.6
2024-12-10 02:35:00,3789.24
2024-12-10 03:35:00,3615.15
2024-12-10 04:35:00,3527.77
2024-12-10 05:35:00,3505.57
2024-12-10 06:35:00,3538.13
2024-12-10 07:35:00,3498.41
2024-12-10 08:35:00,3446.29
2024-12-10 09:35:00,3600.7
2024-12-10 10:35:00,3885.2
2024-12-10 11:35:00,3961.09
2024-12-10 12:35:00,4028.54
2024-12-10 13:35:00,3908.73
2024-12-10 14:35:00,3992.13
2024-12-10 15:35:00,3991.03
2024-12-10 16:35:00,3813.03
2024-12-10 17:35:00,3736.35
2024-12-10 18:35:00,3729.62
2024-12-10 19:35:00,3578.87
2024-12-10 20:35:00,3588.08
2024-12-10 21:35:00,3739.81
2024-12-10 22:35:00,3440.1766666666667
2024-12-10 23:35:00,3140.543333333333
2024-12-11 00:35:00,2840.91
2024-12-11 01:35:00,2699.35
2024-12-11 02:35:00,2602.67
2024-12-11 03:35:00,2555.7
2024-12-11 04:35:00,2629.08
2024-12-11 05:35:00,2880.62
2024-12-11 06:35:00,3396.59
2024-12-11 07:35:00,3457.49
2024-12-11 08:35:00,3316.59
2024-12-11 09:35:00,3807.28
2024-12-11 10:35:00,3985.0
2024-12-11 11:35:00,4027.45
2024-12-11 12:35:00,4013.29
2024-12-11 13:35:00,3759.21
2024-12-11 14:35:00,3639.89
2024-12-11 15:35:00,3924.33
2024-12-11 16:35:00,3854.63
2024-12-11 17:35:00,4100.65
2024-12-11 18:35:00,4075.49
2024-12-11 19:35:00,3850.77
2024-12-11 20:35:00,3488.24
2024-12-11 21:35:00,3327.74
2024-12-11 22:35:00,3155.78
2024-12-11 23:35:00,3155.78
